    6    3    0    1.000000000000E+06  2.000000000000E+00  type(cx_t)
    5835  coefficients
  2.28291025853113E+01 -8.29590789011878E+02 -3.37261360948755E+02  1.81148145801207E+01
 -1.21437492075166E+02  1.30206146463381E+03  7.37343194153230E+03  1.04233110846010E+04
  8.33158652193603E+03  1.62639135137421E+03  1.10796392417239E+04  3.33403502759187E+02
  3.27129446960210E+03  5.99407155938952E+03 -2.17282569889525E+04 -2.99433351487497E+02
 -1.36260938114444E+03 -2.67149992450257E+02  2.29361931673588E+02 -1.85168422627995E+04
  1.11830504220007E+04  1.84292679179128E+03  7.48561183303399E+02 -6.78446444740770E+03
  5.18745686380101E+01 -8.48999144636676E+02 -4.61406047902464E+03 -2.07542804532125E+03
 -2.63537976801037E+03 -2.21581718806580E+03  1.13424947681124E+04  5.17667439212468E+05
  7.57050713802286E+04 -2.00924750670740E+05 -6.34837537761324E+04  5.45768782617062E+05
  6.36075533216431E+04 -1.59882877829693E+05 -3.34552917508679E+02 -5.30329306029168E+04
 -1.18749794718052E+04 -8.91717960344559E+04 -7.78664168922096E+04  2.81807575035261E+04
 -1.29156369565746E+05  8.87327946308867E+04 -4.92982054239803E+05  4.17324321715520E+04
  2.10664050917916E+04 -6.77088628912522E+04 -7.51487321391253E+03  3.27265711534903E+03
  3.57444806563975E+04  3.78691097858425E+03 -1.38389474231277E+04  6.42976329524355E+04
 -2.70136676558228E+04 -1.18129061519201E+04  8.47181078741881E+04  1.21290649463628E+04
 -2.90786537324105E+01 -1.13680888916528E+05 -9.07773131884508E+04  1.02406443853764E+04
  5.53735277421062E+03 -5.32102549284030E+03 -2.35439922938439E+03  4.43524136127542E+04
  5.08201336490601E+03  1.05946115269913E+04 -5.73615496002491E+03  3.23114792470720E+03
 -2.35083494756764E+04  8.93330020644478E+04  1.69855026910129E+05 -4.87118932030447E+03
  3.21936096331750E+04 -1.23424751526640E+04 -3.29058950439469E+03 -3.99799056653431E+04
  9.37501871104890E+03  9.98541089405892E+04 -5.14457121856611E+04 -1.08199696813548E+05
 -3.58264907958968E+04  5.03094064753072E+04 -1.01856289245824E+04 -3.30857989755858E+03
  4.35436060602859E+04 -1.33367520750252E+05 -3.73943785518317E+05 -3.89084483313515E+04
  2.77902307683925E+04  5.66727036318324E+04  2.23722798135446E+04  5.57370118012945E+04
 -9.01534327586597E+04  2.25895992204124E+03  2.49307899716272E+03  6.65793528419841E+04
 -2.49595129899073E+05  1.03713517499437E+05  1.01573473504819E+05 -4.00846707769035E+04
 -4.22770953431280E+04  5.34148311388103E+04  6.72845627078754E+04 -1.70510831148545E+03
  1.14435800440400E+05  5.45247013747882E+04  3.62721736787459E+04 -3.57844930132985E+04
 -2.92049013907476E+04 -1.20655593282048E+04 -1.13629523014114E+05  3.09337172892741E+04
 -1.52892605821695E+04 -5.60097398879786E+04 -2.19675292448854E+04  3.49852892992064E+04
  1.61306074088291E+04  5.59691440014601E+03  3.80256133182729E+04 -8.80547351938299E+03
 -1.78629662205781E+03  6.23255425888747E+04 -1.68423226005690E+05  2.77412889295657E+04
 -3.14840301702702E+04  1.25656146550918E+04 -8.38090937696832E+03  6.05762962153040E+04
  1.02134725177995E+05 -7.94811838902037E+03 -6.74208375079182E+04  4.56035713445859E+05
 -1.61384100791343E+06 -1.17886767000997E+06 -3.89286886774197E+05  6.69734311256870E+06
  5.19941694534013E+05  3.59411926174283E+05 -6.34356024775329E+05  2.72740734491531E+06
  7.40613610048704E+05 -1.15570650941274E+05 -7.69552795783984E+05  1.28327215250818E+05
 -4.23708412638019E+06 -5.18611404545364E+05  1.02825911279986E+04  6.33670704009764E+05
 -2.67720082403957E+06  5.27365680500648E+05  1.55633053285392E+05 -4.05717151345744E+06
  2.56045048648605E+05  3.99931772382991E+05 -5.45674603439684E+05 -1.62861530821216E+05
  1.72326903908412E+05 -3.80030467841221E+05 -1.61922512057487E+06  1.67047284228435E+04
  9.59166641031295E+05  5.33934171362414E+06  7.91464783040337E+04  2.70792319856434E+05
  2.39623016156580E+03  1.28308724961281E+05 -1.83218668076656E+05 -1.47835648653132E+06
 -4.06307833654041E+04  2.51294729081564E+05 -7.90577647592882E+04 -7.94941658943811E+04
  7.56756412288452E+05  9.73159767957836E+05  2.04558029815077E+06  9.01973686961764E+04
  7.41933311719317E+04  1.67467078284056E+05  2.46943970484935E+05 -1.63514645097844E+05
 -1.40603553216414E+05 -3.01153352263476E+05  1.49024003730702E+05  1.12132983260618E+06
 -1.19437772019524E+04  9.20491319428577E+03  2.01195779454746E+05  7.80948724318276E+04
  1.35350985719238E+06 -3.90829872043048E+06 -2.44539872746828E+06 -1.11410315528924E+06
  1.26952024926560E+06  2.99551537862039E+05  2.70260781598886E+04  4.14829148990140E+06
 -4.54455491352056E+06 -5.63443900553180E+04 -4.76531860332187E+04 -1.30378844579292E+05
 -1.58742400241095E+05  2.13152993999846E+04  9.05690010554665E+05  1.26483767116276E+05
 -4.85862898070164E+04 -1.06956441241476E+06 -1.62401613587437E+05 -5.07494203763920E+05
 -9.07512177981874E+05  5.09222414728748E+05  1.78271842956352E+04 -2.31151618583176E+05
 -5.38624796207648E+04 -7.75014861108588E+03 -1.37202993059314E+05  8.98422443107593E+04
  1.65790490999180E+04 -1.52319843603641E+05 -4.04512461183641E+04 -1.60011091631321E+05
  2.30092430602042E+05 -7.75396423037159E+05  1.00467184923939E+05 -6.83251243009765E+04
 -2.06812986893909E+04  1.64644232372160E+04 -1.89766421653844E+05 -3.19008025523375E+03
  6.05070337059524E+05 -3.05400097323653E+05 -3.45371982900462E+05 -1.41405942835706E+03
  4.34364583519262E+04  1.40249971168469E+04 -8.74515300003295E+04  2.27401908137776E+05
  4.52881119825953E+05 -4.08621855488629E+06  4.05724972749032E+04 -1.76429979642657E+06
  6.99934114269651E+05  3.76395020618871E+05  2.32220392902459E+05  4.08321984242632E+06
 -4.36418434394415E+04  6.33265251510200E+03 -8.21610966830989E+03 -7.01843713849911E+04
 -1.30043138754153E+04  3.33015914772990E+04  1.49310591336366E+05  2.10105917114510E+04
 -6.73114031391578E+05 -1.18026386853207E+04 -2.24093837882251E+04 -3.42110757743107E+04
  1.57468764677455E+03  1.03761573628262E+05  2.57009149173760E+04  2.53221145753450E+05
 -1.31885019375404E+06 -6.20761996362982E+04  5.13582325063111E+04  3.05249573440895E+04
  7.00752162904994E+04 -2.20005031936052E+04  3.89568379776174E+05  1.30022493094610E+05
 -4.76676058076642E+05 -6.79914751305816E+04  6.97217661134772E+05  1.19050469768543E+05
 -1.75327022535342E+05  1.88870272600843E+05 -3.31830471650131E+05  1.88905350736486E+04
 -1.45221252066263E+04  9.57676760183207E+03 -1.48714659570632E+05  6.35603766179904E+04
 -1.29940048223531E+05 -4.02744220498154E+04  1.07859724040498E+05  4.12400001787814E+03
 -2.61782176863594E+04 -3.24669297492718E+05  2.70949086656917E+06  4.30242233174019E+06
  4.16571483061617E+05 -1.46684503687305E+05 -5.25235314559374E+05 -1.20035008123988E+05
 -1.84370423758844E+06  1.21360417938026E+06  4.61160294427238E+03  1.07500020602087E+04
 -8.06590879958213E+04  1.34187929247391E+06  4.11905802407774E+05  1.21148834414978E+06
 -6.66144914163862E+05  8.94862667949644E+04 -4.05561466706401E+05 -1.47817049815365E+06
 -7.26659790408404E+04 -1.01426158333996E+05  2.53224275447650E+06 -5.90777801994616E+05
 -6.57678212181895E+05  7.13682812543542E+05  5.37149897123337E+05  1.69288988334473E+06
 -5.68575315865590E+04  1.97215786223463E+04  6.44983426372270E+04  1.21259345918783E+05
 -1.51157855470324E+05 -4.42212299148674E+05  8.87955507679138E+04 -4.80169387622477E+04
  2.83232732271235E+05 -2.37224339743452E+03  7.90794501911215E+04  1.30799299158379E+05
 -1.25352022665729E+04  5.77290807592332E+04  2.16758618555878E+05 -2.71229387006026E+06
 -1.13839928780178E+06  1.29076912517040E+06 -8.04346207053268E+05 -5.55853798139616E+06
  4.90763478081527E+05  4.26929886155329E+05  2.57881116175285E+03  1.08705856851930E+06
 -6.68235980759188E+04 -2.62042396772478E+05  1.41853590239444E+06 -5.28589562028743E+04
 -1.20874838088897E+06 -1.83329354882758E+06  1.73799237339378E+06 -1.46352693994443E+05
 -8.02826554663502E+04 -8.67345668159385E+04 -4.49177393660483E+05 -4.44239673598957E+05
 -8.84749481693774E+05  1.08093761050062E+06 -2.84290422459829E+05 -5.86349431862834E+04
 -1.07314666277934E+06 -6.03858621893626E+04  3.66735754670535E+05  5.35501804514973E+03
  1.98809819793184E+06 -1.29339472110053E+05  3.83963361777791E+04  6.71777570989976E+05
 -6.81613317944332E+04 -1.73819417472516E+06 -1.69623079028513E+06  5.77921785096690E+05
 -1.18950050663397E+05 -4.51055943917285E+05 -3.09012161233181E+05  2.33715193386109E+05
 -2.00022287676607E+05 -2.11129620148312E+06  1.09348117027560E+06  2.28240063979842E+05
  4.44764373751045E+05 -5.40364740468402E+05 -8.11425413494938E+04  6.61108172836007E+03
  7.21385013444263E+04  4.88533202688603E+05  3.30570463538523E+03  2.34900402970752E+05
 -2.28815656441757E+05  4.82319293996745E+03  7.42644438958471E+05 -6.74488812585265E+05
  2.24171937451614E+06 -1.52732465655058E+04  4.52601940757173E+05  1.42427595534509E+05
  6.43934070795866E+04  2.57350643043241E+05  1.20509460493824E+06 -3.09579255607754E+06
  7.32793382340402E+05  5.36726304735219E+05 -4.28699459531608E+06 -2.32724345989227E+05
  3.30685290844930E+05 -6.11518827717951E+05  5.37419455350435E+05 -2.88990153165885E+04
  1.75840557844242E+05 -5.87823162828901E+05  1.68497114925109E+05  1.15935570037682E+05
  2.00957060535605E+05 -8.55354774064042E+05 -8.97811549637735E+04  5.78249225257744E+05
 -1.33221950481928E+05  2.81215489158722E+04 -7.50708820217479E+05  1.49563559613531E+05
  2.33032155384744E+05 -3.04184210298995E+05 -4.54151115039698E+05  1.93178201344728E+06
 -4.39440289305520E+05  1.67217388658804E+05 -3.17387083134527E+05  3.63887027144484E+05
 -3.69120911207866E+05  1.99133007717880E+04 -6.02517336815044E+04 -6.97942309597328E+03
 -3.06062767966574E+04 -1.00765395130858E+05  3.26686553314587E+05  4.74395531754481E+05
 -7.38943872361304E+04  1.42890923692233E+05 -6.16894937791489E+05  5.89903919980524E+04
  4.82625185012958E+05 -1.39832696081567E+05 -4.55377268885834E+04 -4.09193407996778E+05
 -2.53323847888932E+05  1.17573029462617E+04 -1.61450517989313E+05  1.35368452137935E+05
  2.73200754261015E+05 -2.58375905234553E+05 -6.43176407481360E+05 -4.38323680877892E+03
 -3.08247243803554E+05  6.12113340327122E+05 -6.25981869147121E+04  2.66288352087600E+05
 -3.92746539153859E+05  1.22866513779391E+06 -1.74429555031881E+05 -1.81627470215525E+05
 -3.91422957010089E+05  7.65996873775857E+04 -2.31192664651243E+05  1.09707724557345E+05
 -1.85511139441022E+03  7.18120893427419E+04 -3.94029456298023E+04  3.54160410930453E+04
  1.69261538518540E+05 -2.26307838576453E+03 -1.41841574055744E+05  2.13225150216555E+04
 -5.58215819413543E+04  9.48303017142044E+04  4.70657450170813E+05 -9.30466261940917E+04
 -1.36228291000903E+05 -9.22767477551764E+03  2.42666147377278E+05  2.54739113469947E+05
 -5.69736393531002E+05  4.70718520136829E+04 -4.42467842740929E+05  1.05221058381746E+05
  5.07033372479637E+06 -3.06223201292588E+05 -7.73798108900727E+05 -1.17209332600035E+05
  1.64520624633622E+06  1.40657549362248E+06 -3.97729394838294E+04 -6.38889318829830E+04
 -9.44465386635602E+04  3.62767165931321E+05 -7.33632270595145E+05  5.79583094831502E+05
  7.10495262722405E+04  4.04170292348387E+05  4.63241945199882E+05  4.08571648974583E+05
  6.10929737241933E+05 -3.22250734903957E+05 -8.07233043676931E+05 -5.57950719223912E+05
 -4.18385182891067E+04  3.29459495332437E+06 -7.00060988598644E+05 -8.28395353259654E+05
 -2.03616490632365E+04  3.69465094767007E+04  1.01994460796180E+04 -1.16077098477237E+05
 -4.08051491237263E+05  3.35792720486623E+04  9.71513080474022E+03  4.45788213898352E+05
 -1.39973558682195E+04 -5.89998722053947E+04  1.27667450886110E+05  1.73716294056833E+03
  1.13149938419990E+05 -1.50128221219142E+06 -1.00848817993438E+06 -2.48028146418617E+04
  7.77494641860771E+04  3.10934008622670E+05  1.25655425498920E+04 -1.52958476888197E+05
  7.64074017952505E+07  1.47795077278183E+07 -1.16216204137453E+06  1.71783451247280E+07
  3.26803554694071E+07 -8.41043749034539E+05 -4.22641155630246E+06  4.25657080739451E+06
  3.31511098327292E+07  2.49413127688636E+06 -1.09617180905482E+07 -8.48261778635500E+06
 -5.01422652101151E+06  1.67785074517154E+07 -1.18803486316063E+05 -7.62295443633438E+07
  1.71196773700864E+06  7.95181658289935E+06  3.16958656557446E+06 -2.70248526883745E+06
 -2.44029027928150E+07  4.97933754001271E+06 -4.80019385382929E+06 -3.21902958418532E+06
  1.28961846982446E+07 -1.30145800758197E+06 -2.97457843373002E+05  1.30835541170703E+07
  1.19150729736599E+06 -3.10855665786805E+06  3.76253879788276E+07  2.39386435053556E+07
  1.05258228980465E+06 -2.80075268772544E+06 -3.18614234288805E+06 -1.72875199108197E+06
 -4.93475099815782E+07 -1.09257573226759E+06 -1.59501958040288E+06  3.02985199085064E+06
  1.31820864437174E+06 -5.44721034689178E+06  1.09081601291629E+07  7.39247747131788E+06
  3.22278828120197E+06 -3.79135968663744E+06 -2.83233745253956E+06 -2.77116752039327E+06
  1.15587002997232E+06  3.54604701944185E+06 -9.25381688552362E+06  3.81313322569047E+07
 -1.32668590665316E+07 -6.80196784238600E+05  5.00681489569161E+06  1.09572516714354E+06
 -2.28356261192919E+06  9.65550024906561E+06 -5.06646319000215E+07  7.12171841554830E+06
 -6.31784074957758E+06 -3.73388714112788E+07  1.01843239100269E+07  9.04749835599813E+06
  4.97844657222523E+07 -2.62712517128776E+07 -3.41489614868365E+06  1.99045610237092E+06
  7.75919541169365E+05 -9.55709352394455E+05 -9.90142272269555E+05  5.59746537437968E+06
  1.70055256179000E+06  1.50329299806830E+06 -2.89621416629354E+06 -1.13759807590609E+06
  8.84521914191426E+05 -3.39612917222808E+07 -4.43391178857582E+06 -8.50205757536849E+05
 -3.63485877668158E+06 -2.56785974044618E+06  4.29918153892258E+05  3.02431897937067E+07
  4.01630426498766E+05  2.09060933001926E+05 -4.04691286331624E+05 -8.95656477438193E+04
  3.12025115177848E+06 -1.20097621166114E+07 -9.11737314338244E+04 -8.16053504307481E+05
  8.86229874735171E+05 -1.18789864032466E+06  2.43932735024290E+05  3.63534851712745E+06
  1.48944208814402E+05 -3.09366840249087E+06 -7.78531081258967E+06  3.07443756808950E+06
 -8.99774966626073E+05  5.58710777102348E+05  7.16953558210800E+05 -3.93516214577998E+05
  1.74080079211459E+07  3.97697237220617E+07 -3.63359522274147E+07  1.10483098634925E+07
  1.17380019429339E+07 -1.15826491893623E+07  3.72056165453252E+06 -2.66233735916892E+07
  6.74138203240173E+07 -1.96367051116167E+05  1.18011807889209E+06 -2.23741818752819E+04
  5.22458994613112E+05 -3.59718043688220E+04 -1.26331067224686E+05  1.64876019498106E+06
  8.63071583633468E+05 -2.62859274180277E+06  2.01720871094835E+05 -6.96391491061464E+05
 -9.58375913332076E+05 -9.60942892542533E+05  3.37243656656324E+05 -2.85814496925860E+05
 -3.03377185642338E+06 -1.23335921342898E+07 -2.15442210527676E+06 -2.92286748058585E+05
 -3.45175010753186E+05 -7.09465737154582E+05  1.50619238519428E+06  1.45022261477347E+06
  2.93895569546245E+06  1.04854951734342E+07 -2.37678235709133E+06  3.99481250449566E+05
  7.46610726528114E+06 -7.14387735397661E+05 -7.45034079158143E+05 -2.01869210055444E+06
  2.71543419249062E+05 -3.45374646206158E+04 -4.48305393670803E+05  8.52734881892335E+06
  6.64026719745872E+06  8.97628142701214E+06 -3.37287440383413E+05  1.93421797195693E+06
  1.39352184754766E+06  5.14620430806563E+05 -2.16340018459375E+07  4.69648358246542E+07
 -1.56217664599180E+07  3.36391893830321E+06 -8.74229053095107E+06  2.33258593788349E+06
  1.85683446331580E+06 -5.05079094270308E+07  5.24447598734214E+06  4.90078889673216E+05
 -2.13270423051410E+05 -7.98041559706948E+06 -2.15513107096762E+07  2.31243996204172E+06
  4.00383913894936E+07 -1.36255309735967E+07 -7.00536526356711E+06  9.94971369857911E+06
 -1.32776001587665E+07 -1.14012055421855E+06 -2.39845511690950E+06 -5.14615621887463E+06
  2.27219529468197E+06 -5.97338165476895E+06  9.17730760711948E+05 -1.36126589215254E+04
  1.57815928002768E+07  6.13312755746251E+05  1.67641614373897E+06 -5.82156945903651E+05
 -6.28026485477614E+05 -8.67940417880538E+06  1.86688541233698E+06 -1.06031119295446E+06
 -2.46566307384264E+05 -2.44836292435045E+07  7.96277072322853E+05 -3.98833096873265E+05
  1.01105016495011E+07 -2.32982501471114E+05  5.45812137972257E+06 -2.79711093632390E+06
 -5.26239005495853E+05  8.86294781933759E+05  5.83864386870403E+05  9.55245558659592E+04
  5.65649409691562E+04 -3.28210347405541E+05  2.10338026147058E+06  8.14101516717476E+05
  3.80311716713222E+06 -5.42645835507846E+06  7.15868592417838E+06 -4.26850301966755E+05
 -1.40547296065152E+06  5.03555896772175E+04 -1.00120444525324E+05 -6.36545289980803E+06
 -6.69956115700750E+05  9.28343852386469E+04 -1.30554266503982E+05  1.55915244586343E+05
  1.90484810864394E+06 -3.47463686579078E+06  2.29426314711095E+06  3.20157779285662E+05
  5.20157876103992E+05 -2.59255045587736E+05 -2.84293647706063E+05  1.18584571281997E+06
 -6.64350851337645E+05 -1.36122336644363E+06 -1.38725229735534E+07 -2.34669890565640E+06
  4.09879476940244E+05  3.69928293541582E+03  2.75560611512110E+04 -1.59926350746278E+05
  9.84770878583563E+06  1.95775188054893E+07 -7.18999449885625E+06 -5.71621987220143E+06
 -2.59234086287061E+06  3.40122779281300E+06 -2.01623997614036E+06 -1.17982856063348E+07
 -1.89398254599758E+07 -3.91036976536634E+05  9.36772052734295E+04  4.20712505751919E+04
 -5.21362740125381E+05  6.44782766416475E+05  1.77845659255813E+05  4.27705380618912E+04
  4.31774170299932E+05  4.89059597252432E+05  1.38517120658291E+05 -1.14721993042100E+05
 -1.31034435142156E+04  8.72623269227894E+04 -2.05262774645563E+05  9.94102957889906E+03
 -3.16308307937408E+05  7.92120365049012E+06 -1.73657436886839E+06 -1.74428246628396E+05
  5.86222546809245E+05 -3.47335452459300E+04  1.92902778597204E+05 -3.48756657587054E+06
  5.56962844170163E+05 -1.26437846350913E+07  2.58214522809079E+06  4.61912709736681E+06
 -3.50642252006734E+06  7.64650621382657E+05 -2.03123151444508E+06 -1.08623079883399E+06
 -1.44546923907536E+04 -2.33244722466656E+04  4.67022581880400E+04 -4.07920747561862E+05
  1.21186843450304E+06  2.94699000146814E+06  2.43178588099512E+05  8.36744780752462E+05
  4.53944968563939E+05 -9.50762497172608E+04 -5.97161190057778E+06 -1.13618399481442E+07
 -1.05235784005934E+07  3.47922898925842E+05  2.61712061344480E+06 -3.46305322958791E+05
 -9.91203027517785E+05  1.28485159613958E+06 -1.35802300791593E+07  8.48947119155538E+04
 -5.44049636338600E+04 -1.56720777664640E+07 -9.94862386595780E+06 -5.86706897464653E+05
  3.72675113836002E+06  8.58357693992879E+06  3.05897932284996E+06  1.60314959519378E+07
  1.65249995380383E+07  1.41120229136580E+06  3.53212343175361E+05 -7.66614159140782E+07
  2.79342694332831E+06  7.43860905646671E+06 -2.66958959040215E+06  1.86349249452752E+06
  1.45945495495217E+07  3.23992938240235E+05  2.97160122620144E+05  1.79254439944918E+05
  2.12649850118970E+05 -6.67621982939740E+05  4.54744968464513E+06  1.52856014910519E+06
 -4.85932446087182E+05 -4.63278699655245E+05 -1.03371627692082E+06  3.85174406043446E+05
 -1.81719463242319E+05  2.08739776577959E+05 -1.20504813781996E+06 -2.90670412036708E+06
 -6.84733033558069E+02  5.74178224136087E+04 -2.28354778441236E+04  2.15552114501567E+05
 -7.72710027772214E+04 -2.12544003069244E+05  4.70032935763949E+05  4.86200789129872E+04
  1.58587599389908E+05 -5.07047544809758E+04  2.26886342141264E+04  8.17669816174406E+04
 -5.62595595048901E+05 -6.24165929039571E+05 -1.37814569904774E+04  1.12349932695825E+05
  3.89580257342830E+03  2.39546474324284E+05  3.40405153425061E+05  5.61694126613649E+04
 -1.13552916963718E+06 -1.52035996068247E+05 -3.09514297911954E+06  5.29280557259371E+04
  1.47732483533743E+05 -8.71440481836565E+04  2.62866866581878E+05  2.49551179975795E+05
 -4.17028036298218E+05  2.21096528181051E+03  4.39139787693388E+03 -7.57575772369473E+04
 -9.12496529930857E+05  5.61924145010174E+06  1.53909777469995E+06  2.72556571296983E+05
 -1.01244644885775E+06 -2.16460813654589E+05  1.68551858728047E+04 -6.78183312554233E+05
 -3.09700479687605E+06  1.30378544114002E+07 -3.51923201835681E+05 -6.27699273557417E+06
 -1.73792950779353E+05  8.14797438798128E+05  1.97611344016400E+05  2.07279478493040E+06
 -2.66403684706766E+05  1.47666985221396E+05 -4.51577566734645E+04 -6.09591437414292E+06
 -1.22920665263921E+06 -3.71164838341542E+06  1.35855589050962E+06 -1.14025890649553E+06
  4.00186557618879E+05 -7.78376844050586E+06 -2.74941720561428E+05 -2.11005899897000E+04
  3.49449913672883E+05  3.55839826653482E+06  1.04705232637820E+07 -3.00931627124254E+06
  2.99128299371853E+06  7.06639912381673E+05 -3.50019078300762E+05 -1.09176939597378E+06
  4.01880045559137E+05 -1.16377535449237E+05  4.82661476701390E+05 -4.20931629086189E+05
  3.85279139201080E+05 -4.81772418752797E+05  2.42035049845255E+06 -1.60449376497497E+04
  2.91995586007571E+05 -2.80753313214251E+05  9.62948770581408E+04  1.03334144167642E+06
  3.55624439115627E+04 -6.73850012420081E+04 -5.16894736198585E+05 -4.56066720985811E+05
  4.69109280325504E+05  2.62692310197721E+05  2.24788259133546E+05  1.88111083652169E+05
  2.47662215332396E+04  2.40433292706722E+06 -1.48941611332617E+07  3.61549214195948E+06
 -4.57188183187008E+05  1.16053176583012E+04  2.66257682437231E+05  2.68683454067988E+04
  1.24611616398338E+07 -3.68619029101122E+06  4.84176040355618E+04  3.29859035084786E+04
  3.32450471118045E+06 -1.80056451498011E+07 -3.11661753777205E+06 -3.81668322447428E+06
  5.39078773208794E+06 -7.24100873961453E+04 -3.57715416797400E+05  5.93648477491488E+06
  8.90344385356357E+05  1.31060237101864E+06  3.45635015994195E+05 -3.49392781827589E+06
  7.34359940458754E+06 -5.50226704779009E+05 -1.54537180052149E+06  6.76555582798247E+06
  2.76967196408850E+05 -1.36088070135585E+06 -6.10568874093107E+04 -7.91007280822119E+04
  2.91799279015319E+06 -8.43616210376829E+04 -6.58807096757064E+05  2.22186714790889E+05
 -5.20592123970364E+06  1.82998018887962E+04 -3.76082515667304E+05 -2.35629832056998E+06
 -7.78299417647887E+04 -1.88209476007651E+06  1.20270526603297E+05  3.94629962325706E+06
  2.79155182922667E+07 -1.10515604300658E+06 -1.08823005891596E+07  1.91440913865262E+05
  1.24933305223386E+06 -6.82300152325782E+06  1.73599815946738E+07  2.78225729270369E+05
 -1.73931704689730E+05 -1.38581431251700E+07 -1.15892261939976E+06  9.91511203653253E+06
  2.50499918712985E+06 -5.37868876491317E+06 -2.32053015091014E+07 -1.97406447896011E+05
  2.41573081082203E+06  2.56807701553299E+05  3.39042246615669E+05  3.58203755060728E+05
  1.30952930250266E+06 -4.10112984925816E+06  2.15300091493395E+06  9.44658313822300E+06
 -3.23787301454408E+05 -1.49225076793706E+06 -3.53562039769772E+05 -6.70696489228327E+05
 -3.57090561558464E+05  2.66119758101405E+06  3.10561003727794E+07  6.21593340220702E+05
 -2.24872900650236E+06  7.98345293322598E+06  9.62721912693568E+04 -2.31967469486467E+05
 -6.66474362426900E+05  5.86309027858326E+05 -9.09168007625392E+04 -1.03412796512428E+07
 -1.05155923424488E+05 -4.77088155746741E+04 -2.23293621530749E+06 -1.64081802744281E+05
  4.06237704403048E+04 -3.95761857904785E+06 -1.23699515457264E+05  4.85896932408322E+05
 -6.65547497036013E+07 -5.98956944763269E+06  2.10007485208429E+06  1.43775251287089E+07
 -2.73254944511654E+07 -2.83268896288497E+06 -2.91125339024848E+06 -4.84917627506194E+06
  1.35470047536874E+07 -5.38389386068408E+04  1.76150533197233E+06  4.06139471528165E+06
 -1.10630250187604E+05  1.88725931236384E+07 -2.48010708481490E+07  4.70847053839653E+07
 -2.52262962971451E+06 -5.76096335911569E+06  2.94761048342251E+06  8.96491665623545E+05
  1.80491387389081E+07  5.17185403459953E+06 -4.59143481504743E+06  1.83936795274066E+06
 -1.60329208047689E+05  3.31213923418097E+05  3.57508931071113E+04  5.40173025595366E+06
 -6.18103267874885E+04 -4.75942157180734E+06 -8.93493889280174E+06  1.29034909484846E+07
 -1.19602366189058E+06 -5.75546855904711E+06 -2.14646758382109E+05  2.43173980781649E+06
 -1.38215986434339E+05 -5.97109694980317E+04 -7.66675156215402E+05 -1.29430792720529E+06
 -5.40796341633585E+05 -4.35588634534506E+06  4.81453549148220E+06 -6.93827424908558E+05
 -1.16436182439312E+06 -2.10530766338064E+06  1.07434298196821E+06  2.38662642360524E+05
 -2.41163454278453E+06 -1.45295219036491E+06  9.46797345028856E+06 -3.54254023360801E+06
 -1.79391210881043E+06 -1.33675888014868E+06  3.18679961238883E+06  7.70110305906962E+05
  6.44510794187839E+05 -2.49417842786316E+05 -6.20451635139642E+06  5.85628309250763E+06
 -1.34011946698539E+06 -2.03730781579714E+07  1.09703312786496E+06  2.00001133231788E+06
  5.23890917948631E+06 -5.74299052098130E+06  1.88653723999258E+06  4.14482937798603E+05
 -3.04425514313209E+06 -6.69146056478962E+06  9.48764174739670E+06 -6.03822065117962E+06
 -5.00359573978168E+07  1.08608982900467E+06  8.17524897994018E+06  1.30623797445752E+06
  1.44296014851295E+06  2.48865067352476E+06  1.26607944354056E+06  2.71245612818202E+06
  1.55696946525882E+06 -8.16877487448472E+06 -2.77458843932645E+07 -1.31852856856962E+07
 -1.47918585777664E+06  7.58926352410974E+06 -4.68918119940233E+06 -1.53765054239808E+05
  1.84163719829834E+07 -1.57834964803043E+06 -1.10891538875388E+06 -5.00555046736034E+05
 -5.83684746130858E+06 -1.11819866394296E+06  1.77368486999133E+06  7.48932050067792E+05
  9.93759585692650E+05 -1.20628544082438E+06  8.07338466061594E+06 -1.07069509272368E+07
 -1.00572143322198E+06  2.57069556416679E+05  1.35254446776225E+06  9.71686844958319E+04
  1.58807529149105E+06  6.58338272758474E+04  3.46770143845229E+05 -1.02509920102359E+06
  3.13172237345712E+05 -3.38105943659329E+06  4.15306509203425E+06 -6.81362337210868E+06
 -8.92373585755127E+05 -6.36046083329647E+05 -1.12350187940981E+05 -1.82368955027700E+06
 -2.38897940057481E+06 -7.10028396712716E+04  4.42479009321577E+05 -4.67605366288560E+06
 -3.00767445041096E+06  4.72679660429109E+04 -6.65175696259965E+05 -6.55281431893653E+05
  4.20263184362133E+04  1.41350557984746E+07 -1.21203016083523E+07  1.11169008482854E+07
 -2.07810499852801E+06 -7.93165918213892E+06  3.47073018016143E+06  2.25277682423116E+06
  7.27744764321220E+06  4.33029069878144E+06  3.04596119782914E+05 -3.95042737898591E+05
 -2.39373646059410E+07  3.73793150066958E+06  1.38011711803942E+06  7.21637154200541E+06
  2.79248013406659E+07 -5.49311044681488E+06 -2.57374978840418E+06 -3.83223523908487E+04
 -8.12110914427025E+06 -1.55541574711332E+06  2.83408316678782E+04  2.12027283980518E+06
 -2.63339711334578E+06  5.66295326117982E+06 -2.23032698392779E+07  1.75997780585725E+07
  1.25639598044509E+06 -4.47473981159321E+06 -1.30015586896010E+06 -3.26971117139593E+06
  9.26823281541572E+04 -3.60223591217664E+05  2.16340189754163E+05 -9.76929746123889E+05
 -2.76101776255451E+06  1.44270780336260E+05 -2.66530805996815E+05 -1.37775799955429E+05
 -6.61925444063720E+05  6.08920810822141E+05  2.07198792883135E+07  1.12584036738902E+07
 -1.12986971808517E+06  3.26316344338142E+06  7.41102899819645E+05  9.31739735002269E+04
 -1.73566469985092E+06  6.44706643433713E+04 -3.57007396269955E+04  1.67538891464505E+05
  1.01392552448251E+05  1.48961488385936E+06 -1.37843441332656E+06  1.52603014300710E+06
 -7.06269890841367E+04 -6.51110158699398E+05  3.70950649465198E+03  2.67586058655195E+05
  9.59922195439880E+05 -1.34036081182296E+05 -6.32129705457190E+06  1.01003023925082E+07
 -7.19572325671498E+06  1.05707638507907E+06 -2.13557749020918E+06 -7.18451175877338E+05
  4.73807586923711E+05 -8.05857209988709E+05  2.22964832182922E+05 -1.43793849122279E+07
 -1.09049977397376E+06  2.68725596944533E+06 -5.24955230970500E+05 -2.19632459283432E+06
 -3.61196564863224E+05 -6.39276700943118E+06 -1.57898702402507E+05 -1.26623121991062E+05
 -9.59933251638052E+06  1.10181574205745E+07 -1.80767511720603E+07 -1.25699070993881E+06
  8.76045180896941E+06 -8.41873418667854E+06  9.13248252241228E+06 -3.77112143942953E+05
 -1.50013066015950E+07 -1.72414537668554E+05  4.97743167663661E+06  1.75686349516903E+05
 -1.15396112738608E+06 -1.03161317591352E+07 -1.76999702326428E+07  2.38556266756524E+07
  1.52373634252557E+06  1.00387842649678E+06 -4.02987783963217E+05  1.73863697165763E+06
  1.02163342367084E+07  1.53458978696421E+06 -2.57569482456874E+06 -7.54939504465694E+04
  8.48565411979797E+06 -3.68499898883319E+05  2.35680589976480E+06  3.16381979932008E+06
 -7.47765169477868E+05  8.57581229803632E+06 -1.22109971280899E+07  3.64167424252236E+05
  4.15906391943258E+06 -6.21126107227676E+06 -3.33135398490831E+06  1.48107415760133E+06
  7.92272739535069E+06 -1.33759167210357E+05  6.35089804001750E+05 -2.38069662165488E+05
 -1.26493662905565E+06  2.72365551779433E+06  1.43459267991014E+06  1.08865995859096E+07
 -1.16274671298822E+06 -2.07500180331169E+06  1.40054713408428E+06 -7.57137805441904E+05
 -1.18692859464462E+06  2.12746809532982E+05  9.83562186127009E+06  3.60892403776817E+05
  1.92505774141399E+07 -1.09842129158034E+06  4.90739846912242E+06 -3.89707378943277E+05
 -3.75683087908857E+05  4.66449190649512E+06  1.20583895471174E+07 -1.48038240251575E+07
  2.21522224263144E+06  1.58281377423154E+06 -2.24827811111476E+06 -4.33094701070531E+06
 -1.02051017537064E+07 -9.07861432908101E+06 -8.49768416357398E+04 -4.89794846963228E+05
  9.50019616389989E+06  1.41487378433845E+06  1.06837507409513E+06 -5.28084673768777E+06
  6.39092546029162E+06 -6.92155752893701E+06  2.03303006814300E+06 -7.49413456399152E+06
  6.52806834330426E+06  1.07481563838093E+06  1.54659683173216E+06  1.20047526079649E+06
  2.87535295967633E+06 -9.76964693064640E+06 -4.78409411388559E+06 -2.33038802767183E+06
 -6.13471810871854E+04  2.69211514643601E+06  1.04974145700330E+06  4.83114170879321E+05
  1.53360609448809E+05 -5.48919706466746E+06 -4.87357244632019E+06  2.29243856638886E+06
  1.41836129047601E+06 -1.07781659879319E+06  1.17343343921510E+06 -2.71038541098043E+05
  3.72402117842164E+05  4.80552759156416E+06  3.66491501785802E+05  1.06845574056615E+06
 -3.86528203759533E+06 -1.14914957629157E+06  7.32729941196799E+05  4.93627025260215E+06
  3.97953466674926E+06 -5.93527913846621E+05 -2.09867426826125E+06  2.52901979876944E+05
 -1.52217767911523E+05 -3.08747585920192E+06  3.82749748945566E+06 -4.93256522886844E+05
  4.41236788183730E+05 -1.64917898444289E+05 -6.43166715704769E+05  3.36045308093072E+05
  1.51385389824484E+05  6.52973876114959E+04 -3.30508607017400E+05  3.75993372496726E+04
 -2.09193026753161E+04  1.31208069632801E+04 -1.48832654354691E+05  6.53305310508766E+05
 -1.59124781520003E+06 -2.11985135537601E+06 -9.40903561031675E+04 -1.21367735511644E+05
  1.73286143730341E+05 -7.05605181351072E+04  3.37658475374361E+05  4.61731163859325E+06
 -2.68003583781423E+06  2.67459424299222E+06  9.71148395001985E+05 -4.27327157714861E+06
  5.79959556407407E+04  8.20259507281803E+05 -2.72895958720194E+06  5.58854802816525E+06
 -5.77094023961787E+04 -1.09035805419380E+06 -2.85922567754507E+05 -1.33259686512034E+06
  4.71426352774424E+06 -4.83941450973838E+04 -3.27732225903510E+06 -1.89569355783061E+06
 -4.54417081063781E+06  1.43886534018389E+06 -3.13502198880280E+05  9.41215179280668E+04
 -1.33532249263451E+06  2.35885602133549E+06 -5.08756980861933E+05 -1.35099924297576E+06
 -6.93914340368748E+05 -1.65500784566443E+06  2.54815826899890E+05 -2.21993266227861E+06
  3.28070517934008E+06  1.94659418802089E+04  1.01384889370369E+06 -4.24436555912441E+05
  6.65183395055754E+04  2.19666460269113E+06 -3.47889392217853E+06 -1.14663136298391E+05
  5.81000481670400E+04  7.53170981190834E+05  7.30610243083974E+03  2.80451252032386E+03
  9.35595169875728E+05  8.31138898898939E+06  3.34114023029151E+06 -3.44002036061279E+06
  7.60379822569321E+06 -3.60953482744115E+06 -5.50408023795565E+05  2.80800030454511E+06
 -4.69638800660612E+05 -1.27982621697082E+05 -2.27685656931917E+05  4.75315638237969E+05
 -4.22253489896115E+05 -2.52922958679105E+05 -1.83673217387807E+06  2.05938079850557E+06
 -1.16048329207172E+07 -6.94957912328548E+05 -8.35881735352680E+05  2.89407463699189E+05
 -1.22658382141179E+04  2.56404709990709E+06  5.61893448248584E+06 -1.68612562524176E+06
  5.96338841308370E+05  4.39839369168260E+06  1.16371595969415E+07  1.31747334875893E+06
 -3.03287846722676E+06  5.12517278363397E+06  2.27337212110916E+06  4.48535548343996E+05
 -7.79431312070248E+05 -1.40484089824625E+05 -1.47326647422530E+06 -6.45281383390324E+06
  6.20868877229931E+06  2.75929284340615E+05  1.03817477092528E+06 -1.03105317588554E+06
  7.37620041383045E+05  5.38229220251809E+05 -7.26281247037513E+06  1.15501849584108E+07
 -1.28387990386963E+07 -4.43008269064923E+06 -1.84277632944837E+06 -1.18215529670398E+07
 -3.22739166525690E+06  2.15809510531258E+06  2.30347072345172E+06 -2.89530852204175E+06
  6.55965761036862E+05  2.49889168959284E+05 -2.15747903481523E+06 -2.38758054031668E+06
  2.21786023765221E+06  1.59496132289443E+07  9.38575441937858E+05  1.43676375155259E+06
  3.81734165672170E+06 -1.66520161643833E+05  1.15487659275435E+06 -2.94640309552435E+06
  5.06796593196644E+06  3.58528107687057E+06  1.19529350565302E+06  1.05892724801083E+06
 -3.54256032908569E+06 -5.08169062972172E+04  5.68839475538396E+05  1.26601755861025E+06
 -2.36170177921954E+05  8.97385354447087E+03 -5.65537807624952E+05  1.27103785388868E+05
  3.00245841968808E+05  6.73091693620231E+05 -3.22970383121502E+06 -6.87004338035311E+06
  2.31792845315507E+05 -2.80577326792890E+05 -9.19813904129295E+04 -2.78950781564864E+04
  8.17911711267350E+05  5.72348594317343E+06  9.55236640085269E+05 -6.00387215259870E+05
  1.91474632728230E+06  8.56813331647670E+06 -2.53051271546350E+06  5.38102631450442E+05
  2.41758152512335E+05  7.16513729892287E+04 -1.20170288604135E+05  5.88406745434202E+05
  3.03986287767738E+05 -2.39313814134626E+06 -2.09195825061384E+06 -3.65759109441370E+06
 -7.14790094993612E+06  1.03909013609759E+06  9.51779755201584E+05 -1.63267099127607E+05
  6.33271905279396E+05  1.36636487876195E+06 -4.18288569890937E+06 -2.66905847726212E+06
  4.92707342452141E+05 -1.59278595846743E+06  4.29981869529721E+06  8.34200123567156E+05
 -4.93468394754949E+05  4.04090431037469E+05 -2.01214231829953E+06  3.63795764227440E+03
 -6.07792219930950E+04  3.60290373259408E+05  9.08439459149680E+04 -6.71980255602686E+05
 -1.71494331498259E+05  3.82609441877518E+05  1.83955356957567E+05 -8.66979413411883E+04
 -1.15319195000695E+05 -8.79598006039491E+04 -4.72385100885927E+05  3.27048464668926E+06
 -3.08397462310963E+06 -2.25964153239042E+06 -1.37603992771925E+06  5.66115040289576E+06
  3.30726602306332E+05  7.79920058081588E+05 -9.81022481379465E+05 -7.20668754763253E+06
  1.65928681632263E+05 -2.30890237488219E+05  3.01617661058274E+05  7.34963996422454E+05
 -1.52978192376765E+06  6.53999979818428E+06  3.84769767788741E+06  5.25619182388336E+05
  2.89728874755908E+05  1.13152250136345E+06  5.70539856028408E+04 -6.08193557218459E+06
  2.22434413419145E+06 -1.43631455634641E+05  1.44961096226778E+06 -1.12316083896229E+06
  2.29714082942807E+06  1.69452836301031E+06  2.79595972580874E+05  2.66242735923690E+06
 -3.58237083902646E+05 -1.60664746441183E+04 -4.88316116354711E+05 -2.56411710695956E+05
  1.16957683811441E+06 -7.81776160168630E+04 -3.85935858031052E+06 -4.08569914511081E+06
 -3.40379462221111E+05 -6.55719682145152E+05 -7.00813587491083E+04 -1.37032158547499E+05
  9.50087928401316E+04 -4.03507265308365E+06 -1.36915624561543E+07  1.02340297695695E+06
 -3.05152318814167E+07  1.38725923083652E+07 -2.95227190717802E+06 -3.74346651129048E+06
  7.74390318348307E+06  2.59688409029086E+06  7.81659870674609E+05  1.99108266402732E+06
 -1.65293565915362E+06 -3.66101028792865E+06  7.89511047037929E+06 -3.22823646188693E+06
  7.18699826780596E+06 -1.55360512087870E+06  1.32208662675446E+07  1.30340030649513E+06
 -2.94737712722651E+06  1.77264242141020E+06 -3.06971303681153E+06  3.78417074950167E+05
 -3.97602821945400E+06 -5.68978834621534E+06  8.56370644779325E+06  3.14158559454234E+06
  3.88141998043843E+05 -9.03893147303538E+05 -5.15590035694395E+06  1.18790644602499E+04
  3.14708532250447E+05 -1.19780694823388E+04  9.71295567897595E+05 -4.43784604836300E+06
  1.88163383386244E+06  3.74047583719699E+06 -2.28773959915468E+05 -9.24576129032055E+05
  5.80466492919091E+05  4.38508592872635E+05 -6.11721655277165E+05 -2.30882633497678E+07
  1.34221769299117E+07 -3.69597507489980E+06  4.27845195274368E+06  2.12510677577667E+07
  3.31366943585420E+06 -6.04419097544689E+05 -5.79320559934286E+06 -1.41843380609992E+07
  9.91112322717937E+04 -1.00925915345699E+06  5.92806913187723E+05  1.67486610587310E+06
 -1.06289406527022E+07  2.99652425372108E+06  3.76562261927227E+06  2.76364889492089E+05
 -6.78874387684328E+05  3.84694954104367E+05  6.70186104307358E+05 -1.80613367804745E+06
  2.32095832400887E+06  1.04388880141399E+07 -1.18072490617666E+06 -8.74867766899283E+06
  1.54877976008515E+07  8.64783330839182E+06  9.33335146694007E+06 -4.79397318209507E+06
 -2.71829634419755E+06  5.31004832161654E+06 -2.43091855121923E+04 -2.39288560591433E+06
  2.54519589042458E+06 -1.35696890235651E+05  9.90013351390495E+06  6.08012476795564E+06
  3.23011998672113E+06  3.47455434580488E+05  3.58324265218839E+06 -9.82911786952722E+06
  5.80805170978647E+06 -2.10134477038474E+06 -1.73039044232851E+06  3.15377138539415E+06
  3.58931338334950E+06 -5.52786516892088E+06 -6.88802176612835E+05  7.56352318855944E+04
  1.81694548479657E+06 -1.56960813390470E+05  2.66568240138308E+07 -1.16280152619363E+07
 -2.69904997221388E+06 -1.79721671276233E+07  9.93767654347368E+06 -2.02437244521815E+07
  6.73194513050941E+06 -2.60256917176163E+06 -2.37755470937462E+06  9.78156222552980E+06
  7.06157916407420E+06  3.77829700692979E+06 -2.98300026953391E+05  1.19820325446980E+06
 -6.09688100307441E+06 -3.57373130711952E+05  1.22231439560602E+06 -1.22964295050996E+06
  1.28209055633536E+06 -1.42642172591008E+06  1.92006421079840E+05  6.90272852777693E+05
  1.24024872474756E+05 -1.21337134611350E+06  8.25921458148696E+05 -1.59201256685119E+02
  4.34247236686471E+04 -3.17639513595286E+04  5.77958631504339E+04  1.92356599363430E+05
 -2.13398188925925E+06  1.31670342756181E+06 -1.85930664969752E+06  2.56317099008917E+06
  3.73946709043872E+05 -1.68961422138867E+06  2.34434040464901E+06  5.23811641226527E+05
  1.69654946745298E+06 -6.92151817125822E+05 -2.49358933826946E+05 -1.08578236719701E+06
  4.90483464623965E+04  3.14692426638654E+05  6.09843520916735E+05 -1.70376913838724E+05
 -8.95662984840823E+04 -8.83450262753675E+03  8.52003715307744E+03 -1.20474701064658E+05
  3.62219932197227E+06 -2.27560352242142E+06  2.30363807021216E+05 -3.88852257826956E+06
  4.39266036789433E+06 -2.91439813601918E+05  2.99609180547584E+05 -1.28013793516732E+05
  3.38889329895590E+05 -1.95888961675861E+05 -1.02415405794905E+06  2.09584376888303E+05
  8.38747207279153E+05  1.66017832796654E+05 -1.46802134753620E+06 -1.14172355717271E+05
 -1.43935532327805E+06 -6.16367527490385E+04 -3.19324356361611E+05  9.76650128270168E+05
  2.60032202584719E+05  5.93528509038897E+05 -2.85193680969478E+05  7.00770812354135E+04
 -6.72417555447154E+05 -3.31109433261572E+06 -6.75059758482918E+05 -1.85215688974887E+05
  4.17016323854905E+05  5.13162632716873E+05 -2.62015108284256E+06  5.27371482489476E+06
  8.84705241109585E+03  6.11386173443274E+06  1.13182821610707E+06 -7.67689552783686E+04
  1.03599359416066E+06  2.66239802155122E+06  5.58238713573465E+06 -5.48166747383665E+06
 -9.49258563787104E+05  5.42314656265565E+04 -6.36531015152916E+04  3.07026124605494E+05
  5.50472588981779E+05  2.28055799704952E+06 -1.00827307971964E+06  3.28779608856313E+05
 -8.24953496689350E+05 -4.75315650725903E+05  1.76442228066677E+07 -7.86301571124469E+06
  1.97386962886505E+06 -3.13087687830478E+06 -1.43906681670077E+07 -1.72462957238114E+06
 -8.07136397816617E+05  7.56288112901155E+04 -4.12556026183949E+04  2.96538857189070E+06
 -4.24772185105098E+06 -4.27808013664565E+05  3.49818918397190E+05  1.10595314043343E+06
  4.66861226112351E+06 -7.61250292261320E+06  8.63474695664761E+05  4.54486349348881E+04
  2.98570764956259E+05 -2.99276757190411E+05  9.84838939211496E+05  7.41670879912780E+04
 -1.15045408703176E+06  8.60322267235861E+05  3.28426723326882E+06  4.29069919280576E+05
 -7.51199421806551E+05 -1.25525529961533E+06 -1.30298487479948E+05 -1.05405557043456E+06
 -2.03716946246813E+06 -8.78880005835738E+05 -5.29926729440877E+06 -7.66849120872349E+05
  1.50253920229963E+06 -1.45281076616000E+06  3.49695680333843E+06  3.13168769003931E+06
  4.27593194637311E+05 -2.40511554660586E+06  3.24779907769266E+06  1.75114834518952E+06
  1.21508645488972E+05  2.83886442807994E+05 -2.07595623493687E+06  5.61617841195032E+06
  7.56958577495465E+03 -2.59592852260047E+05  3.86102649181217E+05 -2.21548917988936E+07
  6.74453023348201E+06 -1.10431258456331E+06 -9.46097322887177E+05 -2.12869648620383E+06
  7.58820208289961E+05  8.21153328820904E+06  2.57038374545773E+05  9.63343035349490E+04
 -3.23109411427285E+04 -3.44458064009690E+04 -2.32215352074780E+04  1.47632538673387E+08
 -3.55175518977339E+08  8.24303674212500E+07 -5.46851786013660E+08  1.16341381397722E+09
  2.39575157900089E+08  5.25410558123745E+07 -3.09329149796567E+07 -1.69302868147651E+08
  3.82776299563938E+07  1.88991706090316E+07 -1.28559108790787E+08  7.72695991963969E+06
 -2.47933815715693E+08 -1.29205991407734E+09 -3.05321279505433E+07  4.23558721283792E+07
 -6.45775922939965E+07 -1.92179130928331E+07  1.63133520476244E+07  9.79561836542193E+08
 -9.16488360527270E+07  5.39572412728434E+07  1.37805509081638E+07 -1.35830889176455E+08
 -6.15977622874800E+07  1.96994427914027E+07  1.82961010720691E+08  3.65304667107448E+07
 -9.04239061350273E+07  1.14133729246403E+09  3.46184617988548E+08 -1.16923103013816E+07
 -1.16140639286383E+08 -1.85869237036484E+07  3.65569437390865E+07 -9.54288620041896E+08
 -1.35092396156652E+06  3.20306639076715E+07 -1.46640440684386E+07 -1.00990576657628E+07
  4.97246506609643E+07 -7.99332441237500E+07 -1.42279160505643E+08  5.28038405156577E+07
  4.08769179536190E+07  3.08892640013658E+06  6.17824649494445E+06  5.39933922941475E+07
 -5.21987428376862E+07  1.53311594111590E+08  5.05918861012108E+08  1.83254190311319E+08
 -2.23928915058239E+07  3.35063665378861E+07 -2.18436067219567E+07 -3.55137033458139E+06
 -2.38500347533657E+08 -6.36909280227954E+06 -2.03696366639778E+09 -2.00804137097700E+08
 -6.95392890169010E+08  1.72121800099806E+08 -6.38514178659447E+07  7.52784134126806E+06
 -2.76881701932768E+08 -1.33084853441488E+07  8.62035580415883E+06 -7.08980528791829E+06
 -3.03243918441356E+07 -1.66912424813383E+07 -5.57393683489199E+07 -5.53325145850041E+06
 -6.80674130685221E+06 -7.80087474022257E+07 -1.39266601875473E+06 -1.12107970353104E+08
  5.22008155805801E+07  3.15508736803242E+07  4.21496591950462E+07  5.38664649445297E+07
 -1.03164782461865E+05  1.16574505907638E+07  3.56666817026284E+08  3.15374354473988E+05
  7.39818816173601E+06  1.99323659496673E+07 -1.87461302788573E+07  2.94810855834492E+07
  9.86318005962322E+06 -1.94554456958180E+08  9.23247733283859E+06 -3.23335420918698E+07
  1.95327758155806E+07  1.01701961237924E+07 -4.82004538450961E+07  2.71725444180945E+06
  5.73215628727513E+06 -1.93501492647664E+07 -1.45686403171096E+08 -1.92289684534183E+07
 -1.89714900331984E+07  6.64779524102659E+06 -1.61474916991126E+05  4.35527086249150E+08
 -7.42147793509720E+07 -3.12642358200458E+08  5.31338828751811E+07  3.63425352090655E+08
  6.60533623178899E+07  2.48527901786242E+07 -5.68096327203210E+07  1.25320591888826E+08
  6.01931114589257E+06 -1.09674461861843E+07 -2.05290875119595E+05  5.58053478273694E+06
 -2.15722235886213E+06  3.23300111052139E+06 -2.77923046232489E+07  4.15591013956652E+06
 -7.15315552438253E+07 -1.23516836977121E+07  1.06182450294595E+07  5.71617241014479E+06
 -1.32736342947870E+07  1.06255884111152E+06  3.21080436691891E+06  7.45834795133729E+07
 -1.64832131676845E+08 -6.58055497623182E+07  3.14566848065453E+06  5.59002006382573E+06
  3.30425111605255E+07 -3.27947493724655E+06  4.50944143179482E+07  1.84279601032573E+07
  2.07875729464526E+08 -1.14039153029017E+07  1.34098016518705E+07 -2.94348435854092E+07
 -2.53264891436979E+07 -5.27860956608845E+06  5.09249234017844E+07  2.45529334500368E+06
  6.05598478089593E+06  4.74002786406686E+06 -3.60813438587098E+07 -1.63481907593917E+07
 -1.41143246802004E+08  1.75836064816260E+07 -2.21733324226613E+07  1.40450755805498E+06
 -1.08402473271620E+06 -1.44693758355207E+08  5.01372840199783E+08  6.33527158790272E+08
  1.16850177236696E+07  2.30016179604463E+07 -1.23905278472472E+07  1.40019129448987E+07
 -4.95995802844784E+08  1.04259974807541E+08 -6.44732227073965E+06  8.72128367619385E+06
 -4.84385837047386E+06  2.13278625912776E+09  1.42863379153889E+07  1.44464175430561E+08
 -1.17905929953333E+08 -1.81818623964319E+07  1.63375179317328E+07  3.77322777581243E+08
 -7.47179593939510E+05 -5.51271233937216E+06  1.02782450045198E+08  1.19370456517420E+08
  1.18856934613857E+08  4.02821172185380E+07 -2.57052434981474E+06 -1.64585981888707E+09
  3.28532492373619E+06  4.49369908798214E+07 -1.63782992090594E+07  3.85436045799896E+06
 -1.68207693676401E+07 -1.06821329532418E+07 -1.78090251723434E+07 -4.63889135852388E+06
 -1.44137844059355E+08 -1.00043500994437E+07 -2.08399229781123E+06  1.02762544217203E+08
  1.54666548567245E+06  3.23722486719736E+07 -1.17918658196852E+07  1.41448589890503E+07
  1.70863818939772E+07 -1.84790621044015E+07 -4.43827881412532E+07 -7.36057756351994E+06
  5.11212673660466E+06 -3.64008168544307E+07  7.57959727938402E+06  5.76237303093250E+07
  3.82671770809358E+08 -1.61511025685151E+07 -1.47631413520762E+07  7.42771899604143E+04
  1.26030458078094E+07 -5.63591077965781E+06 -2.66412395157415E+08 -5.52440360200337E+06
 -7.83490466509828E+06  1.78823452534925E+07  5.90815780810168E+06  2.06068810259120E+07
  7.57077084941313E+07  1.76334563283059E+07  8.13240825391613E+06 -8.60693242362849E+06
 -3.19830452194818E+06  2.34292042508649E+06 -2.51424669897049E+07  1.21230249322514E+06
 -3.17913554629641E+07 -1.81979262270701E+08  1.41092448293498E+07 -5.23954323016342E+05
 -1.32149957204766E+07  2.56603869925309E+06 -2.01690677268272E+06 -1.08694977017585E+08
 -6.00947726549517E+07 -4.32599144104765E+07 -2.49960437453112E+07  1.07714587012916E+08
  3.69889929599384E+07 -1.89764454043285E+07  4.05741379394388E+07 -1.30458573773504E+07
 -7.78982915181410E+05  9.90929397198406E+05 -8.63570175222804E+03 -4.33011756395790E+06
  3.00271582183411E+06 -2.87509158691372E+06 -3.03984301678566E+07 -2.11610458811104E+07
  7.21241751037267E+07 -5.81694510272584E+06  1.53023098469220E+07  8.60469132616863E+06
 -1.93131372522625E+06  4.03615420862331E+06 -6.66379494101516E+05 -6.52178525563359E+05
  1.16066370303795E+08 -4.98195804181128E+06  2.54339433505381E+06  1.03945116373293E+07
  1.86453375221641E+06 -1.01693567307036E+06 -4.84327626235034E+07 -3.63280257760395E+07
 -2.19439686251256E+08  3.74467211831027E+07  5.03343589499537E+07 -4.95581941135019E+07
  1.01064349791942E+07  1.69276858470801E+07 -6.50554536833744E+07 -2.46910996049213E+06
 -9.32871804715028E+05 -4.19422396131975E+06 -8.14592140472776E+06 -8.05409243669351E+07
  3.90691456296472E+07 -9.23379755677306E+06  9.72540675077910E+06 -2.24375425030668E+06
  1.07559787651744E+06 -6.72754539645721E+07 -1.41963993832821E+08 -1.33471710621150E+08
  8.10120437354438E+06  1.39929997308585E+07  2.00163501692140E+07 -7.08156346592854E+06
  1.29584048238892E+08 -9.54862914030395E+07 -9.33819696106716E+03  3.48790562201626E+06
  3.86417065979595E+06 -7.10952586343703E+08 -6.04880396798901E+07 -3.86646742871168E+08
  5.42093153342827E+07  7.22023625886938E+07 -2.29960947201498E+05  2.75251180571014E+08
  9.25655627825923E+06  7.21631240573090E+05  1.91207061756626E+08  4.10053297958625E+07
  4.97271280784209E+07  3.67692367594624E+07 -5.81942963918194E+07  6.78070857553393E+08
 -3.89531407135645E+06 -7.33314322411071E+06  2.07218329730098E+06  3.34646834861412E+06
  1.61987376920686E+07  1.55610027502133E+07 -1.16191708871045E+07  1.99890092599234E+06
  2.85619284582093E+08  7.38047429279803E+06  1.50073998377625E+06 -1.01652102874953E+07
  4.17497738321005E+05 -3.54825266956445E+07  8.69452619098361E+06 -8.39700793097270E+03
  1.76470908325473E+05 -2.39569034998736E+04 -5.43446018235381E+06  5.01536453757152E+05
 -4.61832855856214E+05 -1.95552449656876E+06  9.97799764776428E+05  1.32297814103678E+06
 -3.86706069241043E+05  1.82252340391163E+06  2.34570318890845E+05  1.38243848621209E+06
 -1.26952804687007E+07 -2.51138961582652E+06 -3.04020833187397E+07  9.01121649089765E+06
  1.61473182364166E+05 -1.94176256312141E+06  3.52166503236308E+06 -2.23022190086044E+06
  3.45754003360195E+06  3.00867090475556E+07  6.18050853680132E+06 -1.70054372253417E+06
 -5.37502295467991E+06  4.52825205884624E+06 -1.81274770300744E+06  2.50080967975873E+07
 -3.47557420652661E+05 -9.05567113796041E+04 -2.07752448709277E+06  4.39206699791711E+06
  1.89458886733402E+07  7.85832609695090E+05 -6.61449500602359E+06  9.87327620946736E+06
  4.02699054335663E+06 -5.52716775420577E+05  8.38432828081155E+06 -3.47265288287370E+07
 -1.09263087303276E+08 -1.39997560180352E+07  1.06221146222937E+07 -1.64103700654885E+07
  2.96554184639400E+06  2.06693683411076E+07  2.16042236692744E+07 -3.61128541687872E+06
 -9.97889862031879E+05  2.26633976797126E+06  1.47674960225826E+08 -1.74069309634590E+07
 -4.67354155354211E+07  2.23512615063040E+07 -8.23346494013194E+04 -3.05075301995379E+06
 -4.72904473013251E+07 -5.56516112222437E+06  4.97995943657185E+04  2.24635794441672E+07
 -5.16911939837505E+07 -7.57812020115088E+06 -2.40239810500920E+07  3.04289951556097E+06
 -6.66808834220197E+07  4.67611835297385E+06 -1.04940882711887E+07 -4.91773094323559E+06
  1.50210775967304E+06  4.43479167771710E+06 -1.50161297560446E+07  3.51186816367615E+05
  9.31258327116187E+05  1.67191641564222E+07  1.35865266510324E+06  2.29859471847162E+05
 -1.18665836472832E+06 -1.21039170259551E+06  2.17433755383070E+06  1.36598733613593E+06
  2.01757926054387E+06 -1.35276787109248E+07 -1.02052824219479E+05  6.32259809244995E+06
  2.03068647657169E+06  3.84217113212180E+06  5.72764226956367E+06  1.28866298255213E+06
  6.84138381569366E+07 -1.90424489854277E+08  4.74429588629034E+07  2.14870894440703E+07
  2.64766798356292E+07 -1.93714186092116E+07 -1.39702262534866E+07  1.96793760945879E+08
  1.26675365778345E+07  9.66956578424447E+05 -1.54322453359497E+06  2.01900229279869E+07
 -5.70397632593951E+08 -3.44463478606490E+07 -2.92518768326518E+08  1.31146527517543E+08
  5.51286200791876E+06 -4.20587106657777E+07 -6.18789466795754E+07  9.41315370918206E+06
  1.16877414213007E+07  2.50428220162488E+08 -1.08136802932327E+06  3.28986708362078E+06
 -3.90198406615607E+07  2.52965744392969E+07  4.57208702978276E+08 -5.92047508486277E+05
  8.26714562261993E+05 -1.05315585303731E+06  1.01347580470817E+06  4.22882691613483E+07
 -1.37939412690611E+07  3.13270745168965E+06 -3.28461178551332E+06  2.46322701805349E+08
 -1.57073051145712E+05 -1.34866286860250E+06 -8.52653584721585E+07 -3.38499324801298E+05
 -2.41972560851062E+07  2.58088225363064E+07  5.97953689831573E+06 -2.54688655509685E+08
  6.14195186525698E+06  4.89204701708375E+07 -2.25370970443531E+07  1.70636248655949E+07
 -1.12321362636334E+07 -3.03199035157226E+08  4.44432497013480E+06 -1.17144107437431E+06
  5.57087641782634E+08  2.30312472140666E+08  8.18207496624212E+08 -2.05552369410518E+08
  3.46172248816687E+07  2.29227964441800E+08 -1.33278363706408E+07 -7.57724798677698E+07
  1.30700938870377E+07 -7.67385653575384E+06 -2.10154619277236E+07 -7.90501508976783E+07
  4.57593669595508E+07  5.33060116257508E+06 -4.90482371447693E+07 -3.85782449214891E+06
 -6.65329044601010E+06  3.48972856451916E+07 -1.99156542883003E+06 -1.26289510335527E+07
  4.29430164461879E+06  2.07832559101295E+08  2.83661506046297E+06 -1.23172651044736E+07
 -8.30880996924354E+07  2.07704718412109E+06 -7.33153179478155E+05 -9.54097159538795E+07
  1.03623961132449E+07 -4.37211548351072E+06  5.32066551736668E+07  2.68939092578827E+04
 -9.17552364269370E+05  1.21653795500177E+07 -1.24400002980102E+06  9.85175329088629E+05
  3.15457627152355E+08  1.70123730660177E+06  3.90886932807757E+06  6.20873925801591E+06
  8.31808215814876E+06  8.37533095042915E+06 -1.68804358836359E+07 -1.39293238794204E+05
 -2.17328565229915E+05 -2.75805504642834E+07 -9.91086518807131E+06  1.28848895693954E+07
 -4.83108396235675E+07  1.62208283998259E+07  1.81566508614999E+06 -1.19458938986410E+07
 -1.51968679142739E+07  3.20242406736519E+06  7.58169981650585E+07 -4.45977728522459E+05
 -3.20767471907953E+06  4.15224142681504E+06 -2.32244712731232E+06  6.67873934057117E+06
  4.10080453181907E+07  1.20950225650571E+07 -2.46694968536693E+06 -8.37153847682130E+06
 -8.47976224888415E+05  2.06976854085324E+06 -1.65066733985853E+06  5.85135514289878E+06
  9.93867696025176E+06  3.84790223294057E+07 -3.78394290659975E+06  7.39596588033745E+05
 -1.45098666215547E+06 -1.77550891583747E+06 -3.89141938729730E+06 -4.28191954926764E+07
 -2.03414019477378E+07 -9.08825413369430E+07  1.30072446656319E+07  6.48431466156182E+07
  1.55777592878365E+07 -2.49695127629459E+07 -6.24031760156094E+06  4.50762829341381E+07
  3.98360256819913E+06 -2.15298756447785E+06  7.97807575823482E+04  4.18167291923014E+06
  8.45747478493061E+04 -1.71621806351703E+06 -1.96782920284738E+06 -4.60760697889205E+06
  9.76187469188757E+06  3.86640686731354E+05  1.10551718127066E+06  1.27134427316133E+06
  3.50181146665060E+05 -8.60328769561415E+05  2.39098877114649E+05  8.23175016960016E+06
 -1.28566245596911E+07 -1.24224234971713E+07  1.11862335879844E+06 -8.32059780606813E+05
 -1.89281858136635E+06  2.57874817928287E+05  6.55334069835318E+05 -2.92490357731193E+07
  4.29277483583283E+07 -4.69285786876674E+06  2.29438146806912E+05  1.93269590790392E+07
  3.83420854582293E+06  7.19176791650830E+06 -5.52251533669862E+06  1.28939486107083E+06
  2.25611963022427E+06 -1.71058960515055E+06  6.36571554977087E+06  2.61163369970840E+07
 -5.95504824841707E+06  3.27379458968311E+06 -8.37153858965588E+06  3.60160859474399E+05
 -2.50942158393118E+06 -1.32038486233275E+07 -6.36277353718167E+07  9.34458434255307E+07
 -2.57863044451123E+07  6.07278143603827E+06 -5.84764613080809E+06 -1.95514897300018E+07
  6.27947971122124E+07 -8.66027106470471E+07 -3.66243615853201E+05  4.67271767174706E+05
  4.73509474524818E+07  1.18704247102375E+08  6.96348227018005E+07  6.30006777897370E+07
 -9.03212620848763E+07  3.38678797056622E+07 -2.94946634636087E+07  8.60184273824681E+07
 -7.34333976358319E+06  9.83106163970656E+06 -1.51277934803468E+08  2.59855620814340E+07
 -5.59079829762377E+07 -3.57011471671633E+07  2.22285764922356E+07 -6.85349065937308E+07
  4.75892013434022E+06  1.41675844459692E+06 -5.39338173262705E+06  2.40591972964640E+06
 -3.56211509759477E+07  5.34551223799122E+06 -4.31752135238173E+03  1.01242175946591E+06
 -1.00382832981931E+08  6.98695034574105E+06 -1.21608094127451E+06  4.52443092966082E+07
  1.19100847536613E+06 -1.40056235301695E+06 -1.49208991377225E+07 -1.29470277992184E+04
 -1.95355442136562E+05 -1.53152466407372E+04  6.76748239911864E+05 -3.61437071833676E+06
  6.04188524268410E+04  1.92368476742889E+06  1.34370081607365E+04 -8.52992023690097E+04
  3.82693812100191E+04 -5.89335803877426E+04 -9.21381844927264E+04 -5.50717266815323E+05
  9.04115164435444E+06  4.74750769523395E+06 -3.96274242665454E+06  8.75839501671744E+05
 -2.82154244918204E+06 -1.79376835993414E+06  2.21025449985171E+06 -2.97453672315817E+05
  2.98997567847666E+06 -1.93398840680420E+06 -1.38990233612919E+06 -1.68595981088261E+06
 -6.64749692708037E+05 -1.72849544564559E+06 -1.38854541113126E+06 -2.37528578070631E+07
 -4.92981205672888E+05 -8.32620006936788E+05  3.29383059102291E+06  1.27810853169106E+06
 -4.24106854703074E+07 -2.42593682088262E+07  2.14799791370874E+06  9.85659239014127E+05
  9.01596772912693E+05 -1.65790921226606E+06  2.21360437636419E+07  1.14178862029701E+07
  1.34059240843915E+07 -8.99486487290906E+06 -2.10317577695064E+07  1.00370464101393E+07
  2.36193413563578E+05 -4.01530536447925E+05  1.04475310739972E+07 -1.01396896561769E+06
  3.22135102568607E+04  1.06796460410441E+07 -6.05391315217367E+07 -9.69687850576198E+04
  2.64601018497675E+05 -9.30475505257196E+06  1.38302488487571E+06 -4.49647162806639E+06
  3.51306200739708E+07  1.14737019271187E+05 -1.92724662762689E+06  1.80738558330222E+08
 -5.23962998789195E+06  1.12018558461008E+07 -9.54152820053045E+06  1.16249992852721E+07
  5.00347013806221E+07 -1.96264185588960E+06 -2.05075960389666E+06  1.42471868196356E+06
 -1.92865972995677E+06 -8.99663152919537E+05 -3.41475165432853E+06  8.73753751528270E+05
  1.29050391320883E+05 -8.97482598472859E+06  5.48181968630314E+05 -2.94639951665803E+06
  4.87446615242050E+06 -8.39062755889850E+05 -1.48619591208571E+06 -9.15754256386148E+04
 -4.66015199900955E+05  4.37923283943379E+06  1.00785910724342E+07 -1.07902562591392E+07
 -8.01518290764141E+05  6.05843933694218E+06  7.31520189518894E+05 -2.70965349974956E+05
  1.91996352708532E+07  6.22613084421307E+07 -5.91195443197474E+07 -5.42029228569425E+06
 -1.13981482743132E+06 -8.90538976763213E+06 -4.44642256406367E+06 -4.56097784712340E+07
  2.29410252331635E+07  2.19608280593372E+06 -3.61798518367161E+03  4.25576097073777E+07
  1.82509640355110E+08  3.51836660872259E+07 -5.15105784772814E+07 -4.69184670292642E+07
 -3.13011177928664E+06 -6.61035693737221E+07  9.89961971535806E+07  8.88957956015671E+06
 -3.70725144528986E+06  6.13063235708667E+07 -1.87782929503264E+07 -1.05464181795024E+07
  4.44642061498373E+06  3.15716799874321E+06 -2.71415316432480E+08 -1.26176131381670E+05
  6.65850345074184E+05 -6.52041936975924E+05 -7.58013645557644E+05 -1.10863148629608E+07
 -3.59255026100130E+06 -1.00512325844302E+07  1.88932814900460E+05  6.27990253349686E+07
 -1.64864147676453E+06 -1.45786216153566E+06  1.54708278621517E+07  4.40215563291117E+05
  1.54512131259560E+05  1.63596992374418E+07 -2.25824774067011E+07  7.23712752897639E+07
 -1.73747217815404E+07  4.14148351334745E+07  2.90340708552199E+07 -2.42715170625308E+07
  2.79567166870468E+07 -1.45370536246833E+08 -1.56127497244021E+07 -6.09888705658477E+06
  8.52704066815208E+07 -4.20829443903199E+06 -2.85534568711495E+08 -6.21463348444146E+07
  2.34092981278763E+07 -2.65743701790834E+07 -3.11513572192813E+06 -6.97781564972781E+06
 -1.61204558797913E+06  1.70256795960657E+07  1.53827665743898E+07 -1.47050124827990E+07
 -2.78964199174187E+07  9.54855275943072E+06 -1.87426035791403E+07  3.23898665149186E+06
 -1.55424292656079E+07 -2.47715606120067E+07  3.82108091331724E+06  1.92221085749310E+07
 -5.69654844738114E+06 -2.49152052248262E+08 -1.25461146128443E+07  4.42975482773510E+06
 -2.57496315116620E+07 -1.79593468132334E+06  4.89594823613763E+05  8.27264169386761E+07
 -6.66438716647262E+06 -4.77230946768125E+05 -7.44446470516186E+06  1.35244420777035E+06
 -3.47140071821698E+05 -1.54740013029719E+07  2.63940474131229E+05 -7.16632481772823E+05
  4.37441632945454E+07  3.33884281856144E+06 -1.12099412205490E+06  1.02133582141673E+03
  5.75217960049224E+03  4.15611054087113E+03 -6.18611934059900E+04  1.12691597865752E+05
  1.01869507739201E+04  1.01667699336204E+05  1.96700721050719E+03  3.52687857908388E+04
 -1.58108447266106E+04 -3.26723151692013E+04  4.16959394905539E+03  7.81098624385105E+05
  6.85642909790081E+05  9.45807095639770E+05 -4.23874255894555E+05 -5.68126344716558E+05
 -9.20892925564721E+05  3.10583171880692E+05 -9.84680232573570E+05 -3.67190029036806E+05
 -1.36403845396484E+05  1.36224313841073E+06  1.45848934166103E+04  1.17713126001546E+05
 -4.77103406574435E+03  3.02267172225468E+04  6.02542549583360E+04  2.46485828040514E+06
  3.65761180271066E+04  2.00977793799126E+05  6.06923555693007E+05  1.57922542976492E+06
 -1.29537294754916E+06  4.20692951970454E+06 -1.04798240139048E+06  8.57183817025717E+05
 -4.79132271112743E+05 -6.39979181697755E+04  3.54602510571531E+06 -1.01710944988012E+06
  2.62445720303166E+07 -1.83038342052087E+06  6.96105733030395E+05  1.46880647982238E+06
 -3.36602456278904E+06  3.34512964024400E+05  1.79112591109083E+06  2.65681877655883E+05
 -6.84384163968789E+03 -6.43877263961846E+05 -5.68676874027718E+06  9.63030287534110E+03
 -2.53258630735605E+06  6.43316197433483E+05  5.44654363994304E+04  2.61852795218101E+05
 -1.08899886263047E+07  5.22832035095548E+05  4.63639666792794E+05  1.21224890461406E+06
  8.35285741348703E+05 -9.35872698027914E+06  1.12574640666545E+06  5.94124612448352E+06
  6.02048937604295E+05  1.81908248761501E+05  5.18611961215007E+05 -2.81898592895397E+05
  2.15306461738896E+04 -3.71985180166807E+05  1.92256410782793E+06 -9.00158502208288E+05
 -4.22290917144335E+05  2.80307950915641E+06  9.38279833690244E+04  3.78084435314474E+05
  6.53302305679543E+04 -3.99692225013104E+04 -1.85363356611355E+04  1.59246685084645E+05
 -2.75060915561388E+05  1.64090572522801E+06 -7.31196202180456E+06  5.33252915957551E+06
 -1.12078583294317E+04 -3.59967096370655E+06 -4.17686324767575E+05  4.48971987973328E+05
 -9.58905013776568E+05  1.30962006781358E+07 -5.33700872018756E+07  5.00263008156451E+06
  9.26563788061620E+06 -5.98228268377073E+06 -9.37236473054054E+05 -7.24136871478758E+06
 -1.08799086555237E+07  3.32647149562009E+05 -7.32724578696278E+05 -1.73584158623695E+06
  1.11145431935487E+08  6.46207539436291E+06  1.11120464145496E+07 -6.74304665742774E+06
  5.85184934446811E+06  7.91607755941564E+05  5.54769354096211E+07  1.85130347531455E+06
  7.35933224348662E+05  1.58992876523543E+06 -3.05932226045855E+06 -5.95472747253125E+07
  5.41055741717299E+06 -1.74572430249238E+05 -3.54187274722373E+07 -8.33340936790711E+05
  6.91733961157470E+06  4.85804134376533E+05 -4.11491292854517E+05 -2.02910121814702E+06
  7.58465194214662E+06 -7.56707071649378E+05  4.12622140424782E+06 -7.64354639932505E+06
  2.62641228570828E+04 -6.91243091155389E+05  9.26000719498363E+05 -3.52133922701822E+04
 -5.07125245919203E+06 -6.06414958898038E+05 -1.16301523752538E+06  7.54812490512062E+05
 -7.42028375188067E+05  2.20410563997040E+06  2.69253719025428E+06 -6.48159653592865E+05
  9.59739666926083E+05 -6.18470299760418E+07  1.18910071006822E+06 -4.34538018850291E+04
 -3.96335635038849E+07  2.34236166512540E+07  3.57111371754414E+06  1.26271929991331E+07
  6.25901935468208E+06 -3.87960508551432E+06 -2.02396686100933E+05  3.41666435796519E+06
  4.93248045293395E+05 -1.03706135378224E+06  1.45993601872088E+06  3.58474361242796E+06
 -4.56070401793105E+06  5.99541427443192E+05  2.98284593610794E+06 -1.14679907596385E+05
  7.57397673645336E+05 -1.91268844134428E+06 -4.25806774277761E+05  1.11448253431005E+06
  1.90145911163349E+05 -9.88747210809620E+06 -1.72282583619899E+06 -7.02736406701928E+06
  3.87475134676504E+06  8.23713760549986E+05  8.43473840872290E+04  1.45631465606732E+06
 -6.08451926372440E+04 -1.39804065710526E+06  1.43987908682160E+07 -5.73690910310011E+05
  1.48209372651382E+05  6.08770570566106E+05  5.60596194890341E+05  1.85157598425540E+05
  1.91614748173207E+07 -3.01638900687531E+05 -1.03895273500990E+05 -3.55190298661108E+05
  9.72862615290082E+05 -6.83238848091104E+06 -6.92972786539787E+06  4.12137048106496E+05
 -1.55381454806998E+05 -6.69954139652940E+05  5.81805775841846E+05 -5.79410360226730E+06
  2.90501650246479E+07 -4.31536479575272E+07 -1.14145484690345E+07  7.06164480831393E+06
  2.77205694476388E+06 -1.08954282359713E+06 -2.83476797216642E+07 -1.17077667395635E+06
 -9.34876044513018E+05 -1.01809626158722E+05 -1.29995065052876E+07  8.88008661162034E+06
  9.67236229102233E+06  2.69656811609693E+06 -1.50485186059306E+07  1.02691146156739E+07
  1.47406539816752E+07  7.92218602798107E+06 -2.40154225824773E+06 -2.40209562611768E+06
  1.43927857525974E+07  1.09821872573962E+07 -4.44073289437578E+07 -4.77220615237154E+06
 -1.95567926219200E+05  9.85448128014647E+05 -3.12187953191600E+05 -3.22102496850601E+06
 -2.10738767936193E+06  1.71835624292769E+06 -1.02502419554439E+07 -1.86991293749397E+06
  2.39249648911980E+06  8.30037392583761E+05 -9.92250737024792E+06  8.87525546134899E+05
 -3.35629961228878E+05  1.42926718719254E+07  3.91754630845153E+04  5.16579444591558E+06
 -1.02859841920138E+07 -1.18320714377409E+07 -2.10341734853050E+08 -8.94908231429818E+06
  2.55229863152577E+07  6.52821341295462E+06 -1.38860978407110E+07  2.18770633105808E+07
  5.29510590001191E+07 -5.01509333454567E+05 -3.36725809516833E+06 -2.07699050821068E+08
  2.16813983400595E+07  2.34389195350249E+08 -6.92973207497004E+07  4.15338670417786E+07
  2.19328465481162E+08 -5.85468754917373E+05  7.91000884187471E+06  5.20870522683543E+06
  9.09962184028738E+06  1.48149407110569E+07  1.53055899590636E+07 -6.04031781353152E+05
 -4.65496554946489E+06 -3.00800457731894E+07  3.51101122780001E+06  2.97535467844178E+06
 -6.95121484145869E+06  3.38670756362793E+06  1.11370758882669E+07 -8.21040347291821E+06
 -1.36351548042421E+08  7.63412464020082E+06  8.94589798306048E+05  4.18081575908001E+07
 -4.21368095636413E+05  5.49699407623267E+04  9.17514217281995E+06  9.49084390403350E+05
  1.57657885147384E+06  2.77522222630584E+07 -5.29737344064702E+05  4.66254723568274E+05
 -8.71029812188631E+06 -4.05841218109993E+05 -2.88650694747260E+05 -1.02076284189406E+08
 -1.45037958308769E+05  1.48916656550800E+05  2.95942796610731E+06  5.10045137023759E+06
  7.04201202444042E+05 -1.92878291224555E+07 -1.11019706656520E+06  3.84120448904121E+06
 -5.42649895659326E+06  1.90934347001245E+08  3.67352859657117E+06  4.71927524036790E+06
 -5.71502395100998E+08 -2.69307235325636E+07  2.79802839073140E+07  7.35384872783573E+07
 -1.54500548663651E+07 -4.23805582922654E+06  1.60985858881306E+04 -2.20107124563957E+07
 -3.98776084646480E+06 -3.01442965172810E+06 -2.60259118753244E+06 -3.96096397153608E+07
  3.94569920500280E+07 -2.27693757813986E+06  4.71446353174004E+06  1.81762898784275E+06
  2.45706399099713E+06  4.54771755366581E+06  1.84709108166529E+05 -4.79210579626389E+06
  2.25150722439901E+06 -6.18856272648547E+07 -2.44470460831687E+06 -8.09090816022582E+06
 -2.09603198788358E+07  1.15995180502050E+06 -3.48546685774146E+06 -2.51018163850323E+08
  2.09429703837087E+05 -3.25675748481664E+06  3.23790098010947E+07 -1.18476201227917E+06
  2.37074990753602E+06 -3.73852335481122E+07 -3.48199928868160E+06 -3.11161808050852E+05
 -1.73173119238710E+08 -2.30155373733365E+06 -4.20065580673934E+06 -1.20692844367701E+08
 -7.15625503452796E+06  1.15805447758281E+08 -9.93616367646885E+07  1.93822298446793E+07
  3.60357896618094E+08 -7.74271224608286E+06 -2.26835608967960E+07 -3.65844294041053E+06
 -1.71141494169209E+06  2.80318811061058E+07 -4.28518372876932E+07 -2.92531841491586E+07
 -2.67637366275219E+06 -1.72443115451429E+07  3.15067373144250E+07  6.60989908788164E+06
 -8.37099579305453E+07 -2.52946217896457E+06  1.46638444432093E+07  5.08076749149301E+06
 -1.79859926746751E+05  1.68678510522761E+05 -8.22656930953699E+05 -1.66440052247471E+06
  2.37589959174798E+06  4.89497115545866E+06 -2.48032134053309E+06 -1.36970835188016E+06
  2.81219696982007E+07  1.69702698977416E+06  4.63071602048371E+06 -2.89544632871279E+06
  1.69952285532040E+05  4.98649850607332E+06  1.95182305871271E+06 -8.97668588769770E+05
  5.50101766105355E+05  2.15227513761337E+06  4.58567094822667E+07  1.93322539526896E+06
  3.61903537897327E+05 -3.55702997878716E+07  9.21001539485924E+05  1.00909265370036E+07
  1.33032705030418E+07 -7.29012018166168E+05 -1.77419823022272E+06  1.30147747339484E+06
 -3.98882260232237E+05 -6.28558903074465E+06 -2.58030448549082E+06  3.33267177855985E+05
 -5.76414253693729E+05  2.88321833459626E+06  4.41231941631675E+04 -8.91030616001863E+05
 -8.71819731688482E+04  9.20596275260282E+06  1.99383682380914E+04  3.22717771685680E+05
 -3.97889996098370E+04 -2.83995531677512E+04 -1.14034575695235E+08  3.65577270365888E+07
 -5.63761203019052E+07  3.86297127922083E+08  6.65446736051890E+08  1.12373043032593E+08
 -1.32519550625318E+08  7.75538742755499E+07  1.11786117494594E+08  6.21913508756495E+06
  6.76467935558334E+07  3.36076149574672E+07 -1.05659027974012E+07 -1.27482107003844E+08
 -5.24985772177199E+08  1.13404163067647E+08 -4.79806267355176E+07  1.67617912689762E+08
  3.55359668231395E+07 -2.00831926183231E+07  4.99021409702006E+08 -4.94642025063275E+07
  7.78547863580209E+07  3.91005790788953E+07  2.44533145105000E+07 -1.11416879212815E+07
 -1.42963731816686E+07 -4.37685002373506E+06  3.74752883570762E+06  1.36137418468299E+08
 -4.89317124896835E+07 -5.69898618187431E+08  1.11026696230191E+05  5.20825831458388E+07
 -4.40509114597273E+07 -1.50976604836316E+07 -2.58629832449448E+08  1.80147310775550E+04
 -2.90504841020229E+06 -4.16087050449655E+06  1.14355493585908E+07  8.49496794046644E+06
  2.69164633088045E+07  8.89011511363886E+07 -1.52894469188845E+07 -4.10224002929988E+07
  8.76812552679245E+06  2.93453150296572E+06 -1.36116740046013E+06 -2.53468955942543E+07
  5.45925719709642E+07 -1.64942475361971E+08 -4.60184912662883E+07  2.35284202882017E+07
  3.37220171063927E+07 -8.49165379612908E+06 -1.11276017096776E+07 -7.38219546680748E+07
 -2.36604719465651E+07 -4.43843979914075E+08 -3.71080253088762E+06 -7.78543464248449E+07
 -3.02804372328068E+07 -1.35191203479603E+07  6.21607076707947E+07  1.44221109217763E+07
  1.64268672459641E+07 -3.05842812975852E+05  1.60411670259474E+07  1.29363743668241E+07
  3.91075031864813E+06 -1.54729667952292E+08 -4.06177933894333E+06  7.62139863136359E+05
 -4.67816019973573E+07  1.21980699644692E+07  1.25948443775058E+07 -5.26643727231698E+07
  1.03442300184664E+08 -3.05169466896954E+07 -2.53540735590873E+07  4.98239118195216E+05
 -8.43898913096973E+06  1.05114027155192E+08  2.98382116761201E+06  1.09577698142543E+07
  1.39402391861375E+06 -1.45439211505331E+07 -3.76314871596360E+07 -1.16531805376470E+07
  3.44110371684455E+07  3.63852962615036E+06 -3.98078168569151E+06 -5.98345846324527E+05
 -5.00349089019448E+06  1.48544657899813E+07  5.14291655059613E+06  2.24408449237675E+07
  7.23631876011043E+07  1.07675393177228E+08  9.42374682150910E+06  1.42247481680668E+07
 -5.80972484869731E+06  1.52471122974468E+06  3.05163481771502E+07 -1.05700953264427E+08
 -2.25826482740648E+08  1.02145219070813E+07  8.20154054435312E+07  1.40178536871503E+07
  4.07786601763155E+06  8.70414508388139E+07  1.67702432334466E+08 -3.35780441778232E+05
 -4.67977987940510E+06  4.17597291004500E+04  1.04145125082615E+06 -8.66433338790692E+05
  2.22859107445921E+06  1.36909584309879E+07  7.28855480972099E+06  5.57828996641898E+06
 -1.86009569279585E+06 -5.90323072545984E+06  4.60768689957700E+05 -3.47150213698503E+05
  3.02009061019096E+03 -3.37262479092011E+06  1.16443820491227E+07 -2.65943320000326E+07
 -3.55463699404587E+07  3.39942122137815E+06  1.35194466652153E+07 -6.70132247215620E+06
  2.96081834130166E+06  1.29902362208432E+07  7.53866194629174E+06 -2.52212587087738E+07
  7.04314350613878E+05  9.58507385621424E+06  2.27615895852816E+06 -5.05782961557037E+06
 -1.07408401053019E+07 -9.27720460970623E+06  2.38503132078487E+06  5.33926529534006E+05
  2.09222944487056E+06  3.70477391176353E+06  6.79097080195385E+07  3.32474733039211E+07
  9.44698083030430E+06 -1.21051713259557E+07 -3.10892486363363E+06  7.81432175619403E+06
  1.66679947248064E+07  5.00284886916602E+07  1.10133943821882E+08  1.41574068660147E+07
  1.62074834718833E+07 -3.06593718244087E+07 -1.80045903324136E+07 -3.74741698352116E+07
 -9.75154263577050E+07 -7.89193728839038E+06 -2.81629197878088E+06  1.21043883509581E+07
  2.46539852988469E+08  5.23008313550606E+06  9.62602975426867E+07 -1.18659778757472E+06
 -2.62848325839728E+07 -5.40593420869476E+06  7.13355350777685E+07 -3.71318398126726E+06
  2.13174422292431E+06  8.84317576591714E+06 -1.60492094362881E+07 -1.87203829904518E+08
  3.86667974147658E+07 -2.40232412036222E+07 -2.97432954170485E+08  1.08900214675077E+07
  2.48601855373066E+07 -1.07486952420282E+07  1.41682374543447E+06 -8.56492096441748E+06
 -6.61185176285846E+06 -6.32894291659173E+06  1.32991049558229E+07 -1.32397274609051E+08
 -1.18213311350563E+06  4.54533790916280E+06  2.61879080374880E+06 -3.03176944887405E+06
 -6.61743152734199E+05 -1.15342572588741E+07 -1.58627005010668E+06  2.86552311957055E+07
 -2.99994782451849E+07  2.09166216707576E+08  1.80712085828855E+08  2.36655312282299E+07
 -2.07924538200407E+07  1.82108663086878E+07  3.72517988551356E+08  8.61176723438575E+06
  4.36118489314650E+07  4.59668005826917E+07  2.88042672840072E+07 -2.72360212113678E+08
 -3.04636097549370E+08  1.70805956495130E+08 -3.43749793104135E+07 -6.99997563575400E+07
  1.25431958398164E+07 -9.29027703208708E+06  1.34303913287898E+08  1.30307590982467E+07
 -5.67007663772960E+06 -2.19987713621820E+07 -3.59987298577396E+07  1.29567694641660E+07
 -1.56075502647364E+07 -2.48166611492484E+07  1.06996155635806E+07  2.40969842590231E+07
 -1.71951885393720E+08 -3.04219274209417E+08  2.14612815375946E+07 -3.76876950930458E+07
 -6.88750588391802E+06  6.57250692557790E+06 -5.42077402372887E+07 -1.63497573301018E+06
 -8.31539149902364E+06 -6.42847573215222E+05 -9.63518613508852E+06 -4.01031945939305E+07
  4.33078747428216E+07  6.13563110227413E+07 -2.35044762729957E+06 -7.81114727849931E+06
 -1.98392206308245E+07  2.28053835149098E+06 -2.65161178563648E+07  3.33893690571239E+06
  9.21276708624727E+07  7.11454638361365E+07  6.58398400826741E+06  2.66267628699695E+06
 -1.25953267569880E+07 -5.24923081196503E+06 -5.32131628777049E+06  1.60447590934978E+07
 -1.43366638946117E+08 -4.59853663490236E+08 -2.22199948591532E+07 -2.83676249081572E+07
  7.71499293640561E+07  9.48353250249800E+06  1.24356115927356E+08  3.25216526103382E+06
  1.20681635684497E+07 -9.49791196061845E+06 -5.35512376067910E+06 -1.90602720600161E+07
  1.41517748707608E+07 -4.02391900986168E+07  3.42632955185837E+06 -1.01493564254460E+06
 -1.58828638329117E+07 -1.99862737063655E+05  4.71665264008958E+07 -1.66271717821415E+07
  5.89801443355195E+07  5.76074082891567E+06 -2.10668137274002E+07  4.73814622729341E+06
  3.75991115089032E+06 -2.48471301344699E+06  1.70900931710117E+06 -9.13288522447922E+05
  4.07030779595029E+06  1.64687296641334E+06 -2.46923399753635E+07 -1.08948262775711E+07
  3.06184517952271E+07  9.78732624587705E+05  1.11258744099161E+07  4.94278356371064E+06
 -4.01826550609124E+06  7.21472754769618E+06 -2.97339830915811E+05  1.14746395053681E+07
 -4.32197529093439E+07  3.58753169745546E+07 -8.90204904912147E+06  5.90806288327656E+05
 -6.83773914578309E+06 -2.96856599370885E+06  1.20011748129839E+07  5.60482697004103E+07
 -1.99409557525840E+08 -7.58043854889691E+06  5.81548702345039E+07  1.02180530861378E+07
 -2.55805330471886E+07 -3.18511155461485E+07  6.87273370187979E+07 -1.62263695601348E+06
  3.96706622684439E+04  9.13266266625098E+03  2.56306855666007E+06 -7.74009866344151E+05
 -2.45633269182623E+06  1.56677716809404E+07  3.25600127075604E+06 -3.25622082809285E+06
 -1.67970851499917E+06 -1.75087349460527E+06 -1.14315539557173E+05  8.13263009139283E+05
 -2.06341730614132E+06  1.94744579895983E+06  2.99262429866263E+06 -6.39723759885978E+05
 -5.03449326123364E+06 -2.11128573594268E+06  5.61129669337603E+06  2.32610234533746E+06
 -6.55452127633041E+05 -1.97765521746240E+06  6.22987963553084E+06 -2.35803331791286E+07
 -4.75989284379032E+05 -4.90525229960847E+06  8.00495723594936E+06  6.41040164755955E+05
 -3.84722242551151E+06 -4.87654467636786E+06  1.91521667771220E+06  2.09635889594958E+06
 -1.54860446430289E+06  2.37517067455944E+07 -3.10302586988744E+06  2.23042151826004E+07
 -4.13566099675562E+05 -3.98787594605755E+06 -1.93085965427967E+06  3.93372538431614E+05
 -3.84681861929906E+07  8.71376408064144E+07 -1.24294228464836E+07  8.64979874917517E+06
  1.03657588573965E+07 -1.24052235053507E+07 -2.21387758213727E+07 -7.44918299273221E+07
  7.53688261397664E+06  1.55168774461393E+06  1.76876774133038E+06 -6.56317283819251E+06
  2.94690916694087E+08  1.74232630517007E+07  8.98953898278119E+07 -4.01460805996182E+07
  1.35237548660078E+06  1.29784456917616E+07  4.85873584218782E+07 -2.27096739143995E+06
  2.96724045065508E+06 -2.83868931328842E+07 -5.63965465611351E+07  3.64295239375850E+07
  3.03436642600717E+07 -2.26478282868316E+05 -1.66905685298209E+08 -9.01699574744595E+05
  1.01172099970006E+07  3.85985643576372E+06 -1.21602186098407E+05 -2.14131787431960E+07
  2.43830145709526E+07 -2.72311009456180E+06 -6.09890691474329E+06 -9.34842420493534E+07
 -3.67083336691557E+06  2.32746080806081E+06  3.71930512721031E+07 -2.42277015005637E+06
 -4.33867528952226E+06 -1.20341606108746E+07 -1.40064654092528E+08  1.12553104659836E+07
 -2.27483042394491E+07  7.96881872491019E+07  2.58831542447196E+07  7.76186865773983E+07
 -4.91223951872768E+06 -6.07859246929088E+07  1.39073609362531E+08 -1.59930494844752E+07
 -4.44476554040756E+06 -5.48570036487639E+07  2.25832200626590E+07 -5.95008103339416E+07
 -2.42605300592888E+08  2.57299220052875E+08 -1.63195820267286E+07  5.89960175284996E+06
 -6.26278189226207E+06 -1.04075170719105E+05  3.03426320140428E+07 -1.15716880962125E+07
 -5.57542744931021E+06  1.66785986614215E+07  1.17209642707611E+07  3.80385114311547E+06
  2.38754569518407E+07 -2.47458584294570E+06 -1.76621284374796E+07 -1.40546011114540E+07
  1.38277147316860E+08 -5.06974765289376E+07  9.36452530802631E+06 -1.04849701001878E+07
 -4.43744328795454E+06  3.54360842809102E+06 -1.08950975432920E+07  1.81758613065665E+06
  8.03395140058235E+06  4.22279749995523E+06 -1.81490645633447E+06  1.95883855789470E+07
 -5.15143009010907E+06  2.75194428460458E+07  7.40262861818925E+06 -3.64652874490599E+06
 -4.25419702324942E+06  4.17215444661875E+06  8.11015466831112E+06 -1.73061384742469E+06
 -5.54118028758217E+06  1.79547531456871E+08 -1.32341826428483E+08 -1.78574512947834E+07
  2.56407962359277E+07  4.89744062264388E+06  2.89068616550437E+06 -1.35154347909841E+07
  3.85539016444689E+07  2.32968127839737E+08 -3.09013051029606E+07 -1.59203161889310E+07
  3.94947298245954E+06 -3.42300369953759E+06 -2.44532587253784E+07 -1.06717609856520E+08
 -2.98940039829247E+06  8.52493409368320E+05  9.49713463002295E+06 -1.73230683563002E+07
  1.66274948694739E+06 -2.56549460947999E+07  3.36564297986521E+06  1.24725621901740E+07
  2.51231817477498E+07 -1.44139595156830E+06  3.57799597202216E+07 -4.17868465305875E+06
 -5.04783159914533E+07  7.22379966749801E+06 -2.24015920081454E+07  1.40252395133373E+07
  6.37971796330066E+06  9.81475827679982E+03 -8.97957267011409E+04 -1.61380410985878E+06
 -2.42246874613458E+06  7.44370836351602E+05 -2.19339408180375E+06 -8.92586726480500E+06
 -2.25286765077339E+06 -2.56232631822983E+06  8.62526389048920E+06 -4.51163295732099E+05
 -4.03116083224497E+06  3.05590777808301E+06  4.26711736813590E+06 -1.04695921589673E+07
 -8.25462328255599E+07  4.70751860816868E+06 -1.51131528855317E+07  1.26479236086719E+07
 -1.19394705209752E+06 -3.34609840887548E+06  3.02263539322413E+07  2.61724112438153E+06
 -2.35154519591251E+07 -1.74319013499004E+07 -6.56165400170081E+06  1.59278797551319E+07
  2.61390064199139E+06  4.88364498344903E+06  4.34164784880879E+04 -2.27727897233150E+06
 -9.20272484471380E+04 -5.24392577887516E+04 -1.10787049957138E+06  1.42585991266191E+05
 -4.16040492647894E+05 -3.80878316333483E+06 -6.94964395663262E+05  8.88423149959790E+06
 -3.67672153868003E+04 -1.48563843163138E+06  5.55209459240182E+05  4.87408860743712E+05
 -8.11606842181532E+05 -6.71582974385782E+05 -1.05473190845884E+07  8.58963505894509E+06
  2.03252066651438E+07 -1.67014782077856E+06  3.17174402130825E+06  1.41107001071648E+06
 -1.23200103931821E+06 -7.13810065739533E+06  2.00703170625761E+06  2.85425791040079E+07
  5.54830746990421E+04 -1.93973061450524E+06 -3.00941671605521E+05  9.10265293333567E+05
  6.91990385323108E+05 -2.34227764179592E+06 -3.81492706297121E+04 -9.39741416187913E+03
  2.64074480652164E+06  6.22894931315950E+06 -2.75320654397904E+07 -1.31455705879938E+07
 -2.19900527973406E+06 -1.16185018658190E+07  2.70989500208948E+06 -2.98583739719116E+06
 -2.82042326119173E+06 -1.61580372909458E+07 -1.67929003634567E+07  9.03450273215533E+06
 -3.58823338214596E+07  1.22758135080436E+07  1.13047926522055E+07  1.38306297557146E+07
  1.01926629592766E+08  2.61421390886086E+06  3.70225786390059E+05  3.70251482588029E+06
 -6.75053246102411E+07  1.13409604884193E+06 -9.41441783634852E+06 -2.24007847961371E+06
 -1.94740006665127E+06 -3.18792276391875E+06 -7.28928079282748E+07  2.95515523896147E+05
  7.46280964730663E+05  1.19463385397427E+07  3.66544791143521E+06  4.92669247741304E+06
  1.19410540367348E+07 -4.63008152236617E+06  8.48159858608065E+07 -6.85314851495632E+05
  5.75538934066760E+05 -6.26161368732437E+06  7.58130521763784E+05  5.95046488860208E+06
  6.68400510126286E+06 -6.34480742084248E+06 -1.30127268945133E+06  1.21197389097724E+07
  5.13650855965278E+06 -1.15915026225503E+06 -5.31824768849287E+06  1.05034008669033E+06
 -1.22157534636118E+05  3.67257444550043E+06 -2.37902465671441E+08 -9.52007914065983E+07
 -3.70744673931576E+07  1.99568161975679E+08  9.46017459756050E+07  6.58744996790695E+07
  2.92228169595075E+06 -7.14507857353139E+07 -5.93458972989366E+08  6.65891389330275E+06
  1.27671929505694E+08  4.71237536092962E+07  2.08712513651553E+07 -4.13946542021292E+08
  4.95181081549293E+07  7.70209526970228E+08  6.61166640945989E+06  1.29882302969281E+06
 -1.45929575757521E+08 -4.50224814853034E+07  1.10968278631504E+08 -3.36450607713528E+07
  5.48154528715882E+06  7.74243955464328E+07 -1.38246226949080E+08 -2.14321051184411E+07
 -3.04485423496194E+07 -1.05530416432982E+07 -1.97232386388953E+07  2.29219127121189E+08
  4.43275938531859E+06  2.18412181796239E+08  8.39512207526190E+07  4.10504586362381E+07
 -5.66660671720015E+07  3.44992382944455E+07 -5.67859615671451E+06 -6.92241590608686E+05
  2.23293207317144E+07  1.21927824679883E+07  1.41321896393750E+07 -1.03803258149329E+07
  2.15896646030578E+07 -2.49329501241997E+07 -1.07417903550471E+07  4.37986784577310E+06
  9.21733791236243E+06 -2.12316369191611E+07 -1.22013569233008E+07  2.08402242440361E+07
  2.12328967018964E+08  3.66260638806446E+07  2.18749353552824E+08 -2.50306167788573E+07
 -6.75946630446278E+07 -3.86086387661286E+06 -7.90046246837440E+06 -4.02555246758701E+07
  1.29702445845217E+07 -2.18784331859398E+08  1.23655127144798E+08  1.25515823369446E+08
 -8.57731836182437E+07 -3.48234791382006E+07 -1.61789961302701E+07 -4.38279013941823E+08
 -1.41623774336254E+07 -9.27170604573681E+05 -5.84182193521922E+06  1.06639891636959E+07
 -1.10977280969122E+07 -4.76952531882820E+07 -2.56107416780071E+06 -3.06141176351631E+06
 -2.61764046529120E+07 -4.87571411942485E+06  2.30024877986140E+07 -2.27648852975314E+06
 -4.27754062914373E+07  3.68171822785770E+06  1.79702839525115E+07 -7.86901552239037E+06
  5.69582740924099E+06  3.99501894796456E+07  2.92729477715784E+04  7.18872448417390E+06
  5.64167998880976E+06 -1.33163251393510E+07  6.92966734919571E+06  1.24026757244875E+07
  2.69448001963035E+07  6.65109292771593E+06  1.45663770136900E+07 -1.04527586533578E+07
 -1.65082119482436E+06  1.92740139071111E+06  1.33221474651612E+07 -4.21266788875296E+06
  8.75149699533119E+07 -1.17742565462670E+08  1.65296144520463E+07  6.67940480202928E+06
  6.68964474050616E+06  2.94572564246006E+06 -7.57133265743803E+07 -3.68927415703748E+07
  1.56092477843826E+08 -1.73685433965889E+07  2.81594088309950E+07  2.24286159712936E+07
 -2.89033607239549E+07  3.49590822954817E+07 -6.50654103130565E+07  1.35679616341273E+06
  4.13954847875943E+05 -3.41445875424732E+04  9.41262856921174E+05  4.56576857461077E+04
 -7.56757209270578E+06 -3.74830631310122E+06  8.91421663185499E+04 -1.25139878837298E+07
  1.36587014515478E+06 -2.90173176697300E+06 -2.57743672106432E+05  1.37251306823576E+06
 -1.16827803565320E+06 -4.40145778922844E+06 -8.53445157414763E+05 -1.01315912801358E+07
 -1.21207581749034E+08  1.08403598611457E+06 -2.20669027290623E+06 -1.30499115753948E+06
  7.31488382029042E+06  5.66169644773717E+06 -4.40988427249989E+06 -2.58454961170065E+07
  3.60374979639860E+04 -1.55087471310982E+06 -1.09065587116801E+06 -2.91733250944158E+05
 -9.72314380004615E+05  4.87629422661477E+07  5.72398552848684E+05  1.67839656883971E+05
 -4.30887285338076E+06 -4.61349831689051E+07 -3.48436271273410E+06 -4.50456492616889E+07
  4.75152959972016E+06 -2.04019360967446E+07  3.09176684094963E+06  1.84807146034196E+06
  7.10748116878067E+06 -3.14009702771404E+07 -4.86281622134186E+07 -5.00623651449071E+07
 -3.57886298344971E+07  2.17463269149853E+07  6.51199478685799E+06  3.45809501978919E+07
  1.84680826822434E+07 -2.41269354123776E+06 -6.71303271409377E+05  1.35570298131741E+07
 -6.93341650432705E+07  8.91554283952274E+06  1.18995069439356E+07 -2.01319958149978E+07
 -6.28202491251808E+05 -1.11354564047495E+07  1.54538890022813E+08  2.96479067425124E+06
  7.90864969389250E+06  9.90558764741118E+06 -8.52059837125061E+07  1.77095335179845E+08
  1.40194590061323E+08  2.34035679365607E+07 -4.14378880666692E+07 -3.39188544067662E+06
 -2.91333498988355E+07  7.07270085447754E+06 -1.08798850399839E+07 -1.39257054954463E+07
 -2.63110069149717E+07  3.07002535459397E+07 -9.73827445615058E+06 -3.69335449474359E+07
 -4.18315070795135E+06  1.25107822751917E+07  1.98141288057225E+07 -9.08164193058659E+05
 -4.65241159057817E+06 -2.26459965535303E+06  5.59203711067545E+07  6.19061755306426E+07
  2.32658811588999E+07 -2.20292914086067E+07 -2.24082222666461E+08 -6.44555014849050E+07
  3.30780825664465E+06 -2.47411862548555E+07  7.24378314901375E+07 -1.61693761837203E+06
  4.29408758094122E+06  1.89559966996292E+07  6.40469382469874E+06  2.76701416367607E+07
  9.83443148850002E+07 -1.37224474536056E+08  1.11147339025644E+07 -1.10369213122610E+07
 -1.75347864549998E+07  1.48410932975920E+07 -6.52884960598310E+07  3.63221222185227E+07
 -2.39204472225443E+07  3.64073111369811E+06 -1.70010468566042E+06  2.55273608782893E+05
  1.08595245953587E+07  2.03595204996136E+07  1.97592564131194E+07 -2.93749341382254E+07
 -2.56772689317696E+07  9.11892037573292E+06  8.39704341267609E+06  2.68893282643296E+07
  6.69595755859146E+06 -5.09665373544963E+06  1.54422710820541E+07 -7.66376810049591E+05
 -2.47349706821096E+06 -1.67125732009216E+06 -6.33696304831986E+06 -2.24508127024228E+07
  4.83944425430338E+06 -2.82475022211802E+07  5.58175874859760E+05  1.04024767878909E+07
 -1.50697079031139E+06 -2.24840696503419E+06 -5.72348523715462E+06 -6.46539309508054E+06
  1.41719395369789E+06  1.13685221840362E+07  2.25570201603439E+05 -5.42039567038151E+06
 -2.49883291774637E+07  5.20054967155741E+06  4.17984748930786E+06 -3.30330235084671E+06
 -1.51078391154862E+07  1.13733046694768E+08  2.37150221619448E+06  2.94292093151050E+07
 -7.10650444026113E+05 -8.00880859601022E+05  2.21273713159614E+05  4.50698820989898E+07
 -1.53999558214803E+06  6.68081068569949E+05 -1.11553648941070E+07 -1.15484542735021E+08
  2.35977349686304E+07 -1.99959550283738E+07  9.11536161403754E+07  9.72277720706743E+05
 -1.45645939867350E+07  4.76831972699455E+07  4.22102432435239E+07 -4.66043153867074E+05
 -2.09690718927978E+07  1.37019057346112E+07 -8.52939819891050E+05 -6.20420686304614E+07
 -8.20497355804730E+05  3.62516194956653E+06  7.85085483590254E+06  2.90016961875715E+07
 -4.07052330664798E+06  1.06974654912193E+06 -5.11971169218676E+06 -1.40079637930263E+07
  6.36000615318591E+05  4.04737594297715E+06  2.73939688083289E+07 -3.48168368659659E+06
  3.40807309035499E+06  2.31487659782142E+07 -1.28755898193489E+07 -2.38504006947619E+07
  2.14028461264026E+05  4.30611433178276E+07  5.52549146616528E+06  5.55962019299287E+06
  4.47439397394841E+06 -1.05369702648988E+06 -7.04240162525660E+05 -3.62400588121830E+05
 -1.01596511432465E+06  2.67699853094060E+05  2.20420867432245E+06  1.30781792662712E+07
 -8.03446516061430E+06 -2.52461384076778E+07  9.25032409051865E+05  5.75763243195275E+06
 -3.42489006809029E+05 -1.53903943143212E+06 -1.16361981191940E+06  3.75504593258745E+05
 -1.12809197541415E+07 -8.98732105198173E+06  3.55927605910546E+07  5.07720898765467E+06
  5.16755185527468E+06 -6.48560344844212E+06 -1.18702261079009E+06  3.27359492865516E+06
  3.11914360761377E+07 -5.42104480699137E+07 -3.01954924967432E+06 -3.37909757843229E+07
 -2.65645952765486E+05  1.08667272727780E+07 -3.20955758866751E+07 -2.21742962972061E+07
 -2.43372738399356E+06  1.80582203021878E+06 -1.29072356024308E+07  8.14743446598576E+06
 -5.44758908776070E+05  2.91971837718298E+06 -2.93487029189768E+07  9.49147174078602E+06
 -5.48395025083016E+04  5.82677495055812E+06 -8.93048571352075E+06 -4.75057061822443E+05
 -2.33680636945378E+06  2.71062523328705E+06 -1.02769420904918E+06  1.50363046394829E+05
  1.57221377505804E+06  2.42770612477629E+07  1.30599789261114E+05  1.49952553999865E+06
 -3.97107833312842E+06  3.41066780570396E+05 -6.86421375951189E+06  1.00345612327940E+06
  1.13777651317119E+05  9.43695555481795E+05 -2.67077686715730E+06 -1.61656368817866E+05
  7.56866830565254E+05 -1.63985553294030E+06 -1.64059843385903E+05 -6.92763649461570E+05
  1.34851029238066E+07  4.84515645599366E+06  1.52083071967763E+06  4.33147322888546E+06
 -3.00992753007805E+06  6.40409757333091E+05 -6.73960521735822E+06 -8.63322706985978E+02
 -9.67813018818075E+03  1.33134614983058E+04  1.85830727384966E+05  7.91585636603525E+05
  1.00673647219475E+06  5.03352325615318E+05 -8.34991996931867E+04 -4.81784051663174E+05
 -1.68827385168760E+05  2.25728326109478E+05 -7.70561461602988E+05 -6.32788623386780E+05
  1.15455891605580E+06  7.68548889711105E+06 -5.57480221300784E+06  4.74095181374743E+04
 -1.15167484499754E+06  2.08833629466601E+06  5.23901453542611E+05 -3.48682305873689E+06
 -4.40551639512086E+06  1.56771798336906E+07  6.05709500568754E+05  3.36103858914370E+06
 -2.72671950457078E+05  1.96856302444457E+06  3.18301015770268E+06 -4.99199939120100E+06
  9.57063339269268E+04 -6.14406099009545E+04  5.21016099757448E+07 -1.17702196302866E+08
  2.39960585523706E+07 -1.15813249107018E+08  6.59237364753889E+07  2.26081757132011E+07
 -2.34025915449095E+06  4.82898610575642E+06  2.07435185766807E+07  3.45811752291647E+06
 -1.30771098353283E+07 -3.64563650146129E+06 -6.45389800973216E+06 -4.19010555605926E+07
 -4.48260689566761E+07  1.42021609617748E+07 -1.05053408110552E+07 -1.09476534235570E+07
  7.81480574416551E+06  8.72947069763681E+06  3.01476368208538E+07 -7.43435058474531E+06
  4.80789791250085E+05 -4.21986963279057E+05  1.08572880443965E+07  4.87844077027255E+05
 -8.73920638344374E+06  2.89566395145577E+06 -6.17628144915633E+06 -3.09200213325989E+07
  1.86681072828741E+07  1.25323118147403E+07  5.78960691367888E+06  1.57474179341986E+07
 -4.14144946098365E+06 -3.12223446953521E+06 -1.43933035621612E+07 -2.84980332908356E+05
 -6.04868129878466E+05 -8.91983194528112E+05  6.54751309614328E+06 -3.51863060251557E+05
  3.05613818595759E+05 -5.72424649629623E+06 -2.40940157011078E+04  3.79228185058543E+06
 -5.99877324848672E+05  3.88639946022987E+05 -1.74617206040889E+06  6.34447871932718E+06
 -7.30796251529706E+06  3.29740243037178E+07  6.64192514926373E+07  8.70646601504521E+06
  1.92324049998120E+07 -4.06642330505763E+06 -2.06837324330356E+06 -1.60189996124306E+07
  1.70742389633813E+07 -5.54968630820733E+07 -3.34561859736725E+06  2.67678963831219E+06
 -2.48041772435812E+05  1.08064703548862E+06 -1.59878502690511E+07 -1.83221012287731E+07
 -8.50001802495889E+05  2.02660005370235E+06 -5.33663018771620E+07  5.82390788877553E+07
  3.91839892349437E+05  4.99700687031851E+07 -4.02696254276295E+07 -2.16416616863787E+07
  6.45929433491419E+06 -1.51436858303508E+07  2.41704543023956E+07 -1.76436192659355E+06
 -1.03063864073432E+06 -5.74689187882579E+06  7.40153003603670E+05 -1.57621418981500E+06
  1.25536111087939E+07  3.37194419032676E+07 -3.81483714360184E+06  1.68596063442315E+07
  1.62410503079909E+06 -1.10134238743323E+06 -1.70745612438617E+07  9.11214978550645E+06
  1.42787315627620E+06  1.15783412558136E+07 -1.82226025927832E+07 -5.37507761881183E+05
 -4.29625554578361E+06 -4.64167317369507E+06  9.85554670952155E+06 -1.73804226455626E+07
  7.68522689344314E+06 -2.14000526143713E+07 -2.65295219427941E+06 -9.69711980885877E+06
 -4.08556004780914E+05 -9.14427381362434E+05 -8.17806669513320E+06 -4.91927562101204E+04
  4.96466838944896E+05  6.15325394643768E+05 -1.39725146243354E+06  5.11761288260063E+06
  3.63832522733429E+06  1.35002337033071E+06  2.99376501419483E+05 -2.19687549979512E+05
  6.54919190121596E+04  6.97988650012106E+05 -1.61280358269291E+06 -1.45528608438193E+05
 -7.59335452491827E+05  2.52391140271037E+07 -2.39624737098670E+07 -3.89721504321213E+05
 -7.26035115275854E+06  1.64781858767207E+06 -5.70938407451831E+06 -1.04200886223499E+07
 -4.40216073540644E+06  1.34062796302091E+07  3.48130791601307E+06  8.05181206342332E+06
 -1.53360776027377E+06  1.83229043909863E+06  5.10290473188620E+06 -2.07319867930331E+06
  7.72553844545209E+05  1.32248747416828E+06  3.17684417724168E+07  7.46398276939515E+07
 -1.38309149748621E+07 -5.84908015374617E+07 -6.36283631760340E+06 -2.62199748492492E+07
  4.11905477854512E+06  7.29519383784673E+06  5.61757446169277E+06  4.19157122033444E+06
  3.45149277978445E+06 -8.99371370864081E+06 -1.85630075498700E+07  1.60427052123835E+07
  9.42952359344493E+06 -6.08186461075878E+07  1.86438577052655E+05 -2.60854104648829E+07
 -2.74125419266356E+05  1.63435499870173E+06 -6.77361024904425E+06  5.39614755388034E+06
 -6.01861903166552E+06  5.88002296665725E+06  2.32714387672187E+07  3.89653181143323E+06
 -8.14260901181749E+06  1.86599842899849E+04  7.08707779237629E+06 -3.36578611048566E+07
 -7.08566444311709E+05 -5.72251984820522E+07 -7.78162779038817E+06  7.65104725752696E+06
  2.84719131936140E+06 -3.65939095814627E+06  4.28791752554892E+06 -2.79837667238739E+05
 -1.75026723704825E+06 -2.44804568381156E+06  5.09906624772797E+06  8.32357889731205E+06
  2.30987613778018E+06  1.23533512813394E+07 -3.09168666578207E+06 -3.31859188297499E+05
  1.09053418714683E+06 -3.39596031473305E+05 -1.56667164982178E+06 -5.00189016787629E+06
 -4.85027909586079E+06  3.52836992870132E+06  2.92380982396087E+07  2.51560421441822E+06
 -8.97419004673850E+06 -1.30753492730411E+05 -7.43672226427731E+05 -1.27135085184098E+07
  1.83548956728001E+06 -2.35501211805720E+07  3.80303386912032E+06  1.87313132497206E+07
 -5.06853665705313E+06  2.42430072509629E+06  3.64312118779294E+06  2.09622939908793E+07
  1.36878519987313E+06  7.42242473643353E+05 -4.64332945785642E+07  2.31116156636838E+07
 -8.30715696393950E+06  1.41547155483370E+07  6.86204829404015E+07  5.89985365804408E+07
 -2.66150944486844E+07 -1.65423921437530E+07 -8.03491385474849E+07  6.03871426065863E+06
  7.25143890523543E+06  3.39855116438770E+06 -2.75257217765282E+07 -3.78110101628822E+07
  1.98304456638885E+07 -1.60916284502769E+07 -3.59091658543927E+06 -4.40269408922502E+07
  1.92174458377147E+06  3.57119533034202E+06 -1.89657215965607E+07 -2.90963676362292E+07
 -8.57992549745340E+06  1.25304275266833E+07  9.95935224561743E+06 -1.51733431327281E+06
  1.86041022727720E+07  1.33815961260177E+07 -1.08795382441186E+07  3.24324776138370E+07
  7.66359835391320E+06  7.25401586354305E+07  2.29605152691331E+07  3.12954285048003E+07
 -1.57637825316970E+07 -8.55577567728543E+06  2.55552521885478E+07 -7.74174684081241E+05
 -9.51851497601551E+05 -4.81858192960627E+06 -4.34753579196959E+06  4.50760216093270E+06
 -1.66499910655471E+07 -4.72323544480274E+06  2.40311479856437E+06  2.14549433579509E+06
  1.24253849071351E+06  1.56540756833494E+06  8.08544264083410E+06  9.97288994995132E+06
  1.23397866172789E+07 -1.12461158904195E+07 -1.89362581981814E+07 -1.06429922169416E+07
  5.73790094767899E+06  5.74569742274341E+06 -2.72002499580570E+05  1.51002277308615E+07
  5.52634304120411E+06  3.69505053090426E+07 -1.29880285346673E+07 -4.27227246481229E+07
  4.99762130207341E+06 -1.54413631144698E+06 -8.68912337469825E+06 -4.93128393829255E+06
 -3.22629948242585E+06  9.35497567610797E+05  6.54722591102042E+07  1.29306443145173E+08
 -6.10797997700218E+06 -9.39114635776196E+07 -2.06256253791358E+08 -3.54172528864564E+07
  1.17549585030106E+07  3.30776615970604E+07  6.61838947478958E+06  1.04846926156365E+06
 -3.73238143379105E+06  1.75487452556633E+07  2.73354888872569E+07  9.39265084592047E+07
  2.36975997388468E+08 -1.42998850546025E+08  1.60311318396962E+07 -1.35016874593740E+07
 -7.15286616539919E+06  3.22947562219039E+06 -1.09499970415960E+08  8.41329671004702E+06
  5.54664732951305E+06 -2.25352161772049E+06  5.95325018952297E+07 -3.43272726752317E+06
  4.48665891242207E+06  2.51969946240488E+07 -2.34017880820007E+07  1.17312236080936E+07
 -8.49238406918524E+07 -3.72936472657644E+07 -1.30416336565521E+07  5.96011560789564E+06
  1.14686486713519E+07  1.03391141525125E+06  6.65703809668365E+07 -9.20736291493512E+05
 -8.85540375612271E+05 -1.72290401931051E+06  1.04588205697087E+07 -9.13226479099646E+06
 -6.70853544694845E+06 -5.90043646862284E+06 -3.05865439964196E+06 -2.75796495753213E+06
  1.89170233223785E+06 -5.36530466084899E+06 -2.07337320571237E+06 -5.70242331739097E+06
 -3.75275574483520E+07 -6.79375379857171E+07  1.36724935992302E+07 -1.41789528233583E+06
 -1.06485450299200E+07 -2.40903581733344E+06  2.41139465285901E+06  8.62292754356103E+06
 -1.51309179055339E+07  2.01182617363504E+07  9.00204086908875E+06 -3.38004010900446E+07
  7.53456974541176E+06  1.17356260991185E+07  6.06121494337489E+06  5.31878101144190E+07
 -1.51502136881514E+06 -3.02943286592867E+05 -4.37606605438347E+07  1.75814053240966E+07
  7.36688052341461E+05  1.70590173028683E+07 -5.34658769668644E+07 -7.68128198463943E+04
 -1.21173176547645E+06 -2.57986263356393E+07 -2.31424628600849E+07  1.09293026167341E+04
 -5.00547502497556E+06  1.74320970464881E+06 -2.20299563904463E+06  1.54391544566296E+07
 -2.46788030961001E+07  7.69373384618505E+07  2.36623015181078E+06  1.03878899681912E+07
 -1.98620251019712E+06  1.26041393217459E+06  5.97936230069331E+06  3.68828341624888E+06
  2.70106476122149E+06  2.39030903046837E+06 -1.46296077800768E+07 -6.94845075557325E+04
 -5.27351036703521E+06 -4.89991836347426E+06  2.02794073518401E+06  5.33402897440048E+06
  3.34532685969230E+07 -1.78092321080189E+06  2.84074320984077E+06  3.76485885382491E+06
 -3.20454671616024E+06 -3.48280332974550E+05 -2.04707687971526E+07  1.07473999287126E+05
  3.02332102489646E+05  9.67443865027592E+04  1.44096742464741E+06  2.25398873990193E+06
  4.04345566376442E+06 -3.03969991204153E+05  3.65959578428032E+05 -2.66258636244084E+06
 -1.81244575937299E+05  7.88596726376259E+05 -1.13864655182540E+06 -1.57851361793631E+06
  1.57476969380503E+06  1.97367790970319E+07 -2.02564057639691E+07  9.63433323265055E+05
 -5.34605281989201E+06  2.27563820999907E+06  1.03340104890321E+06 -1.21701474116374E+07
 -6.15548588143972E+06  3.92566602104620E+07  3.70239668983483E+06  1.21856611102505E+07
 -5.50181814937527E+06 -3.00403225475338E+06  5.05343422259460E+06 -1.73365372429679E+07
 -3.69456253008992E+05 -8.29682078169554E+04 -4.12850093440692E+07  3.89087306786616E+07
  1.01919237173066E+07  3.25971938861665E+07 -3.64207616172816E+07  2.88962487299438E+07
  6.61019157297884E+06 -3.17617678909673E+07 -4.39553379251834E+07 -6.61422415364397E+05
 -2.06570291742561E+06 -1.27139103756567E+07 -2.20979127422072E+07 -5.03213248867424E+07
  3.74298753764421E+07 -2.02796926959220E+07 -7.14180898517686E+06  6.92779302751173E+06
  7.11226037106888E+06  5.61272378026931E+06 -3.59189038508008E+07 -6.71287628505663E+06
  6.08108016234823E+06  7.61177852467948E+06 -1.57877835993297E+07 -7.04636841708296E+05
 -1.20464090183495E+07 -7.03468912526002E+06  6.00775129680691E+06  1.19478172473772E+07
  1.97929590281939E+07 -1.26819911886965E+07  6.02050367616338E+06  2.17867057723622E+06
  2.38081664170571E+05  4.51092558488111E+05 -1.49729431610849E+07  1.77878355887985E+04
  9.64612169615602E+05  2.91769473837876E+05  4.75993505098975E+05  2.47492254889885E+06
  6.54666413024379E+06  4.56344327997783E+06  6.27789602215062E+05 -2.71694386407550E+06
  4.03108600293949E+05  5.90927488476988E+05 -8.93478386027139E+05  6.77207903608569E+06
 -2.13088145529207E+05  3.10507401514310E+07  4.55599180918741E+07  9.80626033601238E+03
 -3.16020279949995E+06  1.47817123126019E+06 -3.53144511591261E+06 -1.79423409005340E+07
 -5.29923121714759E+06  6.78121153137079E+06  8.13382724236483E+06  1.32966176016907E+06
 -1.19113318556673E+06 -4.31301685896136E+05  8.11187224956987E+06  2.06951305244911E+07
 -2.82105888932165E+06  2.82295108054141E+05 -4.81985716791782E+07 -4.53032673551061E+07
  1.20636967806848E+07  1.82724334091443E+07  2.76390044624260E+07  1.61653805227294E+07
 -3.31134090909785E+06  1.78834314082486E+07 -5.52518137871599E+06 -7.39323284238514E+05
 -5.29906391342789E+06  1.46809174466412E+06  6.90362856371846E+06 -2.63952254593025E+07
 -5.66059117601079E+06  4.87865905136278E+07 -3.14448829124710E+06  5.24736263176005E+06
  4.93753191559699E+05 -1.61556208050368E+06  1.72170318516571E+06 -7.67415792793345E+06
  3.94225030978509E+06 -4.89193326149696E+06  1.69635822694487E+07 -1.10324256692684E+06
  1.91680376980767E+05 -3.88468853641635E+06  7.49726024613074E+05 -2.05479587046758E+05
 -1.95997237787092E+07  3.53174593854699E+07  3.83449661749052E+06  6.62975084711318E+05
  2.48576625645190E+04  1.34254238370911E+06  2.39680037552532E+06  5.70988421973249E+04
  6.97220806630842E+05  6.29774944022480E+05 -3.22187748308643E+05 -6.12115093885632E+05
 -1.25110967405029E+04 -1.14572542400784E+07  1.02866653832646E+06 -4.06545683991022E+05
 -4.58591038357399E+05 -3.20601018229538E+04  6.53867557433358E+05 -1.14175881592108E+05
  3.28330323852618E+06  1.84977147662004E+06  2.55310065314613E+05 -2.79505782284393E+05
  1.25184106293851E+06 -4.95783932185117E+05 -6.29584462591608E+03  1.36152682286437E+06
  5.90697353813636E+06 -9.38297735973389E+06  4.00245562701486E+05 -7.76423045178401E+06
  1.08403931259332E+06 -9.98847592481924E+05 -5.44972196429270E+06 -2.03964353780546E+07
 -8.62130292807111E+05 -5.33880883578450E+04 -1.50019984463629E+07  1.69181319211857E+07
 -2.25714745378736E+07 -2.12896300086089E+07  4.30602918549435E+07 -2.62560369908605E+07
 -4.22918746505615E+06  1.51023966724732E+06 -1.70331196988650E+07  2.43585882700258E+06
  8.45911935993060E+06  1.00611854034216E+07  2.72187591673305E+06 -4.06320636170956E+07
  2.12231006932198E+07 -1.72889928402395E+07 -1.14988767198236E+07  2.77059587516664E+07
  1.78237013440511E+06  2.43522749235827E+06 -3.47121342792373E+07  9.39913512644812E+06
 -1.88257795737636E+06  4.25487507157571E+06  1.10210649437264E+07  1.07746302855692E+06
 -2.81469602336672E+06  4.82245415537265E+06  1.86206859479435E+06  3.31360742460746E+07
 -1.05736039667013E+07  4.28948231646154E+07 -1.65022051026098E+06 -1.06888353641180E+07
  1.79638581480596E+06  1.33712243346493E+06  2.16538029434082E+07 -1.03978079376729E+06
  3.79807433718611E+05 -2.97801235455408E+06  2.62633505639512E+06 -2.53330225573757E+06
 -5.73986894323662E+06  5.12486632462629E+06  2.81296279964227E+04  1.98764991935700E+06
 -3.54649238817674E+05 -5.69916945885679E+05  4.15011772956786E+06 -2.28339382098770E+06
 -2.37852203695261E+05 -1.84804851313739E+06 -8.42713170296339E+06 -2.62879531992322E+04
 -1.59791307079972E+06 -3.09176669935394E+06  2.38361668230597E+05  1.30731103713163E+07
 -9.12043347474695E+06  3.43083977792945E+07  5.15449596319477E+06 -5.17138355004477E+06
 -5.86019132217867E+06 -3.10492420475286E+05  8.33376345383299E+06 -1.46464604971893E+07
 -5.11897934666222E+05  2.57850550455835E+05 -2.62421334108927E+07  7.03983076289697E+06
  1.59363719846837E+07 -9.50072587835088E+06  1.40973403759009E+07 -1.09684471432635E+05
 -9.39582829429900E+06  7.88708655979064E+06 -2.48513043181412E+07 -3.50291061703037E+04
 -8.21995679351383E+06 -2.51627736009546E+06 -3.86475336208412E+05 -1.07936011506449E+07
 -3.22039348079796E+07  5.11791414752072E+07  6.79896912622901E+06  1.09174624624452E+06
 -6.99625381280852E+06  8.51328488919347E+05  1.13584195348009E+07 -9.10516877558833E+06
  1.47746844059927E+05  1.19464175273395E+06  7.93546739835552E+06 -5.39126132844428E+05
 -1.51689135274830E+06 -4.68917997680108E+06 -3.44599075433254E+06 -6.77256104358210E+05
  8.07526817461912E+06 -4.93933066495796E+06  3.90219576337626E+06  5.58369707173406E+04
 -1.38328968766429E+06 -3.24795507673449E+05 -1.83548638250691E+07  2.83390628250404E+05
  1.89903198176810E+05  4.63315890099309E+05 -2.79944830668054E+05  4.89164903598827E+06
  3.22752764372228E+05 -1.51325511717324E+07  1.24644248950266E+06 -1.87184729132681E+06
  1.78482896659831E+05  7.96810167057528E+05  7.77682874025574E+05 -7.61953000758074E+05
  5.38700075197519E+06  1.11022894187089E+07  1.88222590809427E+07 -8.17746889181285E+05
  5.41985845135519E+06  1.42668412664151E+06  1.73475331097001E+05  2.93629941414714E+06
  4.22133203905135E+06  8.11930293435878E+06 -4.06710698096993E+06  1.43285684545173E+07
 -8.43669497058257E+05 -3.12292720585570E+06 -4.74765480467976E+06 -2.47053154229920E+07
 -2.09586641719259E+05 -2.37417696467364E+04 -4.48440564634561E+08  5.20366476859978E+08
 -5.55105808749778E+07 -2.46655923423308E+08 -1.18453195607581E+08 -1.98275225162672E+08
  3.66995511341760E+07  1.21912192878800E+08  2.05068176304034E+08 -5.81683830731489E+06
  6.50809710208422E+06 -2.42374448764907E+07 -9.22069596739627E+06  2.93957836765162E+08
  1.80624577436262E+06  1.47862583446243E+08 -1.04395026413025E+07 -1.41197707038434E+07
  4.76683485261041E+07  3.04421416381784E+07 -3.75874580176055E+07  5.92715089378573E+07
  9.49305418253595E+06 -8.14555850529162E+07 -4.18368112849783E+07  1.02210706686189E+07
  4.24781883477777E+07 -2.59758150991914E+06  4.87918822726185E+07 -4.30360169038794E+07
  4.24728769312991E+07 -2.22850769164281E+07 -7.69550152761531E+06 -1.11959220366697E+08
 -1.62062886148511E+06 -5.60060351128849E+06 -4.18824872358316E+07  8.94731893896884E+04
 -1.17257234282147E+07 -6.14546880223526E+06 -1.85632406839949E+07  2.18269740048637E+06
  2.85027513079686E+06  3.54346904086034E+07 -5.62378805455768E+06 -1.59318540621126E+07
  4.48439824269076E+06  7.77989667686027E+06  1.77165586136882E+06  8.46054863227811E+05
 -1.19046414835485E+08  4.79267248488247E+06 -6.62949206492842E+07 -1.81932949700034E+07
  4.47234571622448E+06  2.29373730035511E+07  9.05516329830267E+06 -1.96869642351298E+07
 -1.53719953363522E+07  1.81327833614672E+08  2.80370896612240E+06  3.44802716279316E+07
 -4.82137906631498E+05  2.51619880330755E+07  1.60182781144748E+07 -4.87515949385800E+07
  6.03382093513578E+06  4.75514902816088E+05  2.95413774036345E+07 -3.10758820734698E+07
 -2.51704590253605E+06  3.80830132972522E+07  4.93778834234919E+07 -1.49144324194346E+07
  4.96358638355078E+06  6.79918500035234E+05 -9.50036318243589E+06  3.99573987802858E+02
  7.88853070009959E+06 -5.31481118103654E+06 -4.38177300016980E+06 -3.78943767848866E+07
  1.18064956923904E+07 -1.20110548317439E+08 -3.51781141748770E+06 -1.44267045908052E+07
  6.90043108531185E+06  3.34560004398500E+06 -1.14783033652852E+07 -1.37033849936488E+07
 -3.39763735199105E+06 -1.30042481989197E+07  2.39632062412223E+07  3.35077397529679E+05
 -4.71034338261216E+05  1.80854273647466E+06 -5.03910008613230E+05  1.51913292774082E+07
 -9.74781661034007E+06  2.95896115394281E+07  5.53250884764157E+05  9.28732694159968E+06
 -1.58189128730020E+06  9.63753900884910E+05  5.29454432653777E+06 -2.93795273405333E+04
 -2.24999101617630E+05 -4.03096139688488E+05  2.45433326507225E+06  9.21223413572180E+05
 -1.75402853066763E+06 -3.57681158913718E+06  6.75977325002560E+04  2.77666340459954E+06
 -1.81959455053576E+05 -2.43711129518028E+05  8.58872732362681E+05 -1.94876275075971E+06
  9.70177942870685E+06 -1.37848160249666E+07 -7.57602709565509E+06  2.31326689511307E+06
  1.01093574204761E+07 -5.95798698285167E+06  2.68580358971564E+05  7.59639078409619E+06
  1.32591160909043E+06 -6.05159599265764E+06  2.41934742764570E+05 -6.22510720580454E+06
 -9.45556009612181E+04  1.73558772581355E+06 -1.17728390798581E+06  4.16860984502295E+07
  1.36911295472671E+05 -7.22005471040459E+05 -1.52272240724667E+08 -5.06297740703443E+07
  3.29992653548163E+07  9.32717439917264E+07  2.53526876696662E+08 -7.71524976442808E+07
  1.83558284741799E+07  3.59351132942034E+07 -5.52048507701822E+07 -2.63244875417071E+06
 -2.31672409213875E+07 -9.79489126744163E+06 -2.81410152490490E+07 -2.01399597999255E+08
  7.70582194907026E+06 -1.61585775456098E+08  2.13309669202611E+07 -3.70587973465962E+07
  1.43801565247680E+07 -4.06269060185428E+06 -2.48309207955605E+07  5.74216090648777E+06
 -1.91889067433392E+06 -3.44097357744346E+07  2.14717054435120E+07 -2.16565365413712E+06
 -1.76963306283186E+05 -2.77914442732682E+05 -9.67599737507611E+06  4.43440518266048E+07
 -2.46856979459057E+07  1.45401447531243E+08  2.43130201704824E+05 -1.00657144586596E+07
 -6.39537485190474E+06  3.94502083527021E+06  1.44603271877508E+07 -8.03146123342528E+04
  7.69288158049899E+05  1.15356815020505E+06  1.12085896164635E+07  8.41118584943399E+05
 -3.20703355944572E+06 -2.20269435849484E+07  2.74590493468472E+05  8.81883576122752E+06
 -1.42767277533105E+06 -2.07160445316933E+06  1.19968851642221E+06 -3.49190413218687E+06
  4.91848687697753E+07 -1.64727976778054E+07  1.38954894624182E+07  5.83045489048766E+05
  4.95061536506950E+07 -1.31857723737197E+07 -1.27494259021874E+06  1.82979862936548E+07
  1.73266667355334E+06 -3.93232649213256E+07 -4.29254936757699E+06  1.79318683061816E+07
  1.98482170040584E+06  1.43515641343605E+06 -3.28466734846302E+06  2.57716587052903E+07
  2.59291919307134E+06 -1.23008263398549E+06 -5.43863477482847E+07  3.27263312677219E+07
  1.48954513969011E+07 -1.00830504344196E+08  4.64677016718581E+07 -6.75147237288461E+06
 -6.19613545431291E+06 -2.08549550807330E+07 -4.76761245240531E+06  2.12430238756805E+06
  1.61455765014687E+06 -3.79535009133389E+07  5.65086142836056E+07 -7.38980185235872E+07
  5.31522322430347E+07  1.35819338787791E+08 -2.95969513507284E+07 -1.99735462264381E+07
  1.72201736676292E+07 -8.81968796288791E+05  6.11439553866220E+07 -8.71644985555390E+07
 -9.88863901809878E+07 -4.28407965584582E+07 -9.38489211264362E+07  1.15767170643121E+07
 -1.53683853137240E+06  4.24150841239412E+07 -2.83226101440717E+07  1.95332626113984E+07
 -3.78330004753900E+06 -2.17621429020986E+06 -6.13502615757708E+06  1.97391746610829E+07
 -6.08753398021521E+06  7.72611809853147E+07  9.71865788972628E+07 -2.90764657481784E+07
 -2.58509786831279E+06  1.40225292903524E+07  1.79090166058231E+07  5.81144516957434E+07
 -5.85829712565880E+07 -5.83223711301175E+06 -8.37895324415256E+06  1.02960586646221E+07
  1.10738243557697E+08 -3.74679040356181E+06  1.26256371302563E+07 -2.39703560158003E+06
 -3.09207467280023E+07 -5.72911090061558E+06 -5.04602010614581E+06  1.83271762355714E+06
 -8.16162889458721E+06 -2.15410089675669E+07 -1.90074627460230E+07  1.32386927842923E+07
  1.16963167007754E+07  1.92562535927089E+07 -4.00129636191838E+06  7.06473637885934E+06
  1.95067691172003E+07  2.81393856056422E+07 -9.42347399910391E+07  4.58994461450608E+06
 -3.82080130420422E+07 -1.31021787578572E+08 -1.47644824182655E+07 -2.43042339216038E+05
 -5.24847871711181E+07  6.50862283132584E+07 -1.68706811175395E+06 -1.01751459554126E+07
  5.65810833806684E+06  2.64618772512484E+07  3.55372960494583E+07 -3.46698783673885E+07
  1.08318627330815E+07  2.05179197620324E+07  5.10601130904419E+07 -1.63987539164078E+07
 -2.13212657887610E+06 -1.67186323794902E+07  4.00608100777607E+07  1.68106890473096E+07
 -4.19653559955604E+06 -4.62257704056348E+07 -3.40493334604854E+07  1.90769258548158E+07
 -1.69657808801653E+06  2.17798797789318E+07 -1.65618468333287E+07 -1.91232592025627E+06
 -6.47736047273419E+06 -5.63327776703997E+06  7.45873736209694E+06 -1.95893629086441E+07
  1.24475503634464E+07 -2.38262294249383E+07 -5.34821725240859E+06 -1.33798118360587E+07
  1.01283937105500E+07 -1.49154745440343E+06 -1.81786506332441E+07 -1.22927403220438E+07
  2.31824863475879E+07 -1.08206041715242E+06  1.92984996886118E+07  1.06482540397252E+07
  5.41514392511437E+06 -2.85362061004662E+06 -2.90037701445743E+06 -2.24654107566200E+07
  6.98540211779970E+05  9.87658023491582E+05 -1.11189267720149E+05 -7.19028185005296E+06
  4.63664810238315E+06  1.56125073401943E+06 -9.27877291929158E+06  4.13266702297482E+05
 -6.20343638539386E+06  4.97164493506158E+05  1.29925521652565E+06  9.50520094558327E+05
 -1.32929819377436E+08 -2.33678734218753E+07 -9.48067487153546E+06 -2.43196256045044E+08
  1.83168349223227E+08  1.23515282628137E+08  8.18816082285606E+06  9.48463322634666E+07
 -1.12385286663268E+07 -3.30840644098529E+06 -1.26129804120653E+07  4.41166693952919E+06
 -2.99350252303440E+07 -3.93305939115922E+07  4.69751888241885E+06 -1.18163292994927E+07
 -8.70385999699465E+06 -6.51912970182636E+06  2.28750203889911E+07 -8.41013807970404E+06
  2.34508586577501E+07 -2.06410965606714E+08  1.01449929306239E+08  9.41430084467154E+06
 -4.60982147461573E+07  2.57396642623890E+08 -2.71367697234963E+07  1.26034936536062E+07
 -3.25951110723815E+07  2.96411993747575E+07 -2.58225745630845E+06  3.33955679338329E+06
 -4.42285751355706E+06 -4.06787949795509E+06 -2.22108152808168E+07 -4.75256424283328E+06
  1.59237984635961E+07  1.61768074574648E+07 -1.07142330907106E+06 -5.96159006894600E+05
  2.49019673624952E+07  1.44293223350345E+07 -5.62739181517191E+07  6.93166784311755E+07
 -1.75622122081762E+07  3.19872103940058E+07  1.18489289391377E+07  7.46207390832901E+06
 -5.72111468454197E+06 -1.03342724179875E+07 -7.71937265259558E+06  3.25789653141442E+06
  7.85980790132891E+06 -3.43154259944046E+06  1.89286779457080E+07 -1.91481884386158E+07
 -1.06631697377984E+07 -7.19386568572347E+07  3.53850123135533E+04 -6.46777445308781E+06
 -1.80666672415861E+06  5.82733121069833E+05 -6.46507928272223E+06 -2.04947414068367E+07
  1.94875480659115E+07  3.42389242612989E+06 -3.92846332232997E+06 -1.18712793805817E+07
 -1.95710995051102E+07  4.67496969732773E+06  6.26133616140388E+06 -2.98471458775757E+06
 -1.65409272241081E+05  2.42330507464305E+06 -5.91542998751711E+06  2.64273068306107E+05
  1.02244030719653E+07 -6.59845066244849E+06  2.79392218188862E+07  1.03164820051324E+06
  4.86558312674884E+06 -4.49444204126331E+06 -3.77059166733979E+06  1.18342517071968E+07
  4.94067286131541E+06  1.49286042176723E+06  2.03021060794778E+06 -6.37195402943871E+06
  1.04819082968706E+07  4.55239235529993E+06 -4.94433616954699E+05 -3.57291842760520E+06
 -2.04319881106463E+06  4.56193596069906E+05  3.15043209470021E+04 -2.19358338416952E+06
  2.64207828693327E+06  1.11972790372235E+06 -3.25079053150710E+06 -5.93761790520244E+06
 -1.99592277012784E+06 -2.09414966504687E+06  1.90207899734665E+06 -5.56831427527579E+05
  4.12154251133256E+06 -1.63960587599581E+06 -3.55023844019092E+06  3.32483375619156E+05
 -5.27713786198276E+05  9.98303911416559E+05 -1.45733942062624E+06 -4.76347531767923E+04
  4.57834563367517E+05  6.49159400318482E+05 -1.88117683124441E+03 -2.47918116850085E+05
 -4.11442636904703E+04  1.11947212966826E+05 -1.84100578138347E+06 -1.00674727252004E+06
  6.90507060812755E+05 -1.59694526754189E+05 -4.81129920723549E+05  1.64668693772936E+05
 -1.17971529622548E+05  8.82117437686410E+05 -3.12849807869870E+07  3.31862351142766E+07
 -8.39855972281578E+06  1.50570652793186E+07 -4.48370902459655E+06 -2.40248651874509E+07
  1.49461698865653E+06  9.70484553826737E+06  8.53755617025963E+05 -9.57158990524830E+05
  8.23704793962945E+06  2.30308152123371E+05 -1.57211604497690E+07 -5.04376913259528E+06
  3.43192482862694E+06  6.36126089071874E+06 -1.09802439857224E+04  3.26278175438272E+06
  2.77877020690341E+05  1.56545216939698E+06  2.24674031460541E+05 -8.94182634288894E+06
  3.92283674268495E+06  1.87595549229776E+06  1.43378810804945E+06  1.57041808517299E+07
 -3.73022977931774E+06 -3.65467394407582E+06 -3.10114563113710E+06  2.54940111045146E+06
  5.79903036781267E+05 -5.14759790718366E+05 -9.90167430842801E+04 -6.29684374429051E+05
  2.90578719696851E+06 -1.40869747123044E+07  1.40582494160796E+07  1.29144688186169E+05
  3.06305386228363E+05  1.47013699930784E+05 -8.10688600341332E+04  1.03490857714555E+07
 -5.56496377033890E+06 -2.59446718131984E+06  1.36910801258425E+06  2.78271336529086E+06
  4.33996589012109E+06  3.57567897275185E+06  6.71341683233388E+05  6.80092348572775E+05
  8.27566035543461E+05 -3.51851946208765E+04 -8.39310672005936E+05 -1.94206737938649E+05
 -4.15869548702817E+05 -3.67603985623272E+06 -2.26417102226333E+06  4.49324522387748E+06
 -1.82229475400683E+05 -1.68835624604864E+06  9.30264051794009E+04  2.21393417512504E+05
  2.11927051540265E+06 -1.63698273153038E+05 -2.68652258157796E+06  2.79379410821454E+05
  1.66604747225766E+06  2.81370863100079E+06  3.51360136660634E+05  9.13995301853226E+04
  9.16400472016487E+04  5.42328229198806E+05  9.62804753156189E+03 -5.68713853429382E+03
 -2.40756748459739E+05  2.90270712883809E+05 -1.64545875462862E+06  1.16027953709584E+06
  7.81079780146427E+05  8.74897337277171E+04 -9.87337908969730E+04 -6.50001228808758E+04
 -5.49310178297097E+05 -3.43741245312478E+05  2.47201229869268E+07  2.60249351630901E+06
  4.96058120446698E+06 -1.28188044696518E+07  7.60679032615060E+06  6.17941966552480E+06
 -1.11961463149474E+05  1.89202027307501E+07 -2.67326045901399E+07  8.10119697295042E+05
 -2.68013637319729E+06 -6.76380473041051E+06  5.52077348511129E+06 -1.57808616228521E+06
  2.42625668027981E+07 -3.55530547064826E+07 -6.23875648683004E+06 -1.71433422642535E+07
  5.50637944259592E+06  6.05284430968555E+04 -1.14128376268658E+07 -6.29444868993906E+06
 -1.57872499650136E+06 -2.82994201969055E+05  2.58668256634274E+06  4.71389081835794E+06
 -5.11611263342116E+06 -1.74699519294738E+05 -1.62365660913407E+06  2.08212581794892E+06
 -7.41999718044522E+04  4.15086061886726E+05  1.67219152081773E+05  4.76481739232439E+03
 -1.89496258636946E+06 -5.89341042216302E+06  4.91477433794913E+06  4.24328124498974E+05
  1.57640926754290E+06 -8.80805480901098E+05 -3.75002639127470E+05  4.44678671132823E+06
  7.32099148090713E+07  7.96302795195893E+06 -5.94595774718064E+06  1.11516751062221E+05
  3.14380121160798E+07  7.29394057580970E+06  2.26598818273540E+06  7.02816892826209E+06
 -1.33176059981473E+07  2.12597942291499E+04 -2.87982313842383E+06  3.66338947351632E+06
 -3.53287650970803E+06  1.01669776785780E+07 -1.47276640753049E+07 -6.30347575896464E+07
 -7.32498503666216E+05 -1.60609315087313E+07 -3.43814415924544E+05 -1.84775250053492E+06
  4.73108849478880E+06 -1.70172204388311E+07 -8.84751479643157E+06  1.28649457586334E+06
 -4.43266089180199E+05  1.67321211458429E+07  3.69844237227603E+06  3.58854360624544E+05
  4.03874854619973E+06  3.79699647616675E+06  1.58046342903470E+05 -7.18307340836364E+04
 -5.77007623828040E+05  1.68326485504327E+06 -8.82935806112599E+06 -1.26875963494275E+07
  1.14629240794845E+07 -1.98574625777599E+06  9.84591062586486E+04 -1.81243929056499E+05
  1.33351248528492E+04  9.78608645558334E+06 -1.40465233420307E+07 -8.12554983450969E+05
 -5.35966816575629E+05  2.46414324499162E+06  2.40663680438031E+06 -1.37131238325541E+06
  1.33698829765440E+06 -3.94832654630700E+06  3.19080299570919E+06 -3.49480218240759E+05
  9.56313440397941E+05  5.60338380764302E+05  3.52139561018155E+05 -1.15336446441587E+05
 -7.60881329604368E+06  1.48588231262966E+07 -3.13507092264879E+05  3.72236933705396E+06
 -8.71127045975866E+05 -3.97787429260014E+05  5.95945904895159E+06 -3.00930107471304E+07
  7.25659801321671E+06 -1.49800026694082E+06  2.12403593231776E+07  1.15811883088847E+07
  1.37484316719926E+06  1.15580066382944E+06  3.85741481172647E+05 -9.78854030593658E+06
 -2.14046425275637E+04  5.62285279297317E+05  6.93408100375005E+05 -1.29391446102072E+06
 -1.96218721455905E+06 -1.00333586034038E+07 -7.16366819433234E+05 -5.29395829418322E+05
  8.69161960172266E+04 -8.92090972980588E+05 -9.50442797466575E+05  8.69351421768715E+06
  2.55334570167370E+08 -2.37516821989500E+08 -6.48239092492632E+06 -3.36530936330516E+07
 -5.09761271015732E+07  1.55373766184615E+08 -3.49728046981014E+07 -4.78688159886427E+07
 -1.83217992560164E+07  5.08036697212732E+06  1.57862840529558E+07  7.59117055792364E+06
  1.33844629141204E+07  9.71015602074044E+06  6.51569366616682E+06 -1.03181644216660E+08
 -7.13475822516765E+06 -5.00685584187395E+07 -3.91619480878242E+06 -8.19369274216773E+06
  1.15732685225882E+07  3.83557035959240E+07 -1.82924699367915E+07  4.53499093808502E+06
 -1.89302107454171E+07 -2.42147532772292E+07 -1.77840652072591E+07 -1.17258242953416E+07
 -1.19775241996527E+07  7.08082344849624E+06  7.45353683419188E+05 -6.67542061280289E+06
  5.46276111101919E+06  1.64022337082191E+06  2.00369799872988E+07 -1.44265742676572E+07
  6.33911577797521E+06  7.50958883594669E+06  4.07293006864873E+07 -6.95858886690534E+06
 -5.43834728057089E+06  1.29394155672030E+07  2.07127127204674E+06  9.11472837569582E+06
 -8.85456186702478E+04  1.68552959915288E+06  1.50233020879302E+06 -5.08543602697363E+05
  4.39542778224601E+05  3.04131914470681E+06 -5.36550572423798E+06  7.21771114765559E+04
 -3.14684375300029E+05  1.66333822577916E+05 -9.84782617068887E+05 -1.04677065167372E+05
  3.06391133524905E+06 -4.93539694773633E+06 -1.34684864687760E+05 -1.21556899110366E+06
  1.24453128505072E+05 -1.10578767003585E+06 -1.82689923097998E+06 -1.14758171327484E+07
 -7.65404721564707E+06  3.75341042071144E+06 -7.44879511042896E+06 -6.65630699052463E+06
  4.72633889966755E+06 -1.63193711500413E+06 -2.16472833745390E+06  3.67391604738192E+06
 -2.33973559390224E+05 -1.01737983519244E+06 -3.37306636342880E+05  2.11807897225993E+06
  2.22420474496748E+06 -1.02728130201997E+06  1.78689717076770E+07  2.78533423727719E+05
  1.53114090540031E+06  1.51676443859788E+05  2.35695011339270E+06  3.55546708418222E+05
  2.77819769071954E+08 -1.19514548112778E+08 -1.09196109720812E+07 -8.46270970862657E+07
 -1.49860661198451E+08  5.72360131826521E+07 -2.77962175794674E+07 -1.85841140843760E+07
 -4.28640469744876E+06  2.30808189296615E+06  7.89184705301160E+06  1.36865357512171E+07
  2.87076892770892E+07  8.18111754307399E+07 -1.52044224694121E+07 -4.87270974598089E+05
  1.52197145447162E+07  6.08747108467285E+07 -3.26734657634813E+07 -8.61096618256042E+06
  2.74656077824223E+07  1.51908742134231E+06  9.12518900607044E+06  3.34306425942227E+06
  5.57675395200220E+06  8.90780777620517E+06  1.02114031752835E+07  9.26101585724089E+05
  4.26892729285090E+06 -9.29410819943709E+06 -7.59072464742344E+04 -1.92431013372772E+06
 -9.83050680833885E+05 -2.34253880346809E+06 -9.10302047803443E+06  9.43523062448898E+06
 -1.74326495306326E+07 -2.26976939818491E+06 -1.53397420386520E+07  4.69121916353982E+06
  1.20610589996281E+06 -6.32846648743212E+06 -5.65664449169086E+07  5.41586733839782E+06
  5.52449591961090E+06  2.36269296281005E+07  2.71068092985318E+07  1.16710871554435E+07
  1.73659803105620E+06  1.09803862078834E+07 -3.52594179132265E+06  9.93786240507384E+04
 -4.14528347259455E+06 -2.05820654588785E+06 -6.35668869582086E+06 -2.22837992040603E+07
  8.11565011777335E+06  1.82566876187470E+07 -3.57524061856089E+06 -2.67705088482065E+07
  6.24927913774620E+06  1.92582187846973E+06 -7.10842361580354E+06  6.74181057026893E+07
 -1.01289882354075E+08  6.53869508417505E+06  6.17916409259725E+07  2.29372665369155E+06
  3.43991936371178E+07 -3.63839987900375E+06  3.56391495966489E+06 -3.09031443089509E+06
  6.90827495593840E+05 -5.66212157203708E+06  1.43261925364314E+06 -3.90918241776055E+05
 -2.88727320825175E+06  9.62200965994273E+05 -2.40138105935208E+06 -3.19569930803737E+06
 -7.79684100530040E+05  2.28627100420119E+06 -1.98850447972827E+06  1.47892041400429E+06
 -1.63108578172254E+06 -1.02479810846228E+05  3.95326870183175E+05 -9.52969971849743E+05
  2.07379697056389E+07  1.20859459718071E+06  3.31459013451219E+06 -8.71190613507204E+06
  2.80852423598637E+06  2.92564087540312E+07  2.38654728805011E+07 -3.16943235106468E+06
  1.21965595293224E+07  2.99809768748301E+06 -8.49697864134351E+05  8.91937985133653E+05
 -6.38605079975685E+05  9.05904176475576E+06 -4.49825050877894E+06  5.23474929788285E+06
 -2.16275270605127E+07  1.42169362280367E+06 -6.05570789725897E+06  2.05161158063850E+06
  1.79390322210899E+06 -2.15989911930830E+06  1.17233915828478E+06 -1.31918468955570E+07
  1.42933269976395E+06 -8.74955193119728E+06  3.14263674064361E+06 -3.38238674806640E+06
  1.05695562015719E+07 -4.68115486115047E+06 -2.16652795079462E+06 -5.12175702284959E+06
  6.83877500933400E+05  1.37202675072682E+06  1.45508256208867E+05 -2.42885781070749E+07
  1.30318592255331E+07 -1.42006571381220E+05 -2.06369661278904E+05 -2.69246457484054E+06
  4.54707753254223E+06  7.39019663726457E+06  6.02082502945201E+06 -2.30364564711941E+07
 -1.14312763376501E+07  4.37030686658175E+07 -4.63916745633211E+06 -4.87231592806404E+06
  7.01842600374917E+05  3.55642596181550E+06  1.91236920614498E+06  4.32774790390926E+05
 -2.17651204615064E+06  1.43411272241149E+07  1.89080888855636E+06  4.66069422551455E+07
 -3.64854057804191E+07  1.84862903009842E+06  3.80358617902265E+07 -2.28769225543452E+07
 -1.96894128401148E+07 -2.72482911511703E+07  1.10465045719407E+07  1.86875334630404E+07
  7.24812702193379E+06 -1.55793200640160E+07  1.97363037935241E+06  4.16315910623370E+06
 -5.81210657398585E+06 -9.11990461888827E+06  1.17822335178481E+08 -7.29990044050077E+07
  7.32265347217428E+06  2.48112262493671E+07 -3.88147012636132E+07  4.04942288713449E+06
  1.01095793262613E+07  2.00309598439755E+05  4.48847433967617E+06 -3.22919709590875E+05
  4.32953115835091E+07 -3.20379937878629E+07 -1.57563217736372E+05 -1.32862192419831E+07
  1.43624838273048E+07 -1.39125201782783E+07 -1.90989791664599E+07 -1.09464519608637E+06
 -7.30563705439925E+06  1.91456998877148E+07 -2.16513926726471E+06 -3.62710134456440E+06
  1.90873667646106E+06  2.12520864280847E+06  7.60238342656249E+06 -2.11280285583117E+07
  1.83351848823778E+07 -2.93281293643198E+06 -4.99396058747207E+05 -1.03766177177847E+07
  1.99452323382857E+07 -2.22621721659270E+07  2.46908338347757E+06 -1.06628488525863E+07
  1.02893104670190E+07  3.37911640985828E+06 -9.36907750141581E+06  4.62570773152354E+06
 -7.67383226651016E+06  7.64995938023214E+06 -2.29760236618834E+06  2.04948829268040E+06
 -4.47210598722440E+05  4.32988251942229E+05  3.10645120957633E+06 -1.57856881691421E+07
 -5.00479714216648E+05 -5.05832768230046E+05 -7.21448226345736E+05  1.60074284223533E+07
  2.85470015685612E+07  1.70690823593006E+05  6.86619744689906E+06 -1.13055593579672E+07
 -2.43243761588417E+07  6.42146470779910E+06 -1.64552364721681E+07  1.03773785141969E+06
 -1.29233939784760E+07 -1.65096556400699E+07  1.11295702498358E+06  3.01038872117951E+06
  4.20956063762969E+06 -8.99413878447543E+06  2.65756720145325E+06  5.09288921185983E+06
 -5.62243942611580E+06  6.24541549731259E+06 -2.19357042468376E+06  7.05233593166181E+06
 -7.34267068475764E+06 -3.02671284090786E+06 -8.23457157056522E+05 -1.08174535792455E+07
  2.18905380875507E+07 -1.54018743391912E+08  5.93495274137244E+07  1.95240135075821E+07
  1.36808531420036E+08 -1.31897804602389E+08  1.52937092367067E+08 -6.07176375653671E+07
 -1.11434430070515E+07  2.91217839634900E+07 -1.54060742121014E+08  2.48997510690691E+07
  1.13662059274904E+06 -1.01129113212324E+06 -3.99316262065042E+07  2.51847860452732E+07
  2.96994422878983E+07  4.11967137859120E+06  2.12816617144003E+06  7.61813691139086E+06
 -1.67541690560452E+06 -3.38703909525626E+06  4.45742503654978E+06 -1.12829326902558E+06
  8.55655787612479E+06 -8.73290987585090E+06 -4.68357800372638E+06 -6.70278392390331E+05
 -9.42065788495471E+04 -3.31635087932971E+06  2.29165287613528E+06  5.88076409426876E+07
 -2.40405173718382E+07  2.01377281064792E+06 -2.09106850366211E+07  2.43022793008943E+07
  1.06897211302346E+08 -2.21980101735075E+07  8.21920113678385E+06  2.12050120425592E+06
  8.10090359792976E+06 -1.59463145610579E+07  4.98424829653290E+06 -8.94253660151250E+05
 -3.01496641791162E+06 -1.85602757491571E+06  5.11703413898758E+04 -1.70754501411535E+06
 -2.11176221362796E+05  1.70526640316606E+06  9.53772517420531E+05  6.07819433164507E+05
  4.49966203696105E+05  7.08216786604255E+04 -2.31982014454839E+05 -1.89694455067988E+04
 -4.84039126504157E+05  9.88905279328306E+05  1.79524383176344E+05  3.01853902655843E+04
  3.05766636813332E+05  9.83627911918508E+05  9.89007799809941E+06  4.65146553279047E+06
  6.20192978070881E+05  5.14064978183235E+06  1.64019003554027E+06  7.64650546941955E+05
 -3.85222793398322E+06 -1.32288744829067E+06 -4.18478344097601E+06  5.83126476222514E+05
 -3.42067165869641E+06  1.80204187241445E+06 -2.99836058215230E+05 -4.71998591248372E+04
  2.81353027830753E+05  1.72060761418731E+06 -1.28461321431754E+05 -7.85445222519017E+06
 -7.70978132438865E+06  5.08971683771978E+06 -7.11671677025919E+05  3.44249341553160E+06
  2.18017374441518E+06 -1.22261301016007E+05 -4.43403613631394E+05  3.65245525416128E+05
 -1.60446977681162E+06 -2.03346175325571E+06  1.62243392578606E+06 -2.34742739673213E+05
 -9.57717138953659E+05 -2.61755189365622E+06 -4.49326341107401E+06 -3.34209408567965E+06
  2.97755211622677E+06 -1.20963288011857E+07 -1.21672989376144E+07 -5.90293300380287E+06
  9.61669796959313E+04 -1.09300962421744E+07 -2.39418728571604E+06 -6.52443333588329E+06
  8.18512851316675E+05  6.96310290985885E+04 -9.18108094550538E+06  4.19708318992958E+06
  3.93896588844877E+06 -1.35190281366570E+06 -1.03563971575153E+07 -1.37936632956156E+06
 -1.57974969451932E+06 -2.05024280979098E+06  1.68313966875083E+06 -4.57207202476986E+05
 -1.90927566328301E+05 -7.11397756455514E+05  1.37530835553396E+06  1.90711393352663E+06
  2.84073253979946E+05 -9.50269793755881E+06 -6.42869487969659E+04  1.26659999196583E+07
 -5.63589459499596E+05  1.05531586386087E+06  1.17652546509116E+06 -2.48500221865958E+06
 -7.98248500023633E+05  1.66327054013229E+05  3.52491840814719E+06 -2.26089524714122E+05
 -2.08598759213952E+06  7.74849900615102E+06  7.90707769097482E+07  1.22260637610770E+07
  5.25832159049518E+06 -2.11731580057830E+07  9.96534069892174E+06  2.27635607782961E+06
 -3.24944315878549E+06  2.23559541758599E+05 -1.94733448607851E+05 -6.25566350762605E+05
 -2.10081638094692E+06 -4.80616783958019E+05 -2.54261106647138E+07 -4.11829393257838E+07
  1.19303035694067E+07  1.73668802427507E+06 -5.03233477125864E+05  1.52818178550723E+06
  4.38703860509581E+06 -3.23807858168769E+06  1.17505250266377E+06
