       1    1.800    1.200    0.010     -146.6398757
       2    1.800    1.200   10.000     -147.2749931
       3    1.800    1.200   20.000     -148.3860449
       4    1.800    1.200   30.000     -149.1773834
       5    1.800    1.200   40.000     -149.6082704
       6    1.800    1.200   41.410     -149.6491248
       7    1.800    1.200   50.000     -149.8324324
       8    1.800    1.200   60.000     -149.9603178
       9    1.800    1.200   70.000     -150.0453347
      10    1.800    1.200   80.000     -150.1077540
      11    1.800    1.200   90.000     -150.1544087
      12    1.800    1.200  100.000     -150.1882002
      13    1.800    1.200  110.000     -150.2110233
      14    1.800    1.200  120.000     -150.2245902
      15    1.800    1.200  130.000     -150.2305774
      16    1.800    1.200  140.000     -150.2308111
      17    1.800    1.200  150.000     -150.2269415
      18    1.800    1.200  160.000     -150.2216371
      19    1.800    1.200  170.000     -150.2171557
      20    1.800    1.200  179.990     -150.2153041
       0    0.000    0.000    0.000        0.0000000
      21    1.800    1.400    0.010     -142.3404791
      22    1.800    1.400   10.000     -144.8527053
      23    1.800    1.400   20.000     -147.7937280
      24    1.800    1.400   30.000     -149.2076668
      25    1.800    1.400   40.000     -149.7894454
      26    1.800    1.400   49.990     -150.0326025
      27    1.800    1.400   50.000     -150.0326855
      28    1.800    1.400   60.000     -150.1506258
      29    1.800    1.400   70.000     -150.2248475
      30    1.800    1.400   80.000     -150.2804597
      31    1.800    1.400   90.000     -150.3231393
      32    1.800    1.400  100.000     -150.3543585
      33    1.800    1.400  110.000     -150.3753686
      34    1.800    1.400  120.000     -150.3875911
      35    1.800    1.400  130.000     -150.3924912
      36    1.800    1.400  140.000     -150.3916382
      37    1.800    1.400  150.000     -150.3868671
      38    1.800    1.400  160.000     -150.3804258
      39    1.800    1.400  170.000     -150.3749246
      40    1.800    1.400  179.990     -150.3727684
       0    0.000    0.000    0.000        0.0000000
      41    1.800    1.600    0.010     -126.7030964
      42    1.800    1.600   10.000     -140.7547698
      43    1.800    1.600   20.000     -147.3190426
      44    1.800    1.600   30.000     -149.2964612
      45    1.800    1.600   40.000     -149.9389047
      46    1.800    1.600   50.000     -150.1619092
      47    1.800    1.600   55.770     -150.2223885
      48    1.800    1.600   60.000     -150.2538382
      49    1.800    1.600   70.000     -150.3109991
      50    1.800    1.600   80.000     -150.3581113
      51    1.800    1.600   90.000     -150.3965023
      52    1.800    1.600  100.000     -150.4250534
      53    1.800    1.600  110.000     -150.4441395
      54    1.800    1.600  120.000     -150.4548513
      55    1.800    1.600  130.000     -150.4584430
      56    1.800    1.600  140.000     -150.4563074
      57    1.800    1.600  150.000     -150.4501353
      58    1.800    1.600  160.000     -150.4421747
      59    1.800    1.600  170.000     -150.4353467
      60    1.800    1.600  179.990     -150.4325600
       0    0.000    0.000    0.000        0.0000000
      61    1.800    1.700    0.010      -90.6942194
      62    1.800    1.700   10.000     -138.9176544
      63    1.800    1.700   20.000     -147.2984427
      64    1.800    1.700   30.000     -149.3864679
      65    1.800    1.700   40.000     -150.0116579
      66    1.800    1.700   50.000     -150.2119510
      67    1.800    1.700   58.030     -150.2761304
      68    1.800    1.700   60.000     -150.2870950
      69    1.800    1.700   70.000     -150.3344978
      70    1.800    1.700   80.000     -150.3774306
      71    1.800    1.700   90.000     -150.4139632
      72    1.800    1.700  100.000     -150.4413374
      73    1.800    1.700  110.000     -150.4595140
      74    1.800    1.700  120.000     -150.4694666
      75    1.800    1.700  130.000     -150.4723701
      76    1.800    1.700  140.000     -150.4695210
      77    1.800    1.700  150.000     -150.4624964
      78    1.800    1.700  160.000     -150.4535085
      79    1.800    1.700  170.000     -150.4457116
      80    1.800    1.700  179.990     -150.4425009
       0    0.000    0.000    0.000        0.0000000
      81    1.800    1.800   10.000     -138.5382360
      82    1.800    1.800   20.000     -147.4653521
      83    1.800    1.800   30.000     -149.5032662
      84    1.800    1.800   40.000     -150.0826259
      85    1.800    1.800   50.000     -150.2548736
      86    1.800    1.800   60.000     -150.3121898
      87    1.800    1.800   70.000     -150.3495699
      88    1.800    1.800   80.000     -150.3887574
      89    1.800    1.800   90.000     -150.4238118
      90    1.800    1.800  100.000     -150.4501739
      91    1.800    1.800  110.000     -150.4674948
      92    1.800    1.800  120.000     -150.4766990
      93    1.800    1.800  130.000     -150.4789083
      94    1.800    1.800  140.000     -150.4753147
      95    1.800    1.800  150.000     -150.4673396
      96    1.800    1.800  160.000     -150.4570924
      97    1.800    1.800  170.000     -150.4480015
      98    1.800    1.800  179.990     -150.4442615
       0    0.000    0.000    0.000        0.0000000
      99    1.800    1.850   10.000     -139.0590124
     100    1.800    1.850   20.000     -147.6110515
     101    1.800    1.850   30.000     -149.5687633
     102    1.800    1.850   40.000     -150.1169004
     103    1.800    1.850   50.000     -150.2739592
     104    1.800    1.850   60.890     -150.3251309
     105    1.800    1.850   70.000     -150.3546612
     106    1.800    1.850   80.000     -150.3922363
     107    1.800    1.850   90.000     -150.4267325
     108    1.800    1.850  100.000     -150.4526537
     109    1.800    1.850  110.000     -150.4695649
     110    1.800    1.850  120.000     -150.4783998
     111    1.800    1.850  130.000     -150.4802647
     112    1.800    1.850  140.000     -150.4762948
     113    1.800    1.850  150.000     -150.4678136
     114    1.800    1.850  160.000     -150.4568338
     115    1.800    1.850  170.000     -150.4469204
     116    1.800    1.850  179.990     -150.4428741
       0    0.000    0.000    0.000        0.0000000
     117    1.800    1.900    0.010      -90.7389771
     118    1.800    1.900   10.000     -139.9450485
     119    1.800    1.900   20.000     -147.7883198
     120    1.800    1.900   30.000     -149.6371183
     121    1.800    1.900   40.000     -150.1500476
     122    1.800    1.900   50.000     -150.2915676
     123    1.800    1.900   61.730     -150.3353219
     124    1.800    1.900   70.000     -150.3584188
     125    1.800    1.900   80.000     -150.3946126
     126    1.800    1.900   90.000     -150.4286895
     127    1.800    1.900  100.000     -150.4542093
     128    1.800    1.900  110.000     -150.4707186
     129    1.800    1.900  120.000     -150.4791871
     130    1.800    1.900  130.000     -150.4807126
     131    1.800    1.900  140.000     -150.4763701
     132    1.800    1.900  150.000     -150.4673675
     133    1.800    1.900  160.000     -150.4555737
     134    1.800    1.900  170.000     -150.4446537
     135    1.800    1.900  179.990     -150.4402992
       0    0.000    0.000    0.000        0.0000000
     136    1.800    2.000    0.010     -126.8463720
     137    1.800    2.000   10.000     -142.2091777
     138    1.800    2.000   20.000     -148.2019152
     139    1.800    2.000   30.000     -149.7767432
     140    1.800    2.000   40.000     -150.2120886
     141    1.800    2.000   50.000     -150.3226064
     142    1.800    2.000   63.260     -150.3489756
     143    1.800    2.000   70.000     -150.3626282
     144    1.800    2.000   80.000     -150.3969798
     145    1.800    2.000   90.000     -150.4306676
     146    1.800    2.000  100.000     -150.4554653
     147    1.800    2.000  110.000     -150.4711706
     148    1.800    2.000  120.000     -150.4789115
     149    1.800    2.000  130.000     -150.4797858
     150    1.800    2.000  140.000     -150.4747386
     151    1.800    2.000  150.000     -150.4646866
     152    1.800    2.000  160.000     -150.4509317
     153    1.800    2.000  170.000     -150.4366294
     154    1.800    2.000  179.990     -150.4322905
       0    0.000    0.000    0.000        0.0000000
     155    1.800    2.100    0.010     -137.6811090
     156    1.800    2.100   10.000     -144.3920813
     157    1.800    2.100   20.000     -148.6365898
     158    1.800    2.100   30.000     -149.9120003
     159    1.800    2.100   40.000     -150.2673255
     160    1.800    2.100   50.000     -150.3484684
     161    1.800    2.100   64.620     -150.3556808
     162    1.800    2.100   70.000     -150.3633449
     163    1.800    2.100   80.000     -150.3976561
     164    1.800    2.100   90.000     -150.4315161
     165    1.800    2.100  100.000     -150.4555523
     166    1.800    2.100  110.000     -150.4703909
     167    1.800    2.100  120.000     -150.4774025
     168    1.800    2.100  130.000     -150.4776951
     169    1.800    2.100  140.000     -150.4720860
     170    1.800    2.100  150.000     -150.4611593
     171    1.800    2.100  160.000     -150.4451460
     172    1.800    2.100  170.000     -150.4195775
     173    1.800    2.100  179.990     -150.4029461
       0    0.000    0.000    0.000        0.0000000
     174    1.800    2.300    0.010     -145.5319690
     175    1.800    2.300   10.000     -147.4352999
     176    1.800    2.300   20.000     -149.3933423
     177    1.800    2.300   30.000     -150.1426652
     178    1.800    2.300   40.000     -150.3546245
     179    1.800    2.300   50.000     -150.3866664
     180    1.800    2.300   66.960     -150.3540867
     181    1.800    2.300   70.000     -150.3803432
     182    1.800    2.300   80.000     -150.4137841
     183    1.800    2.300   90.000     -150.4364113
     184    1.800    2.300  100.000     -150.4571443
     185    1.800    2.300  110.000     -150.4696214
     186    1.800    2.300  120.000     -150.4751308
     187    1.800    2.300  130.000     -150.4747108
     188    1.800    2.300  140.000     -150.4691173
     189    1.800    2.300  150.000     -150.4590527
     190    1.800    2.300  160.000     -150.4460764
     191    1.800    2.300  170.000     -150.4358182
     192    1.800    2.300  179.990     -150.4322580
       0    0.000    0.000    0.000        0.0000000
     193    1.800    2.500    0.010     -148.3435278
     194    1.800    2.500   10.000     -149.0230046
     195    1.800    2.500   20.000     -149.9057690
     196    1.800    2.500   30.000     -150.3045847
     197    1.800    2.500   40.000     -150.4117460
     198    1.800    2.500   50.000     -150.4107035
     199    1.800    2.500   68.900     -150.4112583
     200    1.800    2.500   70.000     -150.4141338
     201    1.800    2.500   80.000     -150.4395497
     202    1.800    2.500   90.000     -150.4595637
     203    1.800    2.500  100.000     -150.4655377
     204    1.800    2.500  110.000     -150.4738254
     205    1.800    2.500  120.000     -150.4776704
     206    1.800    2.500  130.000     -150.4772031
     207    1.800    2.500  140.000     -150.4732343
     208    1.800    2.500  150.000     -150.4670977
     209    1.800    2.500  160.000     -150.4612187
     210    1.800    2.500  170.000     -150.4569193
     211    1.800    2.500  179.990     -150.4551486
       0    0.000    0.000    0.000        0.0000000
     212    1.800    2.700    0.010     -149.5356792
     213    1.800    2.700   10.000     -149.8075322
     214    1.800    2.700   20.000     -150.2075371
     215    1.800    2.700   30.000     -150.4029971
     216    1.800    2.700   40.000     -150.4442812
     217    1.800    2.700   50.000     -150.4258966
     218    1.800    2.700   70.000     -150.4408066
     219    1.800    2.700   70.530     -150.4418230
     220    1.800    2.700   80.000     -150.4597701
     221    1.800    2.700   90.000     -150.4751101
     222    1.800    2.700  100.000     -150.4844610
     223    1.800    2.700  110.000     -150.4841154
     224    1.800    2.700  120.000     -150.4850434
     225    1.800    2.700  130.000     -150.4845384
     226    1.800    2.700  140.000     -150.4822869
     227    1.800    2.700  150.000     -150.4792973
     228    1.800    2.700  160.000     -150.4763100
     229    1.800    2.700  170.000     -150.4736581
     230    1.800    2.700  179.990     -150.4725951
       0    0.000    0.000    0.000        0.0000000
     231    1.800    2.850    0.010     -149.9736287
     232    1.800    2.850   10.000     -150.1169003
     233    1.800    2.850   20.000     -150.3377615
     234    1.800    2.850   30.000     -150.4450470
     235    1.800    2.850   40.000     -150.4571102
     236    1.800    2.850   50.000     -150.4348985
     237    1.800    2.850   60.000     -150.4423079
     238    1.800    2.850   80.000     -150.4718204
     239    1.800    2.850   90.000     -150.4842720
     240    1.800    2.850  100.000     -150.4919217
     241    1.800    2.850  110.000     -150.4952866
     242    1.800    2.850  120.000     -150.4926517
     243    1.800    2.850  130.000     -150.4914998
     244    1.800    2.850  140.000     -150.4898755
     245    1.800    2.850  150.000     -150.4878034
     246    1.800    2.850  160.000     -150.4855024
     247    1.800    2.850  170.000     -150.4835463
     248    1.800    2.850  179.990     -150.4827851
       0    0.000    0.000    0.000        0.0000000
     249    1.800    3.000    0.010     -150.2153042
     250    1.800    3.000   10.000     -150.2927613
     251    1.800    3.000   20.000     -150.4136879
     252    1.800    3.000   30.000     -150.4679948
     253    1.800    3.000   40.000     -150.4635596
     254    1.800    3.000   50.000     -150.4461529
     255    1.800    3.000   60.000     -150.4584054
     256    1.800    3.000   70.000     -150.4697481
     257    1.800    3.000   72.540     -150.4727880
     258    1.800    3.000   80.000     -150.4816764
     259    1.800    3.000   90.000     -150.4916940
     260    1.800    3.000  100.000     -150.4979196
     261    1.800    3.000  110.000     -150.5005817
     262    1.800    3.000  120.000     -150.4996483
     263    1.800    3.000  130.000     -150.4980350
     264    1.800    3.000  140.000     -150.4965314
     265    1.800    3.000  150.000     -150.4948060
     266    1.800    3.000  160.000     -150.4929845
     267    1.800    3.000  170.000     -150.4915299
     268    1.800    3.000  179.990     -150.4909753
       0    0.000    0.000    0.000        0.0000000
     269    1.800    3.100    0.010     -150.3111094
     270    1.800    3.100   10.000     -150.3631186
     271    1.800    3.100   20.000     -150.4438197
     272    1.800    3.100   30.000     -150.4757942
     273    1.800    3.100   40.000     -150.4657520
     274    1.800    3.100   50.000     -150.4561765
     275    1.800    3.100   60.000     -150.4673480
     276    1.800    3.100   80.000     -150.4872184
     277    1.800    3.100   90.000     -150.4958423
     278    1.800    3.100  100.000     -150.5012416
     279    1.800    3.100  110.000     -150.5034996
     280    1.800    3.100  120.000     -150.5029868
     281    1.800    3.100  130.000     -150.5016293
     282    1.800    3.100  140.000     -150.5002225
     283    1.800    3.100  150.000     -150.4986926
     284    1.800    3.100  160.000     -150.4971535
     285    1.800    3.100  170.000     -150.4959569
     286    1.800    3.100  179.990     -150.4955057
       0    0.000    0.000    0.000        0.0000000
     287    1.800    3.200    0.010     -150.3729802
     288    1.800    3.200   10.000     -150.4083578
     289    1.800    3.200   20.000     -150.4620741
     290    1.800    3.200   30.000     -150.4794168
     291    1.800    3.200   40.000     -150.4671557
     292    1.800    3.200   50.000     -150.4650032
     293    1.800    3.200   60.000     -150.4750588
     294    1.800    3.200   73.670     -150.4865473
     295    1.800    3.200   80.000     -150.4920511
     296    1.800    3.200   90.000     -150.4994484
     297    1.800    3.200  100.000     -150.5041061
     298    1.800    3.200  110.000     -150.5060132
     299    1.800    3.200  120.000     -150.5056964
     300    1.800    3.200  130.000     -150.5045890
     301    1.800    3.200  140.000     -150.5033589
     302    1.800    3.200  150.000     -150.5020387
     303    1.800    3.200  160.000     -150.5007485
     304    1.800    3.200  170.000     -150.4997678
     305    1.800    3.200  179.990     -150.4994007
       0    0.000    0.000    0.000        0.0000000
     306    1.800    3.300    0.010     -150.4111335
     307    1.800    3.300   10.000     -150.4357589
     308    1.800    3.300   20.000     -150.4718433
     309    1.800    3.300   30.000     -150.4801800
     310    1.800    3.300   40.000     -150.4684222
     311    1.800    3.300   50.000     -150.4727025
     312    1.800    3.300   60.000     -150.4816954
     313    1.800    3.300   74.170     -150.4919434
     314    1.800    3.300   80.000     -150.4962594
     315    1.800    3.300   90.000     -150.5025837
     316    1.800    3.300  100.000     -150.5065772
     317    1.800    3.300  110.000     -150.5081826
     318    1.800    3.300  120.000     -150.5079833
     319    1.800    3.300  130.000     -150.5070957
     320    1.800    3.300  140.000     -150.5060420
     321    1.800    3.300  150.000     -150.5049171
     322    1.800    3.300  160.000     -150.5038428
     323    1.800    3.300  170.000     -150.5030397
     324    1.800    3.300  179.990     -150.5027410
       0    0.000    0.000    0.000        0.0000000
     325    1.800    3.400    0.010     -150.4326604
     326    1.800    3.400   10.000     -150.4505241
     327    1.800    3.400   20.000     -150.4756294
     328    1.800    3.400   30.000     -150.4792264
     329    1.800    3.400   40.000     -150.4700455
     330    1.800    3.400   50.000     -150.4793845
     331    1.800    3.400   60.000     -150.4874008
     332    1.800    3.400   74.650     -150.4965419
     333    1.800    3.400   80.000     -150.4999171
     334    1.800    3.400   90.000     -150.5053063
     335    1.800    3.400  100.000     -150.5087086
     336    1.800    3.400  110.000     -150.5100594
     337    1.800    3.400  120.000     -150.5099404
     338    1.800    3.400  130.000     -150.5092268
     339    1.800    3.400  140.000     -150.5083355
     340    1.800    3.400  150.000     -150.5073875
     341    1.800    3.400  160.000     -150.5064974
     342    1.800    3.400  170.000     -150.5058409
     343    1.800    3.400  179.990     -150.5055980
       0    0.000    0.000    0.000        0.0000000
     344    1.800    3.500    0.010     -150.4425019
     345    1.800    3.500   10.000     -150.4565138
     346    1.800    3.500   20.000     -150.4754205
     347    1.800    3.500   30.000     -150.4775569
     348    1.800    3.500   40.000     -150.4723215
     349    1.800    3.500   50.000     -150.4851689
     350    1.800    3.500   60.000     -150.4923040
     351    1.800    3.500   75.100     -150.5004582
     352    1.800    3.500   80.000     -150.5030890
     353    1.800    3.500   90.000     -150.5076663
     354    1.800    3.500  100.000     -150.5105472
     355    1.800    3.500  110.000     -150.5116835
     356    1.800    3.500  120.000     -150.5116183
     357    1.800    3.500  130.000     -150.5110406
     358    1.800    3.500  140.000     -150.5102938
     359    1.800    3.500  150.000     -150.5095022
     360    1.800    3.500  160.000     -150.5087683
     361    1.800    3.500  170.000     -150.5082328
     362    1.800    3.500  179.990     -150.5080355
       0    0.000    0.000    0.000        0.0000000
     363    1.800    3.600    0.010     -150.4441460
     364    1.800    3.600   10.000     -150.4564382
     365    1.800    3.600   20.000     -150.4728502
     366    1.800    3.600   30.000     -150.4760397
     367    1.800    3.600   40.000     -150.4753583
     368    1.800    3.600   50.000     -150.4901684
     369    1.800    3.600   60.000     -150.4965174
     370    1.800    3.600   75.520     -150.5037899
     371    1.800    3.600   80.000     -150.5058318
     372    1.800    3.600   90.000     -150.5097067
     373    1.800    3.600  100.000     -150.5121321
     374    1.800    3.600  110.000     -150.5130879
     375    1.800    3.600  120.000     -150.5130568
     376    1.800    3.600  130.000     -150.5125886
     377    1.800    3.600  140.000     -150.5119661
     378    1.800    3.600  150.000     -150.5113082
     379    1.800    3.600  160.000     -150.5107057
     380    1.800    3.600  170.000     -150.5102699
     381    1.800    3.600  179.990     -150.5101099
       0    0.000    0.000    0.000        0.0000000
     382    1.800    3.800    0.010     -150.4321631
     383    1.800    3.800   10.000     -150.4457927
     384    1.800    3.800   20.000     -150.4663720
     385    1.800    3.800   30.000     -150.4758634
     386    1.800    3.800   40.000     -150.4836206
     387    1.800    3.800   50.000     -150.4982074
     388    1.800    3.800   60.000     -150.5032480
     389    1.800    3.800   70.000     -150.5068450
     390    1.800    3.800   76.300     -150.5090170
     391    1.800    3.800   80.000     -150.5102274
     392    1.800    3.800   90.000     -150.5129761
     393    1.800    3.800  100.000     -150.5146692
     394    1.800    3.800  110.000     -150.5153386
     395    1.800    3.800  120.000     -150.5153397
     396    1.800    3.800  130.000     -150.5150286
     397    1.800    3.800  140.000     -150.5146014
     398    1.800    3.800  150.000     -150.5141546
     399    1.800    3.800  160.000     -150.5137535
     400    1.800    3.800  170.000     -150.5134672
     401    1.800    3.800  179.990     -150.5133627
       0    0.000    0.000    0.000        0.0000000
     402    1.800    4.000    0.010     -150.4184498
     403    1.800    4.000   10.000     -150.4404876
     404    1.800    4.000   20.000     -150.4661547
     405    1.800    4.000   30.000     -150.4805419
     406    1.800    4.000   40.000     -150.4947378
     407    1.800    4.000   50.000     -150.5041725
     408    1.800    4.000   60.000     -150.5082073
     409    1.800    4.000   70.000     -150.5109914
     410    1.800    4.000   77.000     -150.5127501
     411    1.800    4.000   80.000     -150.5134476
     412    1.800    4.000   90.000     -150.5153714
     413    1.800    4.000  100.000     -150.5165317
     414    1.800    4.000  110.000     -150.5169902
     415    1.800    4.000  120.000     -150.5169975
     416    1.800    4.000  130.000     -150.5167880
     417    1.800    4.000  140.000     -150.5164985
     418    1.800    4.000  150.000     -150.5162007
     419    1.800    4.000  160.000     -150.5159384
     420    1.800    4.000  170.000     -150.5157528
     421    1.800    4.000  179.990     -150.5156851
       0    0.000    0.000    0.000        0.0000000
     422    1.800    4.500    0.010     -150.4725951
     423    1.800    4.500   10.000     -150.4783425
     424    1.800    4.500   20.000     -150.4895829
     425    1.800    4.500   30.000     -150.5004000
     426    1.800    4.500   40.000     -150.5085958
     427    1.800    4.500   50.000     -150.5131817
     428    1.800    4.500   60.000     -150.5155259
     429    1.800    4.500   70.000     -150.5169775
     430    1.800    4.500   78.460     -150.5179060
     431    1.800    4.500   80.000     -150.5180501
     432    1.800    4.500   90.000     -150.5187960
     433    1.800    4.500  100.000     -150.5192117
     434    1.800    4.500  110.000     -150.5193631
     435    1.800    4.500  120.000     -150.5193524
     436    1.800    4.500  130.000     -150.5192680
     437    1.800    4.500  140.000     -150.5191644
     438    1.800    4.500  150.000     -150.5190675
     439    1.800    4.500  160.000     -150.5189859
     440    1.800    4.500  170.000     -150.5189280
     441    1.800    4.500  179.990     -150.5189066
       0    0.000    0.000    0.000        0.0000000
     442    1.800    5.000    0.010     -150.4994007
     443    1.800    5.000   10.000     -150.5016628
     444    1.800    5.000   20.000     -150.5066301
     445    1.800    5.000   30.000     -150.5116029
     446    1.800    5.000   40.000     -150.5153018
     447    1.800    5.000   50.000     -150.5175375
     448    1.800    5.000   60.000     -150.5187587
     449    1.800    5.000   70.000     -150.5194634
     450    1.800    5.000   79.630     -150.5198920
     451    1.800    5.000   80.000     -150.5199048
     452    1.800    5.000   90.000     -150.5201673
     453    1.800    5.000  100.000     -150.5202917
     454    1.800    5.000  110.000     -150.5203198
     455    1.800    5.000  120.000     -150.5202964
     456    1.800    5.000  130.000     -150.5202574
     457    1.800    5.000  140.000     -150.5202236
     458    1.800    5.000  150.000     -150.5201997
     459    1.800    5.000  160.000     -150.5201813
     460    1.800    5.000  170.000     -150.5201674
     461    1.800    5.000  179.990     -150.5201621
       0    0.000    0.000    0.000        0.0000000
     462    1.800    6.000    0.010     -150.5173265
     463    1.800    6.000   10.000     -150.5176615
     464    1.800    6.000   20.000     -150.5184443
     465    1.800    6.000   30.000     -150.5192793
     466    1.800    6.000   40.000     -150.5199318
     467    1.800    6.000   50.000     -150.5203513
     468    1.800    6.000   60.000     -150.5205848
     469    1.800    6.000   70.000     -150.5206972
     470    1.800    6.000   81.370     -150.5207434
     471    1.800    6.000   90.000     -150.5207489
     472    1.800    6.000  100.000     -150.5207389
     473    1.800    6.000  110.000     -150.5207204
     474    1.800    6.000  120.000     -150.5207022
     475    1.800    6.000  130.000     -150.5206905
     476    1.800    6.000  140.000     -150.5206874
     477    1.800    6.000  150.000     -150.5206906
     478    1.800    6.000  160.000     -150.5206962
     479    1.800    6.000  170.000     -150.5207005
     480    1.800    6.000  179.990     -150.5207023
       0    0.000    0.000    0.000        0.0000000
     481    1.800    7.000    0.010     -150.5203962
     482    1.800    7.000   10.000     -150.5204324
     483    1.800    7.000   20.000     -150.5205144
     484    1.800    7.000   30.000     -150.5205986
     485    1.800    7.000   40.000     -150.5206652
     486    1.800    7.000   50.000     -150.5207078
     487    1.800    7.000   60.000     -150.5207239
     488    1.800    7.000   70.000     -150.5207194
     489    1.800    7.000   82.610     -150.5207019
     490    1.800    7.000   90.000     -150.5206914
     491    1.800    7.000  100.000     -150.5206792
     492    1.800    7.000  110.000     -150.5206695
     493    1.800    7.000  120.000     -150.5206624
     494    1.800    7.000  130.000     -150.5206576
     495    1.800    7.000  140.000     -150.5206555
     496    1.800    7.000  150.000     -150.5206568
     497    1.800    7.000  160.000     -150.5206610
     498    1.800    7.000  170.000     -150.5206651
     499    1.800    7.000  179.990     -150.5206669
       0    0.000    0.000    0.000        0.0000000
     500    1.800    8.000    0.010     -150.5207076
     501    1.800    8.000   10.000     -150.5207043
     502    1.800    8.000   20.000     -150.5206950
     503    1.800    8.000   30.000     -150.5206837
     504    1.800    8.000   40.000     -150.5206743
     505    1.800    8.000   50.000     -150.5206645
     506    1.800    8.000   60.000     -150.5206525
     507    1.800    8.000   70.000     -150.5206399
     508    1.800    8.000   83.540     -150.5206259
     509    1.800    8.000   90.000     -150.5206211
     510    1.800    8.000  100.000     -150.5206155
     511    1.800    8.000  110.000     -150.5206117
     512    1.800    8.000  120.000     -150.5206088
     513    1.800    8.000  130.000     -150.5206067
     514    1.800    8.000  140.000     -150.5206055
     515    1.800    8.000  150.000     -150.5206057
     516    1.800    8.000  160.000     -150.5206072
     517    1.800    8.000  170.000     -150.5206089
     518    1.800    8.000  179.990     -150.5206096
       0    0.000    0.000    0.000        0.0000000
     519    1.800   10.000    0.010     -150.5206009
     520    1.800   10.000   10.000     -150.5205988
     521    1.800   10.000   20.000     -150.5205940
     522    1.800   10.000   30.000     -150.5205886
     523    1.800   10.000   40.000     -150.5205837
     524    1.800   10.000   50.000     -150.5205791
     525    1.800   10.000   60.000     -150.5205749
     526    1.800   10.000   70.000     -150.5205713
     527    1.800   10.000   84.840     -150.5205670
     528    1.800   10.000   90.000     -150.5205659
     529    1.800   10.000  100.000     -150.5205641
     530    1.800   10.000  110.000     -150.5205627
     531    1.800   10.000  120.000     -150.5205618
     532    1.800   10.000  130.000     -150.5205611
     533    1.800   10.000  140.000     -150.5205605
     534    1.800   10.000  150.000     -150.5205599
     535    1.800   10.000  160.000     -150.5205594
     536    1.800   10.000  170.000     -150.5205590
     537    1.800   10.000  179.990     -150.5205589
       0    0.000    0.000    0.000        0.0000000
     538    1.800   12.000    0.010     -150.5205570
     539    1.800   12.000   10.000     -150.5205569
     540    1.800   12.000   20.000     -150.5205565
     541    1.800   12.000   30.000     -150.5205558
     542    1.800   12.000   40.000     -150.5205547
     543    1.800   12.000   50.000     -150.5205534
     544    1.800   12.000   60.000     -150.5205520
     545    1.800   12.000   70.000     -150.5205508
     546    1.800   12.000   85.700     -150.5205494
     547    1.800   12.000   90.000     -150.5205491
     548    1.800   12.000  100.000     -150.5205487
     549    1.800   12.000  110.000     -150.5205484
     550    1.800   12.000  120.000     -150.5205482
     551    1.800   12.000  130.000     -150.5205481
     552    1.800   12.000  140.000     -150.5205480
     553    1.800   12.000  150.000     -150.5205479
     554    1.800   12.000  160.000     -150.5205478
     555    1.800   12.000  170.000     -150.5205477
     556    1.800   12.000  179.990     -150.5205477
       0    0.000    0.000    0.000        0.0000000
     557    1.800   15.000    0.010     -150.5205451
     558    1.800   15.000   10.000     -150.5205451
     559    1.800   15.000   20.000     -150.5205449
     560    1.800   15.000   30.000     -150.5205447
     561    1.800   15.000   40.000     -150.5205444
     562    1.800   15.000   50.000     -150.5205442
     563    1.800   15.000   60.000     -150.5205439
     564    1.800   15.000   70.000     -150.5205437
     565    1.800   15.000   86.560     -150.5205435
     566    1.800   15.000   90.000     -150.5205435
     567    1.800   15.000  100.000     -150.5205434
     568    1.800   15.000  110.000     -150.5205433
     569    1.800   15.000  120.000     -150.5205433
     570    1.800   15.000  130.000     -150.5205433
     571    1.800   15.000  140.000     -150.5205433
     572    1.800   15.000  150.000     -150.5205433
     573    1.800   15.000  160.000     -150.5205433
     574    1.800   15.000  170.000     -150.5205433
     575    1.800   15.000  179.990     -150.5205433
       0    0.000    0.000    0.000        0.0000000
     576    2.000    1.200    0.010     -148.5866321
     577    2.000    1.200   10.000     -148.8322176
     578    2.000    1.200   30.000     -149.7190496
     579    2.000    1.200   33.560     -149.8237837
     580    2.000    1.200   40.000     -149.9696130
     581    2.000    1.200   50.000     -150.1175480
     582    2.000    1.200   60.000     -150.2123303
     583    2.000    1.200   70.000     -150.2795802
     584    2.000    1.200   80.000     -150.3292887
     585    2.000    1.200   90.000     -150.3654188
     586    2.000    1.200  100.000     -150.3899322
     587    2.000    1.200  110.000     -150.4049289
     588    2.000    1.200  120.000     -150.4120618
     589    2.000    1.200  130.000     -150.4127943
     590    2.000    1.200  140.000     -150.4095475
     591    2.000    1.200  150.000     -150.4035665
     592    2.000    1.200  160.000     -150.3968367
     593    2.000    1.200  170.000     -150.3916054
     594    2.000    1.200  179.990     -150.3896243
       0    0.000    0.000    0.000        0.0000000
     595    2.000    1.400    0.010     -146.9629646
     596    2.000    1.400   10.000     -147.7691715
     597    2.000    1.400   20.000     -149.0164449
     598    2.000    1.400   30.000     -149.7763726
     599    2.000    1.400   40.000     -150.1354728
     600    2.000    1.400   44.420     -150.2238225
     601    2.000    1.400   50.000     -150.3021810
     602    2.000    1.400   60.000     -150.3925862
     603    2.000    1.400   70.000     -150.4532750
     604    2.000    1.400   80.000     -150.4983172
     605    2.000    1.400   90.000     -150.5313308
     606    2.000    1.400  100.000     -150.5538811
     607    2.000    1.400  110.000     -150.5674471
     608    2.000    1.400  120.000     -150.5735630
     609    2.000    1.400  130.000     -150.5737484
     610    2.000    1.400  140.000     -150.5695834
     611    2.000    1.400  150.000     -150.5628270
     612    2.000    1.400  160.000     -150.5554926
     613    2.000    1.400  170.000     -150.5500851
     614    2.000    1.400  179.990     -150.5479364
       0    0.000    0.000    0.000        0.0000000
     615    2.000    1.600    0.010     -142.5711456
     616    2.000    1.600   10.000     -145.5679647
     617    2.000    1.600   20.000     -148.5678363
     618    2.000    1.600   30.000     -149.8009053
     619    2.000    1.600   40.000     -150.2452939
     620    2.000    1.600   50.000     -150.4093454
     621    2.000    1.600   51.320     -150.4221107
     622    2.000    1.600   60.000     -150.4840240
     623    2.000    1.600   70.000     -150.5331543
     624    2.000    1.600   80.000     -150.5717889
     625    2.000    1.600   90.000     -150.6012146
     626    2.000    1.600  100.000     -150.6215027
     627    2.000    1.600  110.000     -150.6335227
     628    2.000    1.600  120.000     -150.6385204
     629    2.000    1.600  130.000     -150.6378260
     630    2.000    1.600  140.000     -150.6328598
     631    2.000    1.600  150.000     -150.6252488
     632    2.000    1.600  160.000     -150.6169898
     633    2.000    1.600  170.000     -150.6104598
     634    2.000    1.600  179.990     -150.6079336
       0    0.000    0.000    0.000        0.0000000
     635    2.000    1.700    0.010     -137.6234885
     636    2.000    1.700   10.000     -143.9719452
     637    2.000    1.700   20.000     -148.3769103
     638    2.000    1.700   30.000     -149.8301441
     639    2.000    1.700   40.000     -150.2944183
     640    2.000    1.700   50.000     -150.4482428
     641    2.000    1.700   53.970     -150.4784521
     642    2.000    1.700   60.000     -150.5116336
     643    2.000    1.700   70.000     -150.5537286
     644    2.000    1.700   80.000     -150.5889194
     645    2.000    1.700   90.000     -150.6165845
     646    2.000    1.700  100.000     -150.6357917
     647    2.000    1.700  110.000     -150.6470657
     648    2.000    1.700  120.000     -150.6515088
     649    2.000    1.700  130.000     -150.6503586
     650    2.000    1.700  140.000     -150.6449457
     651    2.000    1.700  150.000     -150.6368139
     652    2.000    1.700  160.000     -150.6279482
     653    2.000    1.700  170.000     -150.6208710
     654    2.000    1.700  179.990     -150.6180532
       0    0.000    0.000    0.000        0.0000000
     655    2.000    1.800    0.010     -126.8919446
     656    2.000    1.800   10.000     -142.2381712
     657    2.000    1.800   20.000     -148.2678590
     658    2.000    1.800   30.000     -149.8779290
     659    2.000    1.800   40.000     -150.3423125
     660    2.000    1.800   50.000     -150.4808800
     661    2.000    1.800   56.250     -150.5163894
     662    2.000    1.800   60.000     -150.5315239
     663    2.000    1.800   70.000     -150.5661272
     664    2.000    1.800   80.000     -150.5979443
     665    2.000    1.800   90.000     -150.6240000
     666    2.000    1.800  100.000     -150.6422234
     667    2.000    1.800  110.000     -150.6528020
     668    2.000    1.800  120.000     -150.6567140
     669    2.000    1.800  130.000     -150.6551115
     670    2.000    1.800  140.000     -150.6492289
     671    2.000    1.800  150.000     -150.6405102
     672    2.000    1.800  160.000     -150.6309125
     673    2.000    1.800  170.000     -150.6231374
     674    2.000    1.800  179.990     -150.6200431
       0    0.000    0.000    0.000        0.0000000
     675    2.000    1.850    0.010     -115.3630391
     676    2.000    1.850   10.000     -141.4724995
     677    2.000    1.850   20.000     -148.2556027
     678    2.000    1.850   30.000     -149.9089247
     679    2.000    1.850   40.000     -150.3658314
     680    2.000    1.850   50.000     -150.4952759
     681    2.000    1.850   57.280     -150.5300564
     682    2.000    1.850   60.000     -150.5392168
     683    2.000    1.850   70.000     -150.5699873
     684    2.000    1.850   80.000     -150.6001960
     685    2.000    1.850   90.000     -150.6255313
     686    2.000    1.850  100.000     -150.6433108
     687    2.000    1.850  110.000     -150.6535664
     688    2.000    1.850  120.000     -150.6572256
     689    2.000    1.850  130.000     -150.6554021
     690    2.000    1.850  140.000     -150.6492795
     691    2.000    1.850  150.000     -150.6402430
     692    2.000    1.850  160.000     -150.6302237
     693    2.000    1.850  170.000     -150.6220288
     694    2.000    1.850  179.990     -150.6188026
       0    0.000    0.000    0.000        0.0000000
     695    2.000    1.900    0.010      -90.8770739
     696    2.000    1.900   10.000     -140.9002461
     697    2.000    1.900   20.000     -148.2748425
     698    2.000    1.900   30.000     -149.9442395
     699    2.000    1.900   40.000     -150.3889649
     700    2.000    1.900   50.000     -150.5085339
     701    2.000    1.900   58.240     -150.5408553
     702    2.000    1.900   60.000     -150.5456658
     703    2.000    1.900   70.000     -150.5725854
     704    2.000    1.900   80.000     -150.6012657
     705    2.000    1.900   90.000     -150.6259506
     706    2.000    1.900  100.000     -150.6433234
     707    2.000    1.900  110.000     -150.6532744
     708    2.000    1.900  120.000     -150.6566914
     709    2.000    1.900  130.000     -150.6546529
     710    2.000    1.900  140.000     -150.6482892
     711    2.000    1.900  150.000     -150.6389195
     712    2.000    1.900  160.000     -150.6284361
     713    2.000    1.900  170.000     -150.6197620
     714    2.000    1.900  179.990     -150.6163950
       0    0.000    0.000    0.000        0.0000000
     715    2.000    2.000   10.000     -140.6753839
     716    2.000    2.000   20.000     -148.4062480
     717    2.000    2.000   30.000     -150.0254394
     718    2.000    2.000   40.000     -150.4335923
     719    2.000    2.000   50.000     -150.5319171
     720    2.000    2.000   60.000     -150.5554267
     721    2.000    2.000   70.000     -150.5746905
     722    2.000    2.000   80.000     -150.6006372
     723    2.000    2.000   90.000     -150.6242721
     724    2.000    2.000  100.000     -150.6409542
     725    2.000    2.000  110.000     -150.6503557
     726    2.000    2.000  120.000     -150.6533249
     727    2.000    2.000  130.000     -150.6508817
     728    2.000    2.000  140.000     -150.6440432
     729    2.000    2.000  150.000     -150.6339624
     730    2.000    2.000  160.000     -150.6223899
     731    2.000    2.000  170.000     -150.6125080
     732    2.000    2.000  179.990     -150.6087846
       0    0.000    0.000    0.000        0.0000000
     733    2.000    2.100    0.010      -90.9078841
     734    2.000    2.100   10.000     -141.7374239
     735    2.000    2.100   20.000     -148.6403519
     736    2.000    2.100   30.000     -150.1156421
     737    2.000    2.100   40.000     -150.4751417
     738    2.000    2.100   50.000     -150.5514520
     739    2.000    2.100   60.000     -150.5617913
     740    2.000    2.100   61.560     -150.5627276
     741    2.000    2.100   70.000     -150.5735877
     742    2.000    2.100   80.000     -150.5973841
     743    2.000    2.100   90.000     -150.6203706
     744    2.000    2.100  100.000     -150.6365349
     745    2.000    2.100  110.000     -150.6454673
     746    2.000    2.100  120.000     -150.6480439
     747    2.000    2.100  130.000     -150.6452456
     748    2.000    2.100  140.000     -150.6379651
     749    2.000    2.100  150.000     -150.6271298
     750    2.000    2.100  160.000     -150.6141514
     751    2.000    2.100  170.000     -150.6023231
     752    2.000    2.100  179.990     -150.5984383
       0    0.000    0.000    0.000        0.0000000
     753    2.000    2.300    0.010     -137.8431595
     754    2.000    2.300   10.000     -145.2556486
     755    2.000    2.300   20.000     -149.2503969
     756    2.000    2.300   30.000     -150.2975409
     757    2.000    2.300   40.000     -150.5453399
     758    2.000    2.300   50.000     -150.5801591
     759    2.000    2.300   60.000     -150.5671878
     760    2.000    2.300   64.230     -150.5627827
     761    2.000    2.300   70.000     -150.5648544
     762    2.000    2.300   80.000     -150.5871240
     763    2.000    2.300   90.000     -150.6103381
     764    2.000    2.300  100.000     -150.6258704
     765    2.000    2.300  110.000     -150.6340331
     766    2.000    2.300  120.000     -150.6360139
     767    2.000    2.300  130.000     -150.6327877
     768    2.000    2.300  140.000     -150.6250239
     769    2.000    2.300  150.000     -150.6131025
     770    2.000    2.300  160.000     -150.5968723
     771    2.000    2.300  170.000     -150.5751032
     772    2.000    2.300  179.990     -150.5657401
       0    0.000    0.000    0.000        0.0000000
     773    2.000    2.500    0.010     -145.6996891
     774    2.000    2.500   10.000     -147.8678195
     775    2.000    2.500   20.000     -149.8116114
     776    2.000    2.500   30.000     -150.4495801
     777    2.000    2.500   40.000     -150.5951728
     778    2.000    2.500   50.000     -150.5969982
     779    2.000    2.500   60.000     -150.5666693
     780    2.000    2.500   66.420     -150.5513149
     781    2.000    2.500   70.000     -150.5517382
     782    2.000    2.500   80.000     -150.5811477
     783    2.000    2.500   90.000     -150.6041294
     784    2.000    2.500  100.000     -150.6184145
     785    2.000    2.500  110.000     -150.6256473
     786    2.000    2.500  120.000     -150.6272949
     787    2.000    2.500  130.000     -150.6243945
     788    2.000    2.500  140.000     -150.6177220
     789    2.000    2.500  150.000     -150.6081268
     790    2.000    2.500  160.000     -150.5975105
     791    2.000    2.500  170.000     -150.5903576
     792    2.000    2.500  179.990     -150.5880196
       0    0.000    0.000    0.000        0.0000000
     793    2.000    2.700    0.010     -148.5146617
     794    2.000    2.700   10.000     -149.2986538
     795    2.000    2.700   20.000     -150.2066005
     796    2.000    2.700   30.000     -150.5560249
     797    2.000    2.700   40.000     -150.6250625
     798    2.000    2.700   50.000     -150.6047530
     799    2.000    2.700   60.000     -150.5648631
     800    2.000    2.700   68.260     -150.5719798
     801    2.000    2.700   70.000     -150.5756012
     802    2.000    2.700   80.000     -150.5946992
     803    2.000    2.700   90.000     -150.6085144
     804    2.000    2.700  100.000     -150.6181011
     805    2.000    2.700  110.000     -150.6236262
     806    2.000    2.700  120.000     -150.6250090
     807    2.000    2.700  130.000     -150.6230974
     808    2.000    2.700  140.000     -150.6188316
     809    2.000    2.700  150.000     -150.6135094
     810    2.000    2.700  160.000     -150.6089930
     811    2.000    2.700  170.000     -150.6061064
     812    2.000    2.700  179.990     -150.6049807
       0    0.000    0.000    0.000        0.0000000
     813    2.000    2.850    0.010     -149.4939978
     814    2.000    2.850   10.000     -149.8874115
     815    2.000    2.850   20.000     -150.3979025
     816    2.000    2.850   30.000     -150.6068811
     817    2.000    2.850   40.000     -150.6365068
     818    2.000    2.850   50.000     -150.6065826
     819    2.000    2.850   60.000     -150.5740256
     820    2.000    2.850   70.000     -150.5901823
     821    2.000    2.850   80.000     -150.6054052
     822    2.000    2.850   90.000     -150.6171828
     823    2.000    2.850  100.000     -150.6222381
     824    2.000    2.850  110.000     -150.6258453
     825    2.000    2.850  120.000     -150.6268766
     826    2.000    2.850  130.000     -150.6256572
     827    2.000    2.850  140.000     -150.6229955
     828    2.000    2.850  150.000     -150.6199639
     829    2.000    2.850  160.000     -150.6174753
     830    2.000    2.850  170.000     -150.6156285
     831    2.000    2.850  179.990     -150.6149011
       0    0.000    0.000    0.000        0.0000000
     832    2.000    3.000    0.010     -150.0288118
     833    2.000    3.000   10.000     -150.2344745
     834    2.000    3.000   20.000     -150.5203031
     835    2.000    3.000   30.000     -150.6374691
     836    2.000    3.000   40.000     -150.6407876
     837    2.000    3.000   50.000     -150.6067528
     838    2.000    3.000   70.000     -150.6022367
     839    2.000    3.000   70.530     -150.6029416
     840    2.000    3.000   80.000     -150.6144450
     841    2.000    3.000   90.000     -150.6236392
     842    2.000    3.000  100.000     -150.6283150
     843    2.000    3.000  110.000     -150.6298747
     844    2.000    3.000  120.000     -150.6304157
     845    2.000    3.000  130.000     -150.6296284
     846    2.000    3.000  140.000     -150.6280216
     847    2.000    3.000  150.000     -150.6262462
     848    2.000    3.000  160.000     -150.6246442
     849    2.000    3.000  170.000     -150.6233785
     850    2.000    3.000  179.990     -150.6228896
       0    0.000    0.000    0.000        0.0000000
     851    2.000    3.100    0.010     -150.2446506
     852    2.000    3.100   10.000     -150.3802151
     853    2.000    3.100   20.000     -150.5734252
     854    2.000    3.100   30.000     -150.6490063
     855    2.000    3.100   40.000     -150.6407051
     856    2.000    3.100   50.000     -150.6067881
     857    2.000    3.100   60.000     -150.5971807
     858    2.000    3.100   80.000     -150.6196025
     859    2.000    3.100   90.000     -150.6274761
     860    2.000    3.100  100.000     -150.6318947
     861    2.000    3.100  110.000     -150.6328659
     862    2.000    3.100  120.000     -150.6330995
     863    2.000    3.100  130.000     -150.6324649
     864    2.000    3.100  140.000     -150.6312786
     865    2.000    3.100  150.000     -150.6299576
     866    2.000    3.100  160.000     -150.6286913
     867    2.000    3.100  170.000     -150.6276968
     868    2.000    3.100  179.990     -150.6273168
       0    0.000    0.000    0.000        0.0000000
     869    2.000    3.200    0.010     -150.3896244
     870    2.000    3.200   10.000     -150.4797048
     871    2.000    3.200   20.000     -150.6090336
     872    2.000    3.200   30.000     -150.6550575
     873    2.000    3.200   40.000     -150.6389822
     874    2.000    3.200   50.000     -150.6072965
     875    2.000    3.200   60.000     -150.6045762
     876    2.000    3.200   71.790     -150.6167929
     877    2.000    3.200   80.000     -150.6241387
     878    2.000    3.200   90.000     -150.6308949
     879    2.000    3.200  100.000     -150.6347933
     880    2.000    3.200  110.000     -150.6356854
     881    2.000    3.200  120.000     -150.6357193
     882    2.000    3.200  130.000     -150.6351789
     883    2.000    3.200  140.000     -150.6342595
     884    2.000    3.200  150.000     -150.6332229
     885    2.000    3.200  160.000     -150.6322102
     886    2.000    3.200  170.000     -150.6314258
     887    2.000    3.200  179.990     -150.6311293
       0    0.000    0.000    0.000        0.0000000
     888    2.000    3.300    0.010     -150.4857691
     889    2.000    3.300   10.000     -150.5459724
     890    2.000    3.300   20.000     -150.6318975
     891    2.000    3.300   30.000     -150.6568454
     892    2.000    3.300   40.000     -150.6361985
     893    2.000    3.300   50.000     -150.6085796
     894    2.000    3.300   60.000     -150.6110413
     895    2.000    3.300   72.360     -150.6222502
     896    2.000    3.300   80.000     -150.6281191
     897    2.000    3.300   90.000     -150.6339166
     898    2.000    3.300  100.000     -150.6372742
     899    2.000    3.300  110.000     -150.6381603
     900    2.000    3.300  120.000     -150.6381193
     901    2.000    3.300  130.000     -150.6376442
     902    2.000    3.300  140.000     -150.6369060
     903    2.000    3.300  150.000     -150.6360707
     904    2.000    3.300  160.000     -150.6352573
     905    2.000    3.300  170.000     -150.6346371
     906    2.000    3.300  179.990     -150.6344048
       0    0.000    0.000    0.000        0.0000000
     907    2.000    3.400    0.010     -150.5479365
     908    2.000    3.400   10.000     -150.5884137
     909    2.000    3.400   20.000     -150.6446587
     910    2.000    3.400   30.000     -150.6554500
     911    2.000    3.400   40.000     -150.6329047
     912    2.000    3.400   50.000     -150.6107501
     913    2.000    3.400   60.000     -150.6166818
     914    2.000    3.400   72.900     -150.6269171
     915    2.000    3.400   80.000     -150.6316023
     916    2.000    3.400   90.000     -150.6365724
     917    2.000    3.400  100.000     -150.6394357
     918    2.000    3.400  110.000     -150.6402781
     919    2.000    3.400  120.000     -150.6402329
     920    2.000    3.400  130.000     -150.6398239
     921    2.000    3.400  140.000     -150.6392175
     922    2.000    3.400  150.000     -150.6385378
     923    2.000    3.400  160.000     -150.6378836
     924    2.000    3.400  170.000     -150.6373940
     925    2.000    3.400  179.990     -150.6372116
       0    0.000    0.000    0.000        0.0000000
     926    2.000    3.500    0.010     -150.5863425
     927    2.000    3.500   10.000     -150.6138221
     928    2.000    3.500   20.000     -150.6502335
     929    2.000    3.500   30.000     -150.6518185
     930    2.000    3.500   40.000     -150.6296209
     931    2.000    3.500   50.000     -150.6137569
     932    2.000    3.500   60.000     -150.6215963
     933    2.000    3.500   73.400     -150.6309081
     934    2.000    3.500   80.000     -150.6346428
     935    2.000    3.500   90.000     -150.6388957
     936    2.000    3.500  100.000     -150.6413237
     937    2.000    3.500  110.000     -150.6420961
     938    2.000    3.500  120.000     -150.6420670
     939    2.000    3.500  130.000     -150.6417197
     940    2.000    3.500  140.000     -150.6412187
     941    2.000    3.500  150.000     -150.6406646
     942    2.000    3.500  160.000     -150.6401410
     943    2.000    3.500  170.000     -150.6397542
     944    2.000    3.500  179.990     -150.6396110
       0    0.000    0.000    0.000        0.0000000
     945    2.000    3.600    0.010     -150.6080898
     946    2.000    3.600   10.000     -150.6271119
     947    2.000    3.600   20.000     -150.6505390
     948    2.000    3.600   30.000     -150.6467837
     949    2.000    3.600   40.000     -150.6268129
     950    2.000    3.600   50.000     -150.6174456
     951    2.000    3.600   60.000     -150.6258794
     952    2.000    3.600   73.870     -150.6343188
     953    2.000    3.600   80.000     -150.6372891
     954    2.000    3.600   90.000     -150.6409195
     955    2.000    3.600  100.000     -150.6429695
     956    2.000    3.600  110.000     -150.6436559
     957    2.000    3.600  120.000     -150.6436457
     958    2.000    3.600  130.000     -150.6433553
     959    2.000    3.600  140.000     -150.6429421
     960    2.000    3.600  150.000     -150.6424924
     961    2.000    3.600  160.000     -150.6420744
     962    2.000    3.600  170.000     -150.6417693
     963    2.000    3.600  179.990     -150.6416568
       0    0.000    0.000    0.000        0.0000000
     964    2.000    3.800    0.010     -150.6199169
     965    2.000    3.800   10.000     -150.6305856
     966    2.000    3.800   20.000     -150.6414772
     967    2.000    3.800   30.000     -150.6354177
     968    2.000    3.800   40.000     -150.6239145
     969    2.000    3.800   50.000     -150.6257450
     970    2.000    3.800   60.000     -150.6328473
     971    2.000    3.800   70.000     -150.6377589
     972    2.000    3.800   74.740     -150.6397105
     973    2.000    3.800   80.000     -150.6415708
     974    2.000    3.800   90.000     -150.6441924
     975    2.000    3.800  100.000     -150.6456358
     976    2.000    3.800  110.000     -150.6461459
     977    2.000    3.800  120.000     -150.6461579
     978    2.000    3.800  130.000     -150.6459613
     979    2.000    3.800  140.000     -150.6456849
     980    2.000    3.800  150.000     -150.6453939
     981    2.000    3.800  160.000     -150.6451313
     982    2.000    3.800  170.000     -150.6449428
     983    2.000    3.800  179.990     -150.6448737
       0    0.000    0.000    0.000        0.0000000
     984    2.000    4.000    0.010     -150.6082298
     985    2.000    4.000   10.000     -150.6172866
     986    2.000    4.000   20.000     -150.6272403
     987    2.000    4.000   30.000     -150.6265825
     988    2.000    4.000   40.000     -150.6251361
     989    2.000    4.000   50.000     -150.6325380
     990    2.000    4.000   60.000     -150.6380999
     991    2.000    4.000   70.000     -150.6419257
     992    2.000    4.000   75.520     -150.6436038
     993    2.000    4.000   80.000     -150.6447478
     994    2.000    4.000   90.000     -150.6466164
     995    2.000    4.000  100.000     -150.6476170
     996    2.000    4.000  110.000     -150.6479771
     997    2.000    4.000  120.000     -150.6479933
     998    2.000    4.000  130.000     -150.6478620
     999    2.000    4.000  140.000     -150.6476811
    1000    2.000    4.000  150.000     -150.6474971
    1001    2.000    4.000  160.000     -150.6473362
    1002    2.000    4.000  170.000     -150.6472215
    1003    2.000    4.000  179.990     -150.6471794
       0    0.000    0.000    0.000        0.0000000
    1004    2.000    4.500    0.010     -150.5880196
    1005    2.000    4.500   10.000     -150.5987851
    1006    2.000    4.500   20.000     -150.6162574
    1007    2.000    4.500   30.000     -150.6280170
    1008    2.000    4.500   40.000     -150.6366444
    1009    2.000    4.500   50.000     -150.6428241
    1010    2.000    4.500   60.000     -150.6461062
    1011    2.000    4.500   77.160     -150.6490778
    1012    2.000    4.500   80.000     -150.6493821
    1013    2.000    4.500   90.000     -150.6501401
    1014    2.000    4.500  100.000     -150.6505116
    1015    2.000    4.500  110.000     -150.6506355
    1016    2.000    4.500  120.000     -150.6506331
    1017    2.000    4.500  130.000     -150.6505827
    1018    2.000    4.500  140.000     -150.6505260
    1019    2.000    4.500  150.000     -150.6504776
    1020    2.000    4.500  160.000     -150.6504382
    1021    2.000    4.500  170.000     -150.6504089
    1022    2.000    4.500  179.990     -150.6503978
       0    0.000    0.000    0.000        0.0000000
    1023    2.000    5.000    0.010     -150.6228896
    1024    2.000    5.000   10.000     -150.6263065
    1025    2.000    5.000   20.000     -150.6333149
    1026    2.000    5.000   30.000     -150.6400149
    1027    2.000    5.000   40.000     -150.6449859
    1028    2.000    5.000   50.000     -150.6480723
    1029    2.000    5.000   60.000     -150.6497981
    1030    2.000    5.000   70.000     -150.6507701
    1031    2.000    5.000   78.460     -150.6512506
    1032    2.000    5.000   80.000     -150.6513141
    1033    2.000    5.000   90.000     -150.6515947
    1034    2.000    5.000  100.000     -150.6517109
    1035    2.000    5.000  110.000     -150.6517344
    1036    2.000    5.000  120.000     -150.6517175
    1037    2.000    5.000  130.000     -150.6516942
    1038    2.000    5.000  140.000     -150.6516801
    1039    2.000    5.000  150.000     -150.6516749
    1040    2.000    5.000  160.000     -150.6516716
    1041    2.000    5.000  170.000     -150.6516672
    1042    2.000    5.000  179.990     -150.6516653
       0    0.000    0.000    0.000        0.0000000
    1043    2.000    6.000    0.010     -150.6471794
    1044    2.000    6.000   10.000     -150.6476828
    1045    2.000    6.000   20.000     -150.6488497
    1046    2.000    6.000   30.000     -150.6500893
    1047    2.000    6.000   40.000     -150.6510548
    1048    2.000    6.000   50.000     -150.6516754
    1049    2.000    6.000   60.000     -150.6520190
    1050    2.000    6.000   70.000     -150.6521827
    1051    2.000    6.000   80.410     -150.6522469
    1052    2.000    6.000   90.000     -150.6522588
    1053    2.000    6.000  100.000     -150.6522496
    1054    2.000    6.000  110.000     -150.6522326
    1055    2.000    6.000  120.000     -150.6522175
    1056    2.000    6.000  130.000     -150.6522096
    1057    2.000    6.000  140.000     -150.6522092
    1058    2.000    6.000  150.000     -150.6522139
    1059    2.000    6.000  160.000     -150.6522202
    1060    2.000    6.000  170.000     -150.6522251
    1061    2.000    6.000  179.990     -150.6522271
       0    0.000    0.000    0.000        0.0000000
    1062    2.000    7.000    0.010     -150.6516653
    1063    2.000    7.000   10.000     -150.6517278
    1064    2.000    7.000   20.000     -150.6518717
    1065    2.000    7.000   30.000     -150.6520228
    1066    2.000    7.000   40.000     -150.6521420
    1067    2.000    7.000   50.000     -150.6522171
    1068    2.000    7.000   60.000     -150.6522485
    1069    2.000    7.000   70.000     -150.6522495
    1070    2.000    7.000   81.790     -150.6522349
    1071    2.000    7.000   90.000     -150.6522234
    1072    2.000    7.000  100.000     -150.6522115
    1073    2.000    7.000  110.000     -150.6522026
    1074    2.000    7.000  120.000     -150.6521963
    1075    2.000    7.000  130.000     -150.6521921
    1076    2.000    7.000  140.000     -150.6521906
    1077    2.000    7.000  150.000     -150.6521927
    1078    2.000    7.000  160.000     -150.6521978
    1079    2.000    7.000  170.000     -150.6522029
    1080    2.000    7.000  179.990     -150.6522049
       0    0.000    0.000    0.000        0.0000000
    1081    2.000    8.000    0.010     -150.6522271
    1082    2.000    8.000   10.000     -150.6522266
    1083    2.000    8.000   20.000     -150.6522238
    1084    2.000    8.000   30.000     -150.6522186
    1085    2.000    8.000   40.000     -150.6522130
    1086    2.000    8.000   50.000     -150.6522045
    1087    2.000    8.000   60.000     -150.6521921
    1088    2.000    8.000   70.000     -150.6521788
    1089    2.000    8.000   82.820     -150.6521649
    1090    2.000    8.000   90.000     -150.6521593
    1091    2.000    8.000  100.000     -150.6521536
    1092    2.000    8.000  110.000     -150.6521496
    1093    2.000    8.000  120.000     -150.6521466
    1094    2.000    8.000  130.000     -150.6521445
    1095    2.000    8.000  140.000     -150.6521436
    1096    2.000    8.000  150.000     -150.6521444
    1097    2.000    8.000  160.000     -150.6521464
    1098    2.000    8.000  170.000     -150.6521486
    1099    2.000    8.000  179.990     -150.6521495
       0    0.000    0.000    0.000        0.0000000
    1100    2.000   10.000    0.010     -150.6521495
    1101    2.000   10.000   10.000     -150.6521464
    1102    2.000   10.000   20.000     -150.6521394
    1103    2.000   10.000   30.000     -150.6521321
    1104    2.000   10.000   40.000     -150.6521258
    1105    2.000   10.000   50.000     -150.6521203
    1106    2.000   10.000   60.000     -150.6521154
    1107    2.000   10.000   70.000     -150.6521113
    1108    2.000   10.000   84.260     -150.6521068
    1109    2.000   10.000   90.000     -150.6521054
    1110    2.000   10.000  100.000     -150.6521035
    1111    2.000   10.000  110.000     -150.6521020
    1112    2.000   10.000  120.000     -150.6521010
    1113    2.000   10.000  130.000     -150.6521002
    1114    2.000   10.000  140.000     -150.6520997
    1115    2.000   10.000  150.000     -150.6520992
    1116    2.000   10.000  160.000     -150.6520988
    1117    2.000   10.000  170.000     -150.6520985
    1118    2.000   10.000  179.990     -150.6520984
       0    0.000    0.000    0.000        0.0000000
    1119    2.000   12.000    0.010     -150.6520984
    1120    2.000   12.000   10.000     -150.6520982
    1121    2.000   12.000   20.000     -150.6520976
    1122    2.000   12.000   30.000     -150.6520966
    1123    2.000   12.000   40.000     -150.6520952
    1124    2.000   12.000   50.000     -150.6520938
    1125    2.000   12.000   60.000     -150.6520923
    1126    2.000   12.000   70.000     -150.6520910
    1127    2.000   12.000   85.220     -150.6520895
    1128    2.000   12.000   90.000     -150.6520892
    1129    2.000   12.000  100.000     -150.6520887
    1130    2.000   12.000  110.000     -150.6520884
    1131    2.000   12.000  120.000     -150.6520882
    1132    2.000   12.000  130.000     -150.6520881
    1133    2.000   12.000  140.000     -150.6520880
    1134    2.000   12.000  150.000     -150.6520880
    1135    2.000   12.000  160.000     -150.6520879
    1136    2.000   12.000  170.000     -150.6520879
    1137    2.000   12.000  179.990     -150.6520879
       0    0.000    0.000    0.000        0.0000000
    1138    2.000   15.000    0.010     -150.6520856
    1139    2.000   15.000   10.000     -150.6520856
    1140    2.000   15.000   20.000     -150.6520854
    1141    2.000   15.000   30.000     -150.6520852
    1142    2.000   15.000   40.000     -150.6520848
    1143    2.000   15.000   50.000     -150.6520845
    1144    2.000   15.000   60.000     -150.6520842
    1145    2.000   15.000   70.000     -150.6520840
    1146    2.000   15.000   86.180     -150.6520838
    1147    2.000   15.000   90.000     -150.6520837
    1148    2.000   15.000  100.000     -150.6520836
    1149    2.000   15.000  110.000     -150.6520835
    1150    2.000   15.000  120.000     -150.6520835
    1151    2.000   15.000  130.000     -150.6520835
    1152    2.000   15.000  140.000     -150.6520835
    1153    2.000   15.000  150.000     -150.6520835
    1154    2.000   15.000  160.000     -150.6520835
    1155    2.000   15.000  170.000     -150.6520835
    1156    2.000   15.000  179.990     -150.6520835
       0    0.000    0.000    0.000        0.0000000
    1157    2.200    1.200    0.010     -149.4765067
    1158    2.200    1.200   10.000     -149.5838852
    1159    2.200    1.200   20.000     -149.8127207
    1160    2.200    1.200   23.560     -149.8947228
    1161    2.200    1.200   30.000     -150.0256754
    1162    2.200    1.200   40.000     -150.1764895
    1163    2.200    1.200   50.000     -150.2781684
    1164    2.200    1.200   60.000     -150.3503701
    1165    2.200    1.200   70.000     -150.4038184
    1166    2.200    1.200   80.000     -150.4430793
    1167    2.200    1.200   90.000     -150.4704300
    1168    2.200    1.200  100.000     -150.4876597
    1169    2.200    1.200  110.000     -150.4964705
    1170    2.200    1.200  120.000     -150.4985160
    1171    2.200    1.200  130.000     -150.4954357
    1172    2.200    1.200  140.000     -150.4889192
    1173    2.200    1.200  150.000     -150.4807552
    1174    2.200    1.200  160.000     -150.4728190
    1175    2.200    1.200  170.000     -150.4669944
    1176    2.200    1.200  179.990     -150.4648393
       0    0.000    0.000    0.000        0.0000000
    1177    2.200    1.400    0.010     -148.8505331
    1178    2.200    1.400   10.000     -149.1641019
    1179    2.200    1.400   20.000     -149.7232400
    1180    2.200    1.400   30.000     -150.1243043
    1181    2.200    1.400   38.210     -150.3115959
    1182    2.200    1.400   40.000     -150.3403998
    1183    2.200    1.400   50.000     -150.4544089
    1184    2.200    1.400   60.000     -150.5241893
    1185    2.200    1.400   70.000     -150.5735566
    1186    2.200    1.400   80.000     -150.6097101
    1187    2.200    1.400   90.000     -150.6349151
    1188    2.200    1.400  100.000     -150.6506551
    1189    2.200    1.400  110.000     -150.6584220
    1190    2.200    1.400  120.000     -150.6597302
    1191    2.200    1.400  130.000     -150.6561047
    1192    2.200    1.400  140.000     -150.6491381
    1193    2.200    1.400  150.000     -150.6405504
    1194    2.200    1.400  160.000     -150.6325703
    1195    2.200    1.400  170.000     -150.6264507
    1196    2.200    1.400  179.990     -150.6241936
       0    0.000    0.000    0.000        0.0000000
    1197    2.200    1.600    0.010     -147.1331728
    1198    2.200    1.600   10.000     -148.1170105
    1199    2.200    1.600   20.000     -149.4533690
    1200    2.200    1.600   30.000     -150.1488890
    1201    2.200    1.600   40.000     -150.4322235
    1202    2.200    1.600   46.570     -150.5178736
    1203    2.200    1.600   50.000     -150.5477073
    1204    2.200    1.600   60.000     -150.6073893
    1205    2.200    1.600   70.000     -150.6488813
    1206    2.200    1.600   80.000     -150.6803863
    1207    2.200    1.600   90.000     -150.7028395
    1208    2.200    1.600  100.000     -150.7168310
    1209    2.200    1.600  110.000     -150.7234322
    1210    2.200    1.600  120.000     -150.7239406
    1211    2.200    1.600  130.000     -150.7197363
    1212    2.200    1.600  140.000     -150.7122751
    1213    2.200    1.600  150.000     -150.7031532
    1214    2.200    1.600  160.000     -150.6942150
    1215    2.200    1.600  170.000     -150.6875454
    1216    2.200    1.600  179.990     -150.6853081
       0    0.000    0.000    0.000        0.0000000
    1217    2.200    1.700    0.010     -145.4569220
    1218    2.200    1.700   10.000     -147.2671184
    1219    2.200    1.700   20.000     -149.2862508
    1220    2.200    1.700   30.000     -150.1580902
    1221    2.200    1.700   40.000     -150.4680181
    1222    2.200    1.700   49.680     -150.5766374
    1223    2.200    1.700   50.000     -150.5788718
    1224    2.200    1.700   60.000     -150.6308093
    1225    2.200    1.700   70.000     -150.6672532
    1226    2.200    1.700   80.000     -150.6960974
    1227    2.200    1.700   90.000     -150.7170930
    1228    2.200    1.700  100.000     -150.7301932
    1229    2.200    1.700  110.000     -150.7362110
    1230    2.200    1.700  120.000     -150.7363211
    1231    2.200    1.700  130.000     -150.7318203
    1232    2.200    1.700  140.000     -150.7240849
    1233    2.200    1.700  150.000     -150.7146431
    1234    2.200    1.700  160.000     -150.7053261
    1235    2.200    1.700  170.000     -150.6982975
    1236    2.200    1.700  179.990     -150.6956640
       0    0.000    0.000    0.000        0.0000000
    1237    2.200    1.800    0.010     -142.6895700
    1238    2.200    1.800   10.000     -146.1574684
    1239    2.200    1.800   20.000     -149.1260136
    1240    2.200    1.800   30.000     -150.1737871
    1241    2.200    1.800   40.000     -150.5012611
    1242    2.200    1.800   50.000     -150.6039220
    1243    2.200    1.800   52.330     -150.6163687
    1244    2.200    1.800   60.000     -150.6467146
    1245    2.200    1.800   70.000     -150.6776040
    1246    2.200    1.800   80.000     -150.7037122
    1247    2.200    1.800   90.000     -150.7232838
    1248    2.200    1.800  100.000     -150.7355293
    1249    2.200    1.800  110.000     -150.7409906
    1250    2.200    1.800  120.000     -150.7407210
    1251    2.200    1.800  130.000     -150.7359297
    1252    2.200    1.800  140.000     -150.7279076
    1253    2.200    1.800  150.000     -150.7181074
    1254    2.200    1.800  160.000     -150.7083406
    1255    2.200    1.800  170.000     -150.7008884
    1256    2.200    1.800  179.990     -150.6979865
       0    0.000    0.000    0.000        0.0000000
    1257    2.200    1.850    0.010     -140.6027976
    1258    2.200    1.850   10.000     -145.5112693
    1259    2.200    1.850   20.000     -149.0570806
    1260    2.200    1.850   30.000     -150.1853016
    1261    2.200    1.850   40.000     -150.5173479
    1262    2.200    1.850   50.000     -150.6147075
    1263    2.200    1.850   53.520     -150.6307554
    1264    2.200    1.850   60.000     -150.6525321
    1265    2.200    1.850   70.000     -150.6805134
    1266    2.200    1.850   80.000     -150.7052596
    1267    2.200    1.850   90.000     -150.7241510
    1268    2.200    1.850  100.000     -150.7359927
    1269    2.200    1.850  110.000     -150.7411914
    1270    2.200    1.850  120.000     -150.7407423
    1271    2.200    1.850  130.000     -150.7358113
    1272    2.200    1.850  140.000     -150.7276436
    1273    2.200    1.850  150.000     -150.7176495
    1274    2.200    1.850  160.000     -150.7076271
    1275    2.200    1.850  170.000     -150.6999247
    1276    2.200    1.850  179.990     -150.6969169
       0    0.000    0.000    0.000        0.0000000
    1277    2.200    1.900    0.010     -137.7230018
    1278    2.200    1.900   10.000     -144.8224537
    1279    2.200    1.900   20.000     -149.0004744
    1280    2.200    1.900   30.000     -150.1996303
    1281    2.200    1.900   40.000     -150.5331685
    1282    2.200    1.900   50.000     -150.6245294
    1283    2.200    1.900   54.620     -150.6421789
    1284    2.200    1.900   60.000     -150.6571980
    1285    2.200    1.900   70.000     -150.6822149
    1286    2.200    1.900   80.000     -150.7056209
    1287    2.200    1.900   90.000     -150.7238627
    1288    2.200    1.900  100.000     -150.7353213
    1289    2.200    1.900  110.000     -150.7402704
    1290    2.200    1.900  120.000     -150.7396509
    1291    2.200    1.900  130.000     -150.7345856
    1292    2.200    1.900  140.000     -150.7262719
    1293    2.200    1.900  150.000     -150.7160748
    1294    2.200    1.900  160.000     -150.7057738
    1295    2.200    1.900  170.000     -150.6977899
    1296    2.200    1.900  179.990     -150.6947458
       0    0.000    0.000    0.000        0.0000000
    1297    2.200    2.000    0.010     -126.9793698
    1298    2.200    2.000   10.000     -143.4505916
    1299    2.200    2.000   20.000     -148.9373364
    1300    2.200    2.000   30.000     -150.2369823
    1301    2.200    2.000   40.000     -150.5640046
    1302    2.200    2.000   50.000     -150.6416684
    1303    2.200    2.000   56.630     -150.6577669
    1304    2.200    2.000   60.000     -150.6636919
    1305    2.200    2.000   70.000     -150.6826974
    1306    2.200    2.000   80.000     -150.7035390
    1307    2.200    2.000   90.000     -150.7206016
    1308    2.200    2.000  100.000     -150.7313683
    1309    2.200    2.000  110.000     -150.7358648
    1310    2.200    2.000  120.000     -150.7349374
    1311    2.200    2.000  130.000     -150.7296253
    1312    2.200    2.000  140.000     -150.7210255
    1313    2.200    2.000  150.000     -150.7103937
    1314    2.200    2.000  160.000     -150.6994522
    1315    2.200    2.000  170.000     -150.6907947
    1316    2.200    2.000  179.990     -150.6876920
       0    0.000    0.000    0.000        0.0000000
    1317    2.200    2.100    0.010      -90.9600412
    1318    2.200    2.100   10.000     -142.4585482
    1319    2.200    2.100   20.000     -148.9555347
    1320    2.200    2.100   30.000     -150.2850313
    1321    2.200    2.100   40.000     -150.5934696
    1322    2.200    2.100   50.000     -150.6558889
    1323    2.200    2.100   58.410     -150.6658416
    1324    2.200    2.100   60.000     -150.6671917
    1325    2.200    2.100   70.000     -150.6802034
    1326    2.200    2.100   80.000     -150.6987182
    1327    2.200    2.100   90.000     -150.7148052
    1328    2.200    2.100  100.000     -150.7249996
    1329    2.200    2.100  110.000     -150.7291168
    1330    2.200    2.100  120.000     -150.7279345
    1331    2.200    2.100  130.000     -150.7224156
    1332    2.200    2.100  140.000     -150.7135467
    1333    2.200    2.100  150.000     -150.7024423
    1334    2.200    2.100  160.000     -150.6907104
    1335    2.200    2.100  170.000     -150.6811617
    1336    2.200    2.100  179.990     -150.6778142
       0    0.000    0.000    0.000        0.0000000
    1337    2.200    2.300    0.010      -90.9807940
    1338    2.200    2.300   10.000     -143.1456937
    1339    2.200    2.300   20.000     -149.2288008
    1340    2.200    2.300   30.000     -150.4019291
    1341    2.200    2.300   40.000     -150.6459731
    1342    2.200    2.300   50.000     -150.6767008
    1343    2.200    2.300   60.000     -150.6678475
    1344    2.200    2.300   61.430     -150.6669426
    1345    2.200    2.300   70.000     -150.6693817
    1346    2.200    2.300   80.000     -150.6843540
    1347    2.200    2.300   90.000     -150.6993166
    1348    2.200    2.300  100.000     -150.7088016
    1349    2.200    2.300  110.000     -150.7124211
    1350    2.200    2.300  120.000     -150.7109333
    1351    2.200    2.300  130.000     -150.7051863
    1352    2.200    2.300  140.000     -150.6959189
    1353    2.200    2.300  150.000     -150.6837912
    1354    2.200    2.300  160.000     -150.6695359
    1355    2.200    2.300  170.000     -150.6546000
    1356    2.200    2.300  179.990     -150.6531325
       0    0.000    0.000    0.000        0.0000000
    1357    2.200    2.500   10.000     -145.9563682
    1358    2.200    2.500   20.000     -149.6709285
    1359    2.200    2.500   30.000     -150.5217617
    1360    2.200    2.500   40.000     -150.6863412
    1361    2.200    2.500   50.000     -150.6884868
    1362    2.200    2.500   60.000     -150.6629436
    1363    2.200    2.500   63.900     -150.6561002
    1364    2.200    2.500   70.000     -150.6539885
    1365    2.200    2.500   80.000     -150.6677649
    1366    2.200    2.500   90.000     -150.6831613
    1367    2.200    2.500  100.000     -150.6925475
    1368    2.200    2.500  110.000     -150.6960340
    1369    2.200    2.500  120.000     -150.6946136
    1370    2.200    2.500  130.000     -150.6891326
    1371    2.200    2.500  140.000     -150.6801899
    1372    2.200    2.500  150.000     -150.6681533
    1373    2.200    2.500  160.000     -150.6533053
    1374    2.200    2.500  170.000     -150.6389784
    1375    2.200    2.500  179.990     -150.6347340
       0    0.000    0.000    0.000        0.0000000
    1376    2.200    2.700    0.010     -145.7694069
    1377    2.200    2.700   10.000     -148.1925278
    1378    2.200    2.700   20.000     -150.0877462
    1379    2.200    2.700   30.000     -150.6206139
    1380    2.200    2.700   40.000     -150.7125130
    1381    2.200    2.700   50.000     -150.6926377
    1382    2.200    2.700   60.000     -150.6550142
    1383    2.200    2.700   65.960     -150.6392548
    1384    2.200    2.700   70.000     -150.6240190
    1385    2.200    2.700   80.000     -150.6546245
    1386    2.200    2.700   90.000     -150.6713796
    1387    2.200    2.700  100.000     -150.6806333
    1388    2.200    2.700  110.000     -150.6841406
    1389    2.200    2.700  120.000     -150.6832548
    1390    2.200    2.700  130.000     -150.6789743
    1391    2.200    2.700  140.000     -150.6721550
    1392    2.200    2.700  150.000     -150.6638820
    1393    2.200    2.700  160.000     -150.6562208
    1394    2.200    2.700  170.000     -150.6519363
    1395    2.200    2.700  179.990     -150.6505524
       0    0.000    0.000    0.000        0.0000000
    1396    2.200    2.850    0.010     -148.0975618
    1397    2.200    2.850   10.000     -149.2258811
    1398    2.200    2.850   20.000     -150.3262697
    1399    2.200    2.850   30.000     -150.6744679
    1400    2.200    2.850   40.000     -150.7231570
    1401    2.200    2.850   50.000     -150.6917927
    1402    2.200    2.850   60.000     -150.6482411
    1403    2.200    2.850   70.000     -150.6364488
    1404    2.200    2.850   80.000     -150.6553182
    1405    2.200    2.850   90.000     -150.6682378
    1406    2.200    2.850  100.000     -150.6763362
    1407    2.200    2.850  110.000     -150.6796123
    1408    2.200    2.850  120.000     -150.6792529
    1409    2.200    2.850  130.000     -150.6762683
    1410    2.200    2.850  140.000     -150.6716445
    1411    2.200    2.850  150.000     -150.6666233
    1412    2.200    2.850  160.000     -150.6627842
    1413    2.200    2.850  170.000     -150.6606605
    1414    2.200    2.850  179.990     -150.6598614
       0    0.000    0.000    0.000        0.0000000
    1415    2.200    3.000    0.010     -149.3045915
    1416    2.200    3.000   10.000     -149.8648742
    1417    2.200    3.000   20.000     -150.4964377
    1418    2.200    3.000   30.000     -150.7107826
    1419    2.200    3.000   40.000     -150.7271693
    1420    2.200    3.000   50.000     -150.6885145
    1421    2.200    3.000   60.000     -150.6433101
    1422    2.200    3.000   68.490     -150.6452658
    1423    2.200    3.000   70.000     -150.6474302
    1424    2.200    3.000   80.000     -150.6605725
    1425    2.200    3.000   90.000     -150.6701283
    1426    2.200    3.000  100.000     -150.6758702
    1427    2.200    3.000  110.000     -150.6785411
    1428    2.200    3.000  120.000     -150.6785505
    1429    2.200    3.000  130.000     -150.6767108
    1430    2.200    3.000  140.000     -150.6739096
    1431    2.200    3.000  150.000     -150.6711371
    1432    2.200    3.000  160.000     -150.6691652
    1433    2.200    3.000  170.000     -150.6678925
    1434    2.200    3.000  179.990     -150.6673947
       0    0.000    0.000    0.000        0.0000000
    1435    2.200    3.100    0.010     -149.7821555
    1436    2.200    3.100   10.000     -150.1425676
    1437    2.200    3.100   20.000     -150.5769292
    1438    2.200    3.100   30.000     -150.7263358
    1439    2.200    3.100   40.000     -150.7268006
    1440    2.200    3.100   50.000     -150.6854501
    1441    2.200    3.100   60.000     -150.6459099
    1442    2.200    3.100   70.000     -150.6537348
    1443    2.200    3.100   80.000     -150.6648408
    1444    2.200    3.100   90.000     -150.6730908
    1445    2.200    3.100  100.000     -150.6770685
    1446    2.200    3.100  110.000     -150.6791880
    1447    2.200    3.100  120.000     -150.6793080
    1448    2.200    3.100  130.000     -150.6780323
    1449    2.200    3.100  140.000     -150.6761006
    1450    2.200    3.100  150.000     -150.6742597
    1451    2.200    3.100  160.000     -150.6729105
    1452    2.200    3.100  170.000     -150.6719581
    1453    2.200    3.100  179.990     -150.6715858
       0    0.000    0.000    0.000        0.0000000
    1454    2.200    3.200    0.010     -150.1029710
    1455    2.200    3.200   10.000     -150.3384239
    1456    2.200    3.200   20.000     -150.6358112
    1457    2.200    3.200   30.000     -150.7360178
    1458    2.200    3.200   40.000     -150.7244828
    1459    2.200    3.200   50.000     -150.6820517
    1460    2.200    3.200   60.000     -150.6499895
    1461    2.200    3.200   69.890     -150.6591821
    1462    2.200    3.200   70.000     -150.6592948
    1463    2.200    3.200   80.000     -150.6688147
    1464    2.200    3.200   90.000     -150.6759806
    1465    2.200    3.200  100.000     -150.6789316
    1466    2.200    3.200  110.000     -150.6804838
    1467    2.200    3.200  120.000     -150.6806238
    1468    2.200    3.200  130.000     -150.6797492
    1469    2.200    3.200  140.000     -150.6784299
    1470    2.200    3.200  150.000     -150.6771856
    1471    2.200    3.200  160.000     -150.6762107
    1472    2.200    3.200  170.000     -150.6754855
    1473    2.200    3.200  179.990     -150.6752053
       0    0.000    0.000    0.000        0.0000000
    1474    2.200    3.300    0.010     -150.3193398
    1475    2.200    3.300   10.000     -150.4749228
    1476    2.200    3.300   20.000     -150.6771301
    1477    2.200    3.300   30.000     -150.7407851
    1478    2.200    3.300   40.000     -150.7206341
    1479    2.200    3.300   50.000     -150.6786756
    1480    2.200    3.300   60.000     -150.6554215
    1481    2.200    3.300   70.530     -150.6646740
    1482    2.200    3.300   80.000     -150.6723980
    1483    2.200    3.300   90.000     -150.6784611
    1484    2.200    3.300  100.000     -150.6810235
    1485    2.200    3.300  110.000     -150.6821026
    1486    2.200    3.300  120.000     -150.6822132
    1487    2.200    3.300  130.000     -150.6816068
    1488    2.200    3.300  140.000     -150.6806955
    1489    2.200    3.300  150.000     -150.6798238
    1490    2.200    3.300  160.000     -150.6790926
    1491    2.200    3.300  170.000     -150.6785366
    1492    2.200    3.300  179.990     -150.6783235
       0    0.000    0.000    0.000        0.0000000
    1493    2.200    3.400    0.010     -150.4648391
    1494    2.200    3.400   10.000     -150.5684118
    1495    2.200    3.400   20.000     -150.7044819
    1496    2.200    3.400   30.000     -150.7415598
    1497    2.200    3.400   40.000     -150.7156623
    1498    2.200    3.400   50.000     -150.6756973
    1499    2.200    3.400   60.000     -150.6604738
    1500    2.200    3.400   71.120     -150.6693776
    1501    2.200    3.400   80.000     -150.6755887
    1502    2.200    3.400   90.000     -150.6807129
    1503    2.200    3.400  100.000     -150.6830377
    1504    2.200    3.400  110.000     -150.6838037
    1505    2.200    3.400  120.000     -150.6838691
    1506    2.200    3.400  130.000     -150.6834349
    1507    2.200    3.400  140.000     -150.6827902
    1508    2.200    3.400  150.000     -150.6821547
    1509    2.200    3.400  160.000     -150.6815937
    1510    2.200    3.400  170.000     -150.6811652
    1511    2.200    3.400  179.990     -150.6810025
       0    0.000    0.000    0.000        0.0000000
    1512    2.200    3.500    0.010     -150.5615108
    1513    2.200    3.500   10.000     -150.6307714
    1514    2.200    3.500   20.000     -150.7211913
    1515    2.200    3.500   30.000     -150.7391937
    1516    2.200    3.500   40.000     -150.7099594
    1517    2.200    3.500   50.000     -150.6734531
    1518    2.200    3.500   60.000     -150.6650181
    1519    2.200    3.500   71.680     -150.6734077
    1520    2.200    3.500   80.000     -150.6784079
    1521    2.200    3.500   90.000     -150.6827509
    1522    2.200    3.500  100.000     -150.6848319
    1523    2.200    3.500  110.000     -150.6854317
    1524    2.200    3.500  120.000     -150.6854613
    1525    2.200    3.500  130.000     -150.6851383
    1526    2.200    3.500  140.000     -150.6846659
    1527    2.200    3.500  150.000     -150.6841879
    1528    2.200    3.500  160.000     -150.6837531
    1529    2.200    3.500  170.000     -150.6834225
    1530    2.200    3.500  179.990     -150.6832980
       0    0.000    0.000    0.000        0.0000000
    1531    2.200    3.600    0.010     -150.6241938
    1532    2.200    3.600   10.000     -150.6707155
    1533    2.200    3.600   20.000     -150.7296796
    1534    2.200    3.600   30.000     -150.7344544
    1535    2.200    3.600   40.000     -150.7039043
    1536    2.200    3.600   50.000     -150.6721629
    1537    2.200    3.600   60.000     -150.6690408
    1538    2.200    3.600   72.210     -150.6768606
    1539    2.200    3.600   80.000     -150.6808856
    1540    2.200    3.600   90.000     -150.6845751
    1541    2.200    3.600  100.000     -150.6863944
    1542    2.200    3.600  110.000     -150.6869081
    1543    2.200    3.600  120.000     -150.6869199
    1544    2.200    3.600  130.000     -150.6866707
    1545    2.200    3.600  140.000     -150.6863144
    1546    2.200    3.600  150.000     -150.6859478
    1547    2.200    3.600  160.000     -150.6856090
    1548    2.200    3.600  170.000     -150.6853549
    1549    2.200    3.600  179.990     -150.6852594
       0    0.000    0.000    0.000        0.0000000
    1550    2.200    3.800    0.010     -150.6853082
    1551    2.200    3.800   10.000     -150.7065579
    1552    2.200    3.800   20.000     -150.7298217
    1553    2.200    3.800   30.000     -150.7204986
    1554    2.200    3.800   40.000     -150.6922186
    1555    2.200    3.800   50.000     -150.6725219
    1556    2.200    3.800   60.000     -150.6757265
    1557    2.200    3.800   70.000     -150.6809134
    1558    2.200    3.800   73.170     -150.6823466
    1559    2.200    3.800   80.000     -150.6849421
    1560    2.200    3.800   90.000     -150.6876019
    1561    2.200    3.800  100.000     -150.6889371
    1562    2.200    3.800  110.000     -150.6893374
    1563    2.200    3.800  120.000     -150.6893461
    1564    2.200    3.800  130.000     -150.6891918
    1565    2.200    3.800  140.000     -150.6889789
    1566    2.200    3.800  150.000     -150.6887591
    1567    2.200    3.800  160.000     -150.6885573
    1568    2.200    3.800  170.000     -150.6884075
    1569    2.200    3.800  179.990     -150.6883517
       0    0.000    0.000    0.000        0.0000000
    1570    2.200    4.000    0.010     -150.6980703
    1571    2.200    4.000   10.000     -150.7086126
    1572    2.200    4.000   20.000     -150.7169112
    1573    2.200    4.000   30.000     -150.7042666
    1574    2.200    4.000   40.000     -150.6834085
    1575    2.200    4.000   60.000     -150.6808679
    1576    2.200    4.000   70.000     -150.6849832
    1577    2.200    4.000   74.040     -150.6863409
    1578    2.200    4.000   80.000     -150.6879940
    1579    2.200    4.000   90.000     -150.6898988
    1580    2.200    4.000  100.000     -150.6908477
    1581    2.200    4.000  110.000     -150.6911522
    1582    2.200    4.000  120.000     -150.6911666
    1583    2.200    4.000  130.000     -150.6910701
    1584    2.200    4.000  140.000     -150.6909403
    1585    2.200    4.000  150.000     -150.6908101
    1586    2.200    4.000  160.000     -150.6906925
    1587    2.200    4.000  170.000     -150.6906061
    1588    2.200    4.000  179.990     -150.6905740
       0    0.000    0.000    0.000        0.0000000
    1589    2.200    4.500    0.010     -150.6535959
    1590    2.200    4.500   10.000     -150.6613931
    1591    2.200    4.500   20.000     -150.6745383
    1592    2.200    4.500   30.000     -150.6777341
    1593    2.200    4.500   40.000     -150.6799920
    1594    2.200    4.500   50.000     -150.6852289
    1595    2.200    4.500   60.000     -150.6889245
    1596    2.200    4.500   70.000     -150.6911424
    1597    2.200    4.500   75.850     -150.6920415
    1598    2.200    4.500   80.000     -150.6925321
    1599    2.200    4.500   90.000     -150.6933225
    1600    2.200    4.500  100.000     -150.6936911
    1601    2.200    4.500  110.000     -150.6938105
    1602    2.200    4.500  120.000     -150.6938169
    1603    2.200    4.500  130.000     -150.6937868
    1604    2.200    4.500  140.000     -150.6937546
    1605    2.200    4.500  150.000     -150.6937286
    1606    2.200    4.500  160.000     -150.6937068
    1607    2.200    4.500  170.000     -150.6936891
    1608    2.200    4.500  179.990     -150.6936823
       0    0.000    0.000    0.000        0.0000000
    1609    2.200    5.000    0.010     -150.6569726
    1610    2.200    5.000   10.000     -150.6625981
    1611    2.200    5.000   20.000     -150.6730327
    1612    2.200    5.000   30.000     -150.6812790
    1613    2.200    5.000   40.000     -150.6870056
    1614    2.200    5.000   50.000     -150.6907430
    1615    2.200    5.000   60.000     -150.6927698
    1616    2.200    5.000   70.000     -150.6938755
    1617    2.200    5.000   77.290     -150.6943487
    1618    2.200    5.000   80.000     -150.6944753
    1619    2.200    5.000   90.000     -150.6947745
    1620    2.200    5.000  100.000     -150.6948965
    1621    2.200    5.000  110.000     -150.6949249
    1622    2.200    5.000  120.000     -150.6949169
    1623    2.200    5.000  130.000     -150.6949047
    1624    2.200    5.000  140.000     -150.6949011
    1625    2.200    5.000  150.000     -150.6949038
    1626    2.200    5.000  160.000     -150.6949066
    1627    2.200    5.000  170.000     -150.6949067
    1628    2.200    5.000  179.990     -150.6949064
       0    0.000    0.000    0.000        0.0000000
    1629    2.200    6.000    0.010     -150.6883517
    1630    2.200    6.000   10.000     -150.6891227
    1631    2.200    6.000   20.000     -150.6908555
    1632    2.200    6.000   30.000     -150.6926242
    1633    2.200    6.000   40.000     -150.6939460
    1634    2.200    6.000   50.000     -150.6947547
    1635    2.200    6.000   60.000     -150.6951795
    1636    2.200    6.000   70.000     -150.6953722
    1637    2.200    6.000   79.440     -150.6954428
    1638    2.200    6.000   80.000     -150.6954449
    1639    2.200    6.000   90.000     -150.6954613
    1640    2.200    6.000  100.000     -150.6954544
    1641    2.200    6.000  110.000     -150.6954405
    1642    2.200    6.000  120.000     -150.6954289
    1643    2.200    6.000  130.000     -150.6954237
    1644    2.200    6.000  140.000     -150.6954248
    1645    2.200    6.000  150.000     -150.6954302
    1646    2.200    6.000  160.000     -150.6954370
    1647    2.200    6.000  170.000     -150.6954425
    1648    2.200    6.000  179.990     -150.6954447
       0    0.000    0.000    0.000        0.0000000
    1649    2.200    7.000    0.010     -150.6945550
    1650    2.200    7.000   10.000     -150.6946566
    1651    2.200    7.000   20.000     -150.6948899
    1652    2.200    7.000   30.000     -150.6951313
    1653    2.200    7.000   40.000     -150.6953120
    1654    2.200    7.000   50.000     -150.6954175
    1655    2.200    7.000   60.000     -150.6954592
    1656    2.200    7.000   70.000     -150.6954615
    1657    2.200    7.000   80.960     -150.6954474
    1658    2.200    7.000   90.000     -150.6954347
    1659    2.200    7.000  100.000     -150.6954235
    1660    2.200    7.000  110.000     -150.6954155
    1661    2.200    7.000  120.000     -150.6954099
    1662    2.200    7.000  130.000     -150.6954061
    1663    2.200    7.000  140.000     -150.6954047
    1664    2.200    7.000  150.000     -150.6954069
    1665    2.200    7.000  160.000     -150.6954122
    1666    2.200    7.000  170.000     -150.6954175
    1667    2.200    7.000  179.990     -150.6954197
       0    0.000    0.000    0.000        0.0000000
    1668    2.200    8.000    0.010     -150.6954206
    1669    2.200    8.000   10.000     -150.6954244
    1670    2.200    8.000   20.000     -150.6954306
    1671    2.200    8.000   30.000     -150.6954334
    1672    2.200    8.000   40.000     -150.6954319
    1673    2.200    8.000   50.000     -150.6954237
    1674    2.200    8.000   60.000     -150.6954094
    1675    2.200    8.000   70.000     -150.6953941
    1676    2.200    8.000   82.100     -150.6953794
    1677    2.200    8.000   90.000     -150.6953728
    1678    2.200    8.000  100.000     -150.6953670
    1679    2.200    8.000  110.000     -150.6953631
    1680    2.200    8.000  120.000     -150.6953602
    1681    2.200    8.000  130.000     -150.6953581
    1682    2.200    8.000  140.000     -150.6953573
    1683    2.200    8.000  150.000     -150.6953582
    1684    2.200    8.000  160.000     -150.6953603
    1685    2.200    8.000  170.000     -150.6953626
    1686    2.200    8.000  179.990     -150.6953635
       0    0.000    0.000    0.000        0.0000000
    1687    2.200   10.000    0.010     -150.6953734
    1688    2.200   10.000   10.000     -150.6953694
    1689    2.200   10.000   20.000     -150.6953604
    1690    2.200   10.000   30.000     -150.6953511
    1691    2.200   10.000   40.000     -150.6953432
    1692    2.200   10.000   50.000     -150.6953362
    1693    2.200   10.000   60.000     -150.6953300
    1694    2.200   10.000   70.000     -150.6953250
    1695    2.200   10.000   83.680     -150.6953200
    1696    2.200   10.000   90.000     -150.6953184
    1697    2.200   10.000  100.000     -150.6953164
    1698    2.200   10.000  110.000     -150.6953151
    1699    2.200   10.000  120.000     -150.6953142
    1700    2.200   10.000  130.000     -150.6953136
    1701    2.200   10.000  140.000     -150.6953132
    1702    2.200   10.000  150.000     -150.6953129
    1703    2.200   10.000  160.000     -150.6953127
    1704    2.200   10.000  170.000     -150.6953126
    1705    2.200   10.000  179.990     -150.6953126
       0    0.000    0.000    0.000        0.0000000
    1706    2.200   12.000    0.010     -150.6953147
    1707    2.200   12.000   10.000     -150.6953143
    1708    2.200   12.000   20.000     -150.6953132
    1709    2.200   12.000   30.000     -150.6953116
    1710    2.200   12.000   40.000     -150.6953097
    1711    2.200   12.000   50.000     -150.6953079
    1712    2.200   12.000   60.000     -150.6953061
    1713    2.200   12.000   70.000     -150.6953046
    1714    2.200   12.000   84.740     -150.6953031
    1715    2.200   12.000   90.000     -150.6953027
    1716    2.200   12.000  100.000     -150.6953022
    1717    2.200   12.000  110.000     -150.6953019
    1718    2.200   12.000  120.000     -150.6953018
    1719    2.200   12.000  130.000     -150.6953018
    1720    2.200   12.000  140.000     -150.6953018
    1721    2.200   12.000  150.000     -150.6953019
    1722    2.200   12.000  160.000     -150.6953020
    1723    2.200   12.000  170.000     -150.6953020
    1724    2.200   12.000  179.990     -150.6953020
       0    0.000    0.000    0.000        0.0000000
    1725    2.200   15.000    0.010     -150.6953000
    1726    2.200   15.000   10.000     -150.6952999
    1727    2.200   15.000   20.000     -150.6952996
    1728    2.200   15.000   30.000     -150.6952992
    1729    2.200   15.000   40.000     -150.6952988
    1730    2.200   15.000   50.000     -150.6952983
    1731    2.200   15.000   60.000     -150.6952980
    1732    2.200   15.000   70.000     -150.6952977
    1733    2.200   15.000   90.000     -150.6952974
    1734    2.200   15.000  100.000     -150.6952973
    1735    2.200   15.000  110.000     -150.6952972
    1736    2.200   15.000  120.000     -150.6952972
    1737    2.200   15.000  130.000     -150.6952972
    1738    2.200   15.000  140.000     -150.6952972
    1739    2.200   15.000  150.000     -150.6952972
    1740    2.200   15.000  160.000     -150.6952972
    1741    2.200   15.000  170.000     -150.6952972
    1742    2.200   15.000  179.990     -150.6952972
       0    0.000    0.000    0.000        0.0000000
    1743    2.300    1.200    0.010     -149.7296223
    1744    2.300    1.200   10.000     -149.8033839
    1745    2.300    1.200   16.600     -149.9069593
    1746    2.300    1.200   20.000     -149.9654686
    1747    2.300    1.200   30.000     -150.1241950
    1748    2.300    1.200   40.000     -150.2439662
    1749    2.300    1.200   50.000     -150.3299661
    1750    2.300    1.200   60.000     -150.3935544
    1751    2.300    1.200   70.000     -150.4411934
    1752    2.300    1.200   80.000     -150.4759164
    1753    2.300    1.200   90.000     -150.4995327
    1754    2.300    1.200  100.000     -150.5136644
    1755    2.300    1.200  110.000     -150.5199157
    1756    2.300    1.200  120.000     -150.5198598
    1757    2.300    1.200  130.000     -150.5150878
    1758    2.300    1.200  140.000     -150.5072636
    1759    2.300    1.200  150.000     -150.4981506
    1760    2.300    1.200  160.000     -150.4895892
    1761    2.300    1.200  170.000     -150.4834183
    1762    2.300    1.200  179.990     -150.4811541
       0    0.000    0.000    0.000        0.0000000
    1763    2.300    1.400    0.010     -149.3606014
    1764    2.300    1.400   10.000     -149.5649205
    1765    2.300    1.400   20.000     -149.9473706
    1766    2.300    1.400   30.000     -150.2400534
    1767    2.300    1.400   34.770     -150.3329156
    1768    2.300    1.400   40.000     -150.4081858
    1769    2.300    1.400   50.000     -150.5033512
    1770    2.300    1.400   60.000     -150.5650051
    1771    2.300    1.400   70.000     -150.6094557
    1772    2.300    1.400   80.000     -150.6416950
    1773    2.300    1.400   90.000     -150.6635563
    1774    2.300    1.400  100.000     -150.6764587
    1775    2.300    1.400  110.000     -150.6818435
    1776    2.300    1.400  120.000     -150.6811747
    1777    2.300    1.400  130.000     -150.6759530
    1778    2.300    1.400  140.000     -150.6677626
    1779    2.300    1.400  150.000     -150.6583173
    1780    2.300    1.400  160.000     -150.6498079
    1781    2.300    1.400  170.000     -150.6433970
    1782    2.300    1.400  179.990     -150.6410478
       0    0.000    0.000    0.000        0.0000000
    1783    2.300    1.600    0.010     -148.2513820
    1784    2.300    1.600   10.000     -148.8573732
    1785    2.300    1.600   20.000     -149.7587647
    1786    2.300    1.600   30.000     -150.2726712
    1787    2.300    1.600   40.000     -150.4951658
    1788    2.300    1.600   44.050     -150.5430043
    1789    2.300    1.600   50.000     -150.5916439
    1790    2.300    1.600   60.000     -150.6450133
    1791    2.300    1.600   70.000     -150.6829839
    1792    2.300    1.600   80.000     -150.7113300
    1793    2.300    1.600   90.000     -150.7308506
    1794    2.300    1.600  100.000     -150.7422641
    1795    2.300    1.600  110.000     -150.7466646
    1796    2.300    1.600  120.000     -150.7453322
    1797    2.300    1.600  130.000     -150.7396428
    1798    2.300    1.600  140.000     -150.7310578
    1799    2.300    1.600  150.000     -150.7211713
    1800    2.300    1.600  160.000     -150.7117959
    1801    2.300    1.600  170.000     -150.7049782
    1802    2.300    1.600  179.990     -150.7026879
       0    0.000    0.000    0.000        0.0000000
    1803    2.300    1.700    0.010     -147.1872943
    1804    2.300    1.700   10.000     -148.2609063
    1805    2.300    1.700   20.000     -149.6243706
    1806    2.300    1.700   30.000     -150.2800928
    1807    2.300    1.700   40.000     -150.5268361
    1808    2.300    1.700   47.430     -150.6028721
    1809    2.300    1.700   50.000     -150.6198677
    1810    2.300    1.700   60.000     -150.6667463
    1811    2.300    1.700   70.000     -150.7004572
    1812    2.300    1.700   80.000     -150.7265088
    1813    2.300    1.700   90.000     -150.7447492
    1814    2.300    1.700  100.000     -150.7553819
    1815    2.300    1.700  110.000     -150.7592807
    1816    2.300    1.700  120.000     -150.7576168
    1817    2.300    1.700  130.000     -150.7516901
    1818    2.300    1.700  140.000     -150.7428897
    1819    2.300    1.700  150.000     -150.7327485
    1820    2.300    1.700  160.000     -150.7230624
    1821    2.300    1.700  170.000     -150.7159063
    1822    2.300    1.700  179.990     -150.7133405
       0    0.000    0.000    0.000        0.0000000
    1823    2.300    1.800    0.010     -145.5016968
    1824    2.300    1.800   10.000     -147.4550826
    1825    2.300    1.800   20.000     -149.4807020
    1826    2.300    1.800   30.000     -150.2895429
    1827    2.300    1.800   40.000     -150.5552099
    1828    2.300    1.800   50.000     -150.6419241
    1829    2.300    1.800   50.290     -150.6434122
    1830    2.300    1.800   60.000     -150.6810064
    1831    2.300    1.800   70.000     -150.7099562
    1832    2.300    1.800   80.000     -150.7336018
    1833    2.300    1.800   90.000     -150.7505610
    1834    2.300    1.800  100.000     -150.7604289
    1835    2.300    1.800  110.000     -150.7638431
    1836    2.300    1.800  120.000     -150.7618633
    1837    2.300    1.800  130.000     -150.7557066
    1838    2.300    1.800  140.000     -150.7466833
    1839    2.300    1.800  150.000     -150.7362583
    1840    2.300    1.800  160.000     -150.7262071
    1841    2.300    1.800  170.000     -150.7186984
    1842    2.300    1.800  179.990     -150.7158524
       0    0.000    0.000    0.000        0.0000000
    1843    2.300    1.850    0.010     -144.2954071
    1844    2.300    1.850   10.000     -146.9659254
    1845    2.300    1.850   20.000     -149.4111124
    1846    2.300    1.850   30.000     -150.2963174
    1847    2.300    1.850   40.000     -150.5686994
    1848    2.300    1.850   50.000     -150.6512451
    1849    2.300    1.850   51.570     -150.6581233
    1850    2.300    1.850   60.000     -150.6860359
    1851    2.300    1.850   70.000     -150.7124651
    1852    2.300    1.850   80.000     -150.7348943
    1853    2.300    1.850   90.000     -150.7512284
    1854    2.300    1.850  100.000     -150.7607284
    1855    2.300    1.850  110.000     -150.7639116
    1856    2.300    1.850  120.000     -150.7617828
    1857    2.300    1.850  130.000     -150.7555166
    1858    2.300    1.850  140.000     -150.7463810
    1859    2.300    1.850  150.000     -150.7358032
    1860    2.300    1.850  160.000     -150.7255456
    1861    2.300    1.850  170.000     -150.7178322
    1862    2.300    1.850  179.990     -150.7148628
       0    0.000    0.000    0.000        0.0000000
    1863    2.300    1.900    0.010     -142.7256850
    1864    2.300    1.900   10.000     -146.4205280
    1865    2.300    1.900   20.000     -149.3466517
    1866    2.300    1.900   30.000     -150.3049456
    1867    2.300    1.900   40.000     -150.5818780
    1868    2.300    1.900   50.000     -150.6596482
    1869    2.300    1.900   52.750     -150.6698296
    1870    2.300    1.900   60.000     -150.6899449
    1871    2.300    1.900   70.000     -150.7137861
    1872    2.300    1.900   80.000     -150.7350045
    1873    2.300    1.900   90.000     -150.7507321
    1874    2.300    1.900  100.000     -150.7598781
    1875    2.300    1.900  110.000     -150.7628403
    1876    2.300    1.900  120.000     -150.7605703
    1877    2.300    1.900  130.000     -150.7541998
    1878    2.300    1.900  140.000     -150.7449525
    1879    2.300    1.900  150.000     -150.7342154
    1880    2.300    1.900  160.000     -150.7237333
    1881    2.300    1.900  170.000     -150.7157912
    1882    2.300    1.900  179.990     -150.7127444
       0    0.000    0.000    0.000        0.0000000
    1883    2.300    2.000    0.010     -137.7509439
    1884    2.300    2.000   10.000     -145.2007052
    1885    2.300    2.000   20.000     -149.2448204
    1886    2.300    2.000   30.000     -150.3286106
    1887    2.300    2.000   40.000     -150.6074773
    1888    2.300    2.000   50.000     -150.6741436
    1889    2.300    2.000   54.900     -150.6858849
    1890    2.300    2.000   60.000     -150.6950353
    1891    2.300    2.000   70.000     -150.7135738
    1892    2.300    2.000   80.000     -150.7324302
    1893    2.300    2.000   90.000     -150.7470232
    1894    2.300    2.000  100.000     -150.7555146
    1895    2.300    2.000  110.000     -150.7580718
    1896    2.300    2.000  120.000     -150.7555478
    1897    2.300    2.000  130.000     -150.7489896
    1898    2.300    2.000  140.000     -150.7395263
    1899    2.300    2.000  150.000     -150.7284498
    1900    2.300    2.000  160.000     -150.7174567
    1901    2.300    2.000  170.000     -150.7089705
    1902    2.300    2.000  179.990     -150.7060036
       0    0.000    0.000    0.000        0.0000000
    1903    2.300    2.100    0.010     -127.0014758
    1904    2.300    2.100   10.000     -143.9777305
    1905    2.300    2.100   20.000     -149.1969894
    1906    2.300    2.100   30.000     -150.3612032
    1907    2.300    2.100   40.000     -150.6320321
    1908    2.300    2.100   50.000     -150.6860457
    1909    2.300    2.100   56.800     -150.6943280
    1910    2.300    2.100   60.000     -150.6972960
    1911    2.300    2.100   70.000     -150.7104798
    1912    2.300    2.100   80.000     -150.7271213
    1913    2.300    2.100   90.000     -150.7407206
    1914    2.300    2.100  100.000     -150.7486469
    1915    2.300    2.100  110.000     -150.7508595
    1916    2.300    2.100  120.000     -150.7481285
    1917    2.300    2.100  130.000     -150.7414190
    1918    2.300    2.100  140.000     -150.7317573
    1919    2.300    2.100  150.000     -150.7203151
    1920    2.300    2.100  160.000     -150.7087042
    1921    2.300    2.100  170.000     -150.6995186
    1922    2.300    2.100  179.990     -150.6963449
       0    0.000    0.000    0.000        0.0000000
    1923    2.300    2.300   10.000     -143.0165853
    1924    2.300    2.300   20.000     -149.3070855
    1925    2.300    2.300   40.000     -150.6765757
    1926    2.300    2.300   50.000     -150.7033237
    1927    2.300    2.300   60.000     -150.6959716
    1928    2.300    2.300   70.000     -150.6987497
    1929    2.300    2.300   80.000     -150.7117098
    1930    2.300    2.300   90.000     -150.7239139
    1931    2.300    2.300  100.000     -150.7310577
    1932    2.300    2.300  110.000     -150.7328088
    1933    2.300    2.300  120.000     -150.7298460
    1934    2.300    2.300  130.000     -150.7229946
    1935    2.300    2.300  140.000     -150.7130457
    1936    2.300    2.300  150.000     -150.7007974
    1937    2.300    2.300  160.000     -150.6873055
    1938    2.300    2.300  170.000     -150.6751261
    1939    2.300    2.300  179.990     -150.6725271
       0    0.000    0.000    0.000        0.0000000
    1940    2.300    2.500    0.010     -127.0899227
    1941    2.300    2.500   10.000     -144.9594426
    1942    2.300    2.500   20.000     -149.6359903
    1943    2.300    2.500   30.000     -150.5478299
    1944    2.300    2.500   40.000     -150.7119969
    1945    2.300    2.500   50.000     -150.7129183
    1946    2.300    2.500   60.000     -150.6896069
    1947    2.300    2.500   62.610     -150.6855182
    1948    2.300    2.500   70.000     -150.6828472
    1949    2.300    2.500   80.000     -150.6936616
    1950    2.300    2.500   90.000     -150.7055843
    1951    2.300    2.500  100.000     -150.7125157
    1952    2.300    2.500  110.000     -150.7141736
    1953    2.300    2.500  120.000     -150.7113160
    1954    2.300    2.500  130.000     -150.7047033
    1955    2.300    2.500  140.000     -150.6949188
    1956    2.300    2.500  150.000     -150.6823017
    1957    2.300    2.500  160.000     -150.6666987
    1958    2.300    2.500  170.000     -150.6482529
    1959    2.300    2.500  179.990     -150.6414335
       0    0.000    0.000    0.000        0.0000000
    1960    2.300    2.700    0.010     -142.9618780
    1961    2.300    2.700   10.000     -147.4108366
    1962    2.300    2.700   20.000     -150.0200514
    1963    2.300    2.700   30.000     -150.6374622
    1964    2.300    2.700   40.000     -150.7358590
    1965    2.300    2.700   50.000     -150.7158008
    1966    2.300    2.700   60.000     -150.6803520
    1967    2.300    2.700   64.790     -150.6689862
    1968    2.300    2.700   70.000     -150.6647246
    1969    2.300    2.700   80.000     -150.6763515
    1970    2.300    2.700   90.000     -150.6895973
    1971    2.300    2.700  100.000     -150.6968071
    1972    2.300    2.700  110.000     -150.6987394
    1973    2.300    2.700  120.000     -150.6964921
    1974    2.300    2.700  130.000     -150.6909462
    1975    2.300    2.700  140.000     -150.6828479
    1976    2.300    2.700  150.000     -150.6730874
    1977    2.300    2.700  160.000     -150.6635152
    1978    2.300    2.700  170.000     -150.6578699
    1979    2.300    2.700  179.990     -150.6562788
       0    0.000    0.000    0.000        0.0000000
    1980    2.300    2.850    0.010     -146.7437200
    1981    2.300    2.850   10.000     -148.7039593
    1982    2.300    2.850   20.000     -150.2663223
    1983    2.300    2.850   30.000     -150.6898197
    1984    2.300    2.850   40.000     -150.7459453
    1985    2.300    2.850   50.000     -150.7142996
    1986    2.300    2.850   70.000     -150.6426877
    1987    2.300    2.850   80.000     -150.6678079
    1988    2.300    2.850   90.000     -150.6817002
    1989    2.300    2.850  100.000     -150.6888550
    1990    2.300    2.850  110.000     -150.6910356
    1991    2.300    2.850  120.000     -150.6895497
    1992    2.300    2.850  130.000     -150.6854106
    1993    2.300    2.850  140.000     -150.6795862
    1994    2.300    2.850  150.000     -150.6733174
    1995    2.300    2.850  160.000     -150.6684041
    1996    2.300    2.850  170.000     -150.6659436
    1997    2.300    2.850  179.990     -150.6650871
       0    0.000    0.000    0.000        0.0000000
    1998    2.300    3.000    0.010     -148.6016158
    1999    2.300    3.000   10.000     -149.5415145
    2000    2.300    3.000   20.000     -150.4544165
    2001    2.300    3.000   30.000     -150.7272417
    2002    2.300    3.000   40.000     -150.7499432
    2003    2.300    3.000   50.000     -150.7103712
    2004    2.300    3.000   60.000     -150.6642776
    2005    2.300    3.000   67.460     -150.6487752
    2006    2.300    3.000   70.000     -150.6525952
    2007    2.300    3.000   80.000     -150.6683800
    2008    2.300    3.000   90.000     -150.6787435
    2009    2.300    3.000  100.000     -150.6849235
    2010    2.300    3.000  110.000     -150.6870976
    2011    2.300    3.000  120.000     -150.6863562
    2012    2.300    3.000  130.000     -150.6836748
    2013    2.300    3.000  140.000     -150.6800216
    2014    2.300    3.000  150.000     -150.6764923
    2015    2.300    3.000  160.000     -150.6740974
    2016    2.300    3.000  170.000     -150.6727711
    2017    2.300    3.000  179.990     -150.6722576
       0    0.000    0.000    0.000        0.0000000
    2018    2.300    3.100    0.010     -149.3198163
    2019    2.300    3.100   10.000     -149.9140948
    2020    2.300    3.100   20.000     -150.5478509
    2021    2.300    3.100   30.000     -150.7442250
    2022    2.300    3.100   40.000     -150.7496883
    2023    2.300    3.100   50.000     -150.7067571
    2024    2.300    3.100   60.000     -150.6598145
    2025    2.300    3.100   70.000     -150.6585756
    2026    2.300    3.100   80.000     -150.6707878
    2027    2.300    3.100   90.000     -150.6792548
    2028    2.300    3.100  100.000     -150.6842737
    2029    2.300    3.100  110.000     -150.6862440
    2030    2.300    3.100  120.000     -150.6858652
    2031    2.300    3.100  130.000     -150.6839781
    2032    2.300    3.100  140.000     -150.6814400
    2033    2.300    3.100  150.000     -150.6791247
    2034    2.300    3.100  160.000     -150.6775936
    2035    2.300    3.100  170.000     -150.6766403
    2036    2.300    3.100  179.990     -150.6762635
       0    0.000    0.000    0.000        0.0000000
    2037    2.300    3.200    0.010     -149.7976755
    2038    2.300    3.200   10.000     -150.1807094
    2039    2.300    3.200   20.000     -150.6187938
    2040    2.300    3.200   30.000     -150.7555155
    2041    2.300    3.200   40.000     -150.7474801
    2042    2.300    3.200   50.000     -150.7026152
    2043    2.300    3.200   60.000     -150.6594071
    2044    2.300    3.200   68.940     -150.6627287
    2045    2.300    3.200   70.000     -150.6639019
    2046    2.300    3.200   80.000     -150.6739684
    2047    2.300    3.200   90.000     -150.6810473
    2048    2.300    3.200  100.000     -150.6847575
    2049    2.300    3.200  110.000     -150.6864036
    2050    2.300    3.200  120.000     -150.6862565
    2051    2.300    3.200  130.000     -150.6849729
    2052    2.300    3.200  140.000     -150.6832572
    2053    2.300    3.200  150.000     -150.6817485
    2054    2.300    3.200  160.000     -150.6807208
    2055    2.300    3.200  170.000     -150.6800121
    2056    2.300    3.200  179.990     -150.6797335
       0    0.000    0.000    0.000        0.0000000
    2057    2.300    3.300    0.010     -150.1187601
    2058    2.300    3.300   10.000     -150.3694398
    2059    2.300    3.300   20.000     -150.6706507
    2060    2.300    3.300   30.000     -150.7618571
    2061    2.300    3.300   40.000     -150.7436649
    2062    2.300    3.300   50.000     -150.6982001
    2063    2.300    3.300   60.000     -150.6624561
    2064    2.300    3.300   69.610     -150.6682354
    2065    2.300    3.300   70.000     -150.6686120
    2066    2.300    3.300   80.000     -150.6771438
    2067    2.300    3.300   90.000     -150.6832912
    2068    2.300    3.300  100.000     -150.6859459
    2069    2.300    3.300  110.000     -150.6872220
    2070    2.300    3.300  120.000     -150.6871956
    2071    2.300    3.300  130.000     -150.6863395
    2072    2.300    3.300  140.000     -150.6851934
    2073    2.300    3.300  150.000     -150.6841977
    2074    2.300    3.300  160.000     -150.6834716
    2075    2.300    3.300  170.000     -150.6829400
    2076    2.300    3.300  179.990     -150.6827305
       0    0.000    0.000    0.000        0.0000000
    2077    2.300    3.400    0.010     -150.3353894
    2078    2.300    3.400   10.000     -150.5013197
    2079    2.300    3.400   20.000     -150.7067124
    2080    2.300    3.400   30.000     -150.7640330
    2081    2.300    3.400   40.000     -150.7385884
    2082    2.300    3.400   50.000     -150.6937992
    2083    2.300    3.400   60.000     -150.6659456
    2084    2.300    3.400   70.230     -150.6729518
    2085    2.300    3.400   80.000     -150.6800828
    2086    2.300    3.400   90.000     -150.6853709
    2087    2.300    3.400  100.000     -150.6874680
    2088    2.300    3.400  110.000     -150.6883989
    2089    2.300    3.400  120.000     -150.6884174
    2090    2.300    3.400  130.000     -150.6878468
    2091    2.300    3.400  140.000     -150.6870805
    2092    2.300    3.400  150.000     -150.6864055
    2093    2.300    3.400  160.000     -150.6858730
    2094    2.300    3.400  170.000     -150.6854685
    2095    2.300    3.400  179.990     -150.6853113
       0    0.000    0.000    0.000        0.0000000
    2096    2.300    3.500    0.010     -150.4811540
    2097    2.300    3.500   10.000     -150.5918000
    2098    2.300    3.500   20.000     -150.7305104
    2099    2.300    3.500   30.000     -150.7628092
    2100    2.300    3.500   40.000     -150.7325868
    2101    2.300    3.500   50.000     -150.6897309
    2102    2.300    3.500   60.000     -150.6698530
    2103    2.300    3.500   70.820     -150.6769942
    2104    2.300    3.500   80.000     -150.6827278
    2105    2.300    3.500   90.000     -150.6872114
    2106    2.300    3.500  100.000     -150.6890385
    2107    2.300    3.500  110.000     -150.6897099
    2108    2.300    3.500  120.000     -150.6897351
    2109    2.300    3.500  130.000     -150.6893483
    2110    2.300    3.500  140.000     -150.6888272
    2111    2.300    3.500  150.000     -150.6883535
    2112    2.300    3.500  160.000     -150.6879538
    2113    2.300    3.500  170.000     -150.6876455
    2114    2.300    3.500  179.990     -150.6875268
       0    0.000    0.000    0.000        0.0000000
    2115    2.300    3.600    0.010     -150.5780955
    2116    2.300    3.600   10.000     -150.6521984
    2117    2.300    3.600   20.000     -150.7445672
    2118    2.300    3.600   30.000     -150.7589012
    2119    2.300    3.600   40.000     -150.7259836
    2120    2.300    3.600   50.000     -150.6863133
    2121    2.300    3.600   60.000     -150.6735248
    2122    2.300    3.600   71.370     -150.6804594
    2123    2.300    3.600   80.000     -150.6850799
    2124    2.300    3.600   90.000     -150.6888716
    2125    2.300    3.600  100.000     -150.6905033
    2126    2.300    3.600  110.000     -150.6910102
    2127    2.300    3.600  120.000     -150.6910281
    2128    2.300    3.600  130.000     -150.6907578
    2129    2.300    3.600  140.000     -150.6903938
    2130    2.300    3.600  150.000     -150.6900510
    2131    2.300    3.600  160.000     -150.6897475
    2132    2.300    3.600  170.000     -150.6895128
    2133    2.300    3.600  179.990     -150.6894230
       0    0.000    0.000    0.000        0.0000000
    2134    2.300    3.800    0.010     -150.6802117
    2135    2.300    3.800   10.000     -150.7137274
    2136    2.300    3.800   20.000     -150.7521059
    2137    2.300    3.800   30.000     -150.7455623
    2138    2.300    3.800   40.000     -150.7122175
    2139    2.300    3.800   50.000     -150.6822988
    2140    2.300    3.800   60.000     -150.6798341
    2141    2.300    3.800   70.000     -150.6848611
    2142    2.300    3.800   72.380     -150.6859731
    2143    2.300    3.800   80.000     -150.6889725
    2144    2.300    3.800   90.000     -150.6916877
    2145    2.300    3.800  100.000     -150.6929431
    2146    2.300    3.800  110.000     -150.6933003
    2147    2.300    3.800  120.000     -150.6933075
    2148    2.300    3.800  130.000     -150.6931624
    2149    2.300    3.800  140.000     -150.6929652
    2150    2.300    3.800  150.000     -150.6927765
    2151    2.300    3.800  160.000     -150.6926026
    2152    2.300    3.800  170.000     -150.6924683
    2153    2.300    3.800  179.990     -150.6924174
       0    0.000    0.000    0.000        0.0000000
    2154    2.300    4.000    0.010     -150.7134398
    2155    2.300    4.000   10.000     -150.7289970
    2156    2.300    4.000   20.000     -150.7427656
    2157    2.300    4.000   30.000     -150.7283923
    2158    2.300    4.000   40.000     -150.6997650
    2159    2.300    4.000   50.000     -150.6821210
    2160    2.300    4.000   60.000     -150.6847886
    2161    2.300    4.000   70.000     -150.6888531
    2162    2.300    4.000   73.290     -150.6899995
    2163    2.300    4.000   80.000     -150.6919305
    2164    2.300    4.000   90.000     -150.6938708
    2165    2.300    4.000  100.000     -150.6947849
    2166    2.300    4.000  110.000     -150.6950567
    2167    2.300    4.000  120.000     -150.6950694
    2168    2.300    4.000  130.000     -150.6949865
    2169    2.300    4.000  140.000     -150.6948790
    2170    2.300    4.000  150.000     -150.6947735
    2171    2.300    4.000  160.000     -150.6946756
    2172    2.300    4.000  170.000     -150.6946007
    2173    2.300    4.000  179.990     -150.6945724
       0    0.000    0.000    0.000        0.0000000
    2174    2.300    4.500    0.010     -150.6849570
    2175    2.300    4.500   10.000     -150.6908345
    2176    2.300    4.500   20.000     -150.6959782
    2177    2.300    4.500   30.000     -150.6909062
    2178    2.300    4.500   40.000     -150.6862955
    2179    2.300    4.500   50.000     -150.6889777
    2180    2.300    4.500   60.000     -150.6926976
    2181    2.300    4.500   70.000     -150.6949514
    2182    2.300    4.500   75.190     -150.6957857
    2183    2.300    4.500   80.000     -150.6963834
    2184    2.300    4.500   90.000     -150.6971863
    2185    2.300    4.500  100.000     -150.6975533
    2186    2.300    4.500  110.000     -150.6976711
    2187    2.300    4.500  120.000     -150.6976814
    2188    2.300    4.500  130.000     -150.6976600
    2189    2.300    4.500  140.000     -150.6976358
    2190    2.300    4.500  150.000     -150.6976203
    2191    2.300    4.500  160.000     -150.6976060
    2192    2.300    4.500  170.000     -150.6975936
    2193    2.300    4.500  179.990     -150.6975886
       0    0.000    0.000    0.000        0.0000000
    2194    2.300    5.000    0.010     -150.6562788
    2195    2.300    5.000   10.000     -150.6643840
    2196    2.300    5.000   20.000     -150.6774989
    2197    2.300    5.000   30.000     -150.6853677
    2198    2.300    5.000   40.000     -150.6905617
    2199    2.300    5.000   50.000     -150.6944227
    2200    2.300    5.000   60.000     -150.6965464
    2201    2.300    5.000   70.000     -150.6976896
    2202    2.300    5.000   76.700     -150.6981461
    2203    2.300    5.000   80.000     -150.6983080
    2204    2.300    5.000   90.000     -150.6986153
    2205    2.300    5.000  100.000     -150.6987403
    2206    2.300    5.000  110.000     -150.6987707
    2207    2.300    5.000  120.000     -150.6987664
    2208    2.300    5.000  130.000     -150.6987591
    2209    2.300    5.000  140.000     -150.6987599
    2210    2.300    5.000  150.000     -150.6987662
    2211    2.300    5.000  160.000     -150.6987717
    2212    2.300    5.000  170.000     -150.6987741
    2213    2.300    5.000  179.990     -150.6987747
       0    0.000    0.000    0.000        0.0000000
    2214    2.300    6.000    0.010     -150.6910410
    2215    2.300    6.000   10.000     -150.6919852
    2216    2.300    6.000   20.000     -150.6940584
    2217    2.300    6.000   30.000     -150.6961275
    2218    2.300    6.000   40.000     -150.6976424
    2219    2.300    6.000   50.000     -150.6985443
    2220    2.300    6.000   60.000     -150.6990037
    2221    2.300    6.000   70.000     -150.6992074
    2222    2.300    6.000   78.950     -150.6992776
    2223    2.300    6.000   80.000     -150.6992815
    2224    2.300    6.000   90.000     -150.6992997
    2225    2.300    6.000  100.000     -150.6992941
    2226    2.300    6.000  110.000     -150.6992816
    2227    2.300    6.000  120.000     -150.6992715
    2228    2.300    6.000  130.000     -150.6992675
    2229    2.300    6.000  140.000     -150.6992693
    2230    2.300    6.000  150.000     -150.6992751
    2231    2.300    6.000  160.000     -150.6992825
    2232    2.300    6.000  170.000     -150.6992885
    2233    2.300    6.000  179.990     -150.6992907
       0    0.000    0.000    0.000        0.0000000
    2234    2.300    7.000    0.010     -150.6982054
    2235    2.300    7.000   10.000     -150.6983322
    2236    2.300    7.000   20.000     -150.6986220
    2237    2.300    7.000   30.000     -150.6989178
    2238    2.300    7.000   40.000     -150.6991332
    2239    2.300    7.000   50.000     -150.6992543
    2240    2.300    7.000   60.000     -150.6993002
    2241    2.300    7.000   70.000     -150.6993023
    2242    2.300    7.000   80.540     -150.6992881
    2243    2.300    7.000   90.000     -150.6992748
    2244    2.300    7.000  100.000     -150.6992640
    2245    2.300    7.000  110.000     -150.6992564
    2246    2.300    7.000  120.000     -150.6992511
    2247    2.300    7.000  130.000     -150.6992473
    2248    2.300    7.000  140.000     -150.6992459
    2249    2.300    7.000  150.000     -150.6992482
    2250    2.300    7.000  160.000     -150.6992535
    2251    2.300    7.000  170.000     -150.6992588
    2252    2.300    7.000  179.990     -150.6992610
       0    0.000    0.000    0.000        0.0000000
    2253    2.300    8.000    0.010     -150.6992492
    2254    2.300    8.000   10.000     -150.6992555
    2255    2.300    8.000   20.000     -150.6992673
    2256    2.300    8.000   30.000     -150.6992751
    2257    2.300    8.000   40.000     -150.6992760
    2258    2.300    8.000   50.000     -150.6992677
    2259    2.300    8.000   60.000     -150.6992522
    2260    2.300    8.000   70.000     -150.6992357
    2261    2.300    8.000   81.740     -150.6992207
    2262    2.300    8.000   90.000     -150.6992134
    2263    2.300    8.000  100.000     -150.6992077
    2264    2.300    8.000  110.000     -150.6992038
    2265    2.300    8.000  120.000     -150.6992009
    2266    2.300    8.000  130.000     -150.6991988
    2267    2.300    8.000  140.000     -150.6991979
    2268    2.300    8.000  150.000     -150.6991988
    2269    2.300    8.000  160.000     -150.6992010
    2270    2.300    8.000  170.000     -150.6992033
    2271    2.300    8.000  179.990     -150.6992043
       0    0.000    0.000    0.000        0.0000000
    2272    2.300   10.000    0.010     -150.6992194
    2273    2.300   10.000   10.000     -150.6992149
    2274    2.300   10.000   20.000     -150.6992048
    2275    2.300   10.000   30.000     -150.6991946
    2276    2.300   10.000   40.000     -150.6991859
    2277    2.300   10.000   50.000     -150.6991780
    2278    2.300   10.000   60.000     -150.6991711
    2279    2.300   10.000   70.000     -150.6991655
    2280    2.300   10.000   83.400     -150.6991602
    2281    2.300   10.000   90.000     -150.6991585
    2282    2.300   10.000  100.000     -150.6991566
    2283    2.300   10.000  110.000     -150.6991553
    2284    2.300   10.000  120.000     -150.6991545
    2285    2.300   10.000  130.000     -150.6991539
    2286    2.300   10.000  140.000     -150.6991536
    2287    2.300   10.000  150.000     -150.6991535
    2288    2.300   10.000  160.000     -150.6991535
    2289    2.300   10.000  170.000     -150.6991535
    2290    2.300   10.000  179.990     -150.6991535
       0    0.000    0.000    0.000        0.0000000
    2291    2.300   12.000    0.010     -150.6991568
    2292    2.300   12.000   10.000     -150.6991562
    2293    2.300   12.000   20.000     -150.6991548
    2294    2.300   12.000   30.000     -150.6991529
    2295    2.300   12.000   40.000     -150.6991507
    2296    2.300   12.000   50.000     -150.6991485
    2297    2.300   12.000   60.000     -150.6991466
    2298    2.300   12.000   70.000     -150.6991450
    2299    2.300   12.000   84.500     -150.6991434
    2300    2.300   12.000   90.000     -150.6991430
    2301    2.300   12.000  100.000     -150.6991425
    2302    2.300   12.000  110.000     -150.6991422
    2303    2.300   12.000  120.000     -150.6991421
    2304    2.300   12.000  130.000     -150.6991421
    2305    2.300   12.000  140.000     -150.6991423
    2306    2.300   12.000  150.000     -150.6991425
    2307    2.300   12.000  160.000     -150.6991426
    2308    2.300   12.000  170.000     -150.6991428
    2309    2.300   12.000  179.990     -150.6991428
       0    0.000    0.000    0.000        0.0000000
    2310    2.300   15.000    0.010     -150.6991408
    2311    2.300   15.000   10.000     -150.6991407
    2312    2.300   15.000   20.000     -150.6991403
    2313    2.300   15.000   30.000     -150.6991398
    2314    2.300   15.000   40.000     -150.6991392
    2315    2.300   15.000   50.000     -150.6991387
    2316    2.300   15.000   60.000     -150.6991383
    2317    2.300   15.000   70.000     -150.6991380
    2318    2.300   15.000   80.000     -150.6991378
    2319    2.300   15.000   90.000     -150.6991376
    2320    2.300   15.000  100.000     -150.6991375
    2321    2.300   15.000  110.000     -150.6991375
    2322    2.300   15.000  120.000     -150.6991375
    2323    2.300   15.000  130.000     -150.6991376
    2324    2.300   15.000  140.000     -150.6991376
    2325    2.300   15.000  150.000     -150.6991376
    2326    2.300   15.000  160.000     -150.6991377
    2327    2.300   15.000  170.000     -150.6991377
    2328    2.300   15.000  179.990     -150.6991377
       0    0.000    0.000    0.000        0.0000000
    2329    2.400    1.200    0.010     -149.9079518
    2330    2.400    1.200   10.000     -149.9599470
    2331    2.400    1.200   20.000     -150.0773872
    2332    2.400    1.200   30.000     -150.1981780
    2333    2.400    1.200   40.000     -150.2951648
    2334    2.400    1.200   50.000     -150.3688673
    2335    2.400    1.200   60.000     -150.4251096
    2336    2.400    1.200   70.000     -150.4675148
    2337    2.400    1.200   80.000     -150.4981030
    2338    2.400    1.200   90.000     -150.5183520
    2339    2.400    1.200  100.000     -150.5297423
    2340    2.400    1.200  110.000     -150.5337571
    2341    2.400    1.200  120.000     -150.5318723
    2342    2.400    1.200  130.000     -150.5256144
    2343    2.400    1.200  140.000     -150.5166106
    2344    2.400    1.200  150.000     -150.5065989
    2345    2.400    1.200  160.000     -150.4974051
    2346    2.400    1.200  170.000     -150.4908568
    2347    2.400    1.200  179.990     -150.4884661
       0    0.000    0.000    0.000        0.0000000
    2348    2.400    1.400    0.010     -149.7111218
    2349    2.400    1.400   10.000     -149.8473453
    2350    2.400    1.400   20.000     -150.1127474
    2351    2.400    1.400   30.000     -150.3278473
    2352    2.400    1.400   31.000     -150.3444499
    2353    2.400    1.400   40.000     -150.4597164
    2354    2.400    1.400   50.000     -150.5399290
    2355    2.400    1.400   60.000     -150.5946191
    2356    2.400    1.400   70.000     -150.6345799
    2357    2.400    1.400   80.000     -150.6632187
    2358    2.400    1.400   90.000     -150.6820645
    2359    2.400    1.400  100.000     -150.6924606
    2360    2.400    1.400  110.000     -150.6957703
    2361    2.400    1.400  120.000     -150.6933846
    2362    2.400    1.400  130.000     -150.6867585
    2363    2.400    1.400  140.000     -150.6774523
    2364    2.400    1.400  150.000     -150.6671830
    2365    2.400    1.400  160.000     -150.6580967
    2366    2.400    1.400  170.000     -150.6513522
    2367    2.400    1.400  179.990     -150.6488882
       0    0.000    0.000    0.000        0.0000000
    2368    2.400    1.600    0.010     -148.9922995
    2369    2.400    1.600   10.000     -149.3774815
    2370    2.400    1.600   20.000     -149.9913021
    2371    2.400    1.600   30.000     -150.3693823
    2372    2.400    1.600   40.000     -150.5432673
    2373    2.400    1.600   41.410     -150.5583103
    2374    2.400    1.600   50.000     -150.6240886
    2375    2.400    1.600   60.000     -150.6719200
    2376    2.400    1.600   70.000     -150.7065844
    2377    2.400    1.600   80.000     -150.7320070
    2378    2.400    1.600   90.000     -150.7488991
    2379    2.400    1.600  100.000     -150.7580527
    2380    2.400    1.600  110.000     -150.7605477
    2381    2.400    1.600  120.000     -150.7576212
    2382    2.400    1.600  130.000     -150.7506194
    2383    2.400    1.600  140.000     -150.7409938
    2384    2.400    1.600  150.000     -150.7303398
    2385    2.400    1.600  160.000     -150.7204668
    2386    2.400    1.600  170.000     -150.7136539
    2387    2.400    1.600  179.990     -150.7110550
       0    0.000    0.000    0.000        0.0000000
    2388    2.400    1.700    0.010     -148.3008072
    2389    2.400    1.700   10.000     -148.9638153
    2390    2.400    1.700   20.000     -149.8896668
    2391    2.400    1.700   30.000     -150.3775642
    2392    2.400    1.700   40.000     -150.5718734
    2393    2.400    1.700   45.100     -150.6192136
    2394    2.400    1.700   50.000     -150.6498290
    2395    2.400    1.700   60.000     -150.6921875
    2396    2.400    1.700   70.000     -150.7232750
    2397    2.400    1.700   80.000     -150.7467450
    2398    2.400    1.700   90.000     -150.7625355
    2399    2.400    1.700  100.000     -150.7710200
    2400    2.400    1.700  110.000     -150.7730924
    2401    2.400    1.700  120.000     -150.7698950
    2402    2.400    1.700  130.000     -150.7627055
    2403    2.400    1.700  140.000     -150.7529106
    2404    2.400    1.700  150.000     -150.7420503
    2405    2.400    1.700  160.000     -150.7319129
    2406    2.400    1.700  170.000     -150.7245458
    2407    2.400    1.700  179.990     -150.7220563
       0    0.000    0.000    0.000        0.0000000
    2408    2.400    1.800    0.010     -147.2283441
    2409    2.400    1.800   10.000     -148.3916626
    2410    2.400    1.800   20.000     -149.7714718
    2411    2.400    1.800   30.000     -150.3845734
    2412    2.400    1.800   40.000     -150.5965216
    2413    2.400    1.800   48.190     -150.6604976
    2414    2.400    1.800   50.000     -150.6693095
    2415    2.400    1.800   60.000     -150.7049945
    2416    2.400    1.800   70.000     -150.7320206
    2417    2.400    1.800   80.000     -150.7534048
    2418    2.400    1.800   90.000     -150.7680691
    2419    2.400    1.800  100.000     -150.7758856
    2420    2.400    1.800  110.000     -150.7775452
    2421    2.400    1.800  120.000     -150.7740898
    2422    2.400    1.800  130.000     -150.7667210
    2423    2.400    1.800  140.000     -150.7567534
    2424    2.400    1.800  150.000     -150.7456652
    2425    2.400    1.800  160.000     -150.7352221
    2426    2.400    1.800  170.000     -150.7275418
    2427    2.400    1.800  179.990     -150.7247274
       0    0.000    0.000    0.000        0.0000000
    2428    2.400    1.850    0.010     -146.4809927
    2429    2.400    1.850   10.000     -148.0359753
    2430    2.400    1.850   20.000     -149.7096749
    2431    2.400    1.850   30.000     -150.3888573
    2432    2.400    1.850   40.000     -150.6079803
    2433    2.400    1.850   49.560     -150.6755039
    2434    2.400    1.850   50.000     -150.6773517
    2435    2.400    1.850   60.000     -150.7093196
    2436    2.400    1.850   70.000     -150.7341713
    2437    2.400    1.850   80.000     -150.7544861
    2438    2.400    1.850   90.000     -150.7685914
    2439    2.400    1.850  100.000     -150.7760814
    2440    2.400    1.850  110.000     -150.7775424
    2441    2.400    1.850  120.000     -150.7739657
    2442    2.400    1.850  130.000     -150.7665128
    2443    2.400    1.850  140.000     -150.7564593
    2444    2.400    1.850  150.000     -150.7452493
    2445    2.400    1.850  160.000     -150.7346341
    2446    2.400    1.850  170.000     -150.7267780
    2447    2.400    1.850  179.990     -150.7238308
       0    0.000    0.000    0.000        0.0000000
    2448    2.400    1.900    0.010     -145.5354708
    2449    2.400    1.900   10.000     -147.6297643
    2450    2.400    1.900   20.000     -149.6484632
    2451    2.400    1.900   30.000     -150.3941646
    2452    2.400    1.900   40.000     -150.6190622
    2453    2.400    1.900   50.000     -150.6845034
    2454    2.400    1.900   50.830     -150.6874665
    2455    2.400    1.900   60.000     -150.7125467
    2456    2.400    1.900   70.000     -150.7351495
    2457    2.400    1.900   80.000     -150.7543896
    2458    2.400    1.900   90.000     -150.7679453
    2459    2.400    1.900  100.000     -150.7751177
    2460    2.400    1.900  110.000     -150.7763875
    2461    2.400    1.900  120.000     -150.7726961
    2462    2.400    1.900  130.000     -150.7651641
    2463    2.400    1.900  140.000     -150.7550262
    2464    2.400    1.900  150.000     -150.7436895
    2465    2.400    1.900  160.000     -150.7328879
    2466    2.400    1.900  170.000     -150.7248370
    2467    2.400    1.900  179.990     -150.7217757
       0    0.000    0.000    0.000        0.0000000
    2468    2.400    2.000    0.010     -142.7520882
    2469    2.400    2.000   10.000     -146.6666171
    2470    2.400    2.000   20.000     -149.5364047
    2471    2.400    2.000   30.000     -150.4089304
    2472    2.400    2.000   40.000     -150.6404077
    2473    2.400    2.000   50.000     -150.6966326
    2474    2.400    2.000   53.130     -150.7039443
    2475    2.400    2.000   60.000     -150.7163587
    2476    2.400    2.000   70.000     -150.7343055
    2477    2.400    2.000   80.000     -150.7514155
    2478    2.400    2.000   90.000     -150.7639199
    2479    2.400    2.000  100.000     -150.7704934
    2480    2.400    2.000  110.000     -150.7714092
    2481    2.400    2.000  120.000     -150.7675128
    2482    2.400    2.000  130.000     -150.7598423
    2483    2.400    2.000  140.000     -150.7495447
    2484    2.400    2.000  150.000     -150.7379410
    2485    2.400    2.000  160.000     -150.7267182
    2486    2.400    2.000  170.000     -150.7182069
    2487    2.400    2.000  179.990     -150.7152778
       0    0.000    0.000    0.000        0.0000000
    2488    2.400    2.100    0.010     -137.7697253
    2489    2.400    2.100   10.000     -145.5523016
    2490    2.400    2.100   20.000     -149.4537245
    2491    2.400    2.100   30.000     -150.4303011
    2492    2.400    2.100   40.000     -150.6608402
    2493    2.400    2.100   50.000     -150.7064202
    2494    2.400    2.100   55.150     -150.7127222
    2495    2.400    2.100   60.000     -150.7174767
    2496    2.400    2.100   70.000     -150.7306596
    2497    2.400    2.100   80.000     -150.7457223
    2498    2.400    2.100   90.000     -150.7572695
    2499    2.400    2.100  100.000     -150.7633088
    2500    2.400    2.100  110.000     -150.7639186
    2501    2.400    2.100  120.000     -150.7598576
    2502    2.400    2.100  130.000     -150.7520826
    2503    2.400    2.100  140.000     -150.7416446
    2504    2.400    2.100  150.000     -150.7297581
    2505    2.400    2.100  160.000     -150.7180353
    2506    2.400    2.100  170.000     -150.7089388
    2507    2.400    2.100  179.990     -150.7058633
       0    0.000    0.000    0.000        0.0000000
    2508    2.400    2.300    0.010      -90.9891615
    2509    2.400    2.300   10.000     -143.7125269
    2510    2.400    2.300   20.000     -149.4387967
    2511    2.400    2.300   30.000     -150.4927429
    2512    2.400    2.300   40.000     -150.6983315
    2513    2.400    2.300   50.000     -150.7204001
    2514    2.400    2.300   58.550     -150.7148709
    2515    2.400    2.300   60.000     -150.7143144
    2516    2.400    2.300   70.000     -150.7180817
    2517    2.400    2.300   80.000     -150.7295510
    2518    2.400    2.300   90.000     -150.7396041
    2519    2.400    2.300  100.000     -150.7448404
    2520    2.400    2.300  110.000     -150.7450258
    2521    2.400    2.300  120.000     -150.7407940
    2522    2.400    2.300  130.000     -150.7329527
    2523    2.400    2.300  140.000     -150.7223361
    2524    2.400    2.300  150.000     -150.7098428
    2525    2.400    2.300  160.000     -150.6966892
    2526    2.400    2.300  170.000     -150.6855118
    2527    2.400    2.300  179.990     -150.6824719
       0    0.000    0.000    0.000        0.0000000
    2528    2.400    2.500    0.010      -91.0055899
    2529    2.400    2.500   10.000     -144.2795961
    2530    2.400    2.500   20.000     -149.6432732
    2531    2.400    2.500   30.000     -150.5717310
    2532    2.400    2.500   40.000     -150.7289891
    2533    2.400    2.500   50.000     -150.7279290
    2534    2.400    2.500   60.000     -150.7066537
    2535    2.400    2.500   61.310     -150.7047986
    2536    2.400    2.500   70.000     -150.7016727
    2537    2.400    2.500   80.000     -150.7106140
    2538    2.400    2.500   90.000     -150.7199702
    2539    2.400    2.500  100.000     -150.7248667
    2540    2.400    2.500  110.000     -150.7249492
    2541    2.400    2.500  120.000     -150.7208364
    2542    2.400    2.500  130.000     -150.7132342
    2543    2.400    2.500  140.000     -150.7027507
    2544    2.400    2.500  150.000     -150.6898083
    2545    2.400    2.500  160.000     -150.6743293
    2546    2.400    2.500  170.000     -150.6539732
    2547    2.400    2.500  179.990     -150.6421196
       0    0.000    0.000    0.000        0.0000000
    2548    2.400    2.700    0.010     -137.9273481
    2549    2.400    2.700   10.000     -146.5438363
    2550    2.400    2.700   20.000     -149.9658507
    2551    2.400    2.700   30.000     -150.6497444
    2552    2.400    2.700   40.000     -150.7503810
    2553    2.400    2.700   50.000     -150.7296953
    2554    2.400    2.700   60.000     -150.6964362
    2555    2.400    2.700   63.610     -150.6885919
    2556    2.400    2.700   70.000     -150.6835909
    2557    2.400    2.700   80.000     -150.6916923
    2558    2.400    2.700   90.000     -150.7015592
    2559    2.400    2.700  100.000     -150.7066722
    2560    2.400    2.700  110.000     -150.7070518
    2561    2.400    2.700  120.000     -150.7035093
    2562    2.400    2.700  130.000     -150.6967982
    2563    2.400    2.700  140.000     -150.6875633
    2564    2.400    2.700  150.000     -150.6764891
    2565    2.400    2.700  160.000     -150.6650236
    2566    2.400    2.700  170.000     -150.6575057
    2567    2.400    2.700  179.990     -150.6556246
       0    0.000    0.000    0.000        0.0000000
    2568    2.400    2.850    0.010     -144.5612518
    2569    2.400    2.850   10.000     -148.0531803
    2570    2.400    2.850   20.000     -150.2042441
    2571    2.400    2.850   30.000     -150.6986953
    2572    2.400    2.850   40.000     -150.7597707
    2573    2.400    2.850   50.000     -150.7277347
    2574    2.400    2.850   60.000     -150.6878841
    2575    2.400    2.850   70.000     -150.6689553
    2576    2.400    2.850   80.000     -150.6792423
    2577    2.400    2.850   90.000     -150.6904067
    2578    2.400    2.850  100.000     -150.6958942
    2579    2.400    2.850  110.000     -150.6967255
    2580    2.400    2.850  120.000     -150.6940003
    2581    2.400    2.850  130.000     -150.6886362
    2582    2.400    2.850  140.000     -150.6815372
    2583    2.400    2.850  150.000     -150.6739035
    2584    2.400    2.850  160.000     -150.6676816
    2585    2.400    2.850  170.000     -150.6646873
    2586    2.400    2.850  179.990     -150.6637636
       0    0.000    0.000    0.000        0.0000000
    2587    2.400    3.000    0.010     -147.5100176
    2588    2.400    3.000   10.000     -149.1110062
    2589    2.400    3.000   20.000     -150.4019134
    2590    2.400    3.000   30.000     -150.7357986
    2591    2.400    3.000   40.000     -150.7637006
    2592    2.400    3.000   50.000     -150.7234738
    2593    2.400    3.000   60.000     -150.6790422
    2594    2.400    3.000   66.420     -150.6599642
    2595    2.400    3.000   70.000     -150.6513971
    2596    2.400    3.000   80.000     -150.6718289
    2597    2.400    3.000   90.000     -150.6832220
    2598    2.400    3.000  100.000     -150.6887154
    2599    2.400    3.000  110.000     -150.6899760
    2600    2.400    3.000  120.000     -150.6882475
    2601    2.400    3.000  130.000     -150.6845437
    2602    2.400    3.000  140.000     -150.6798737
    2603    2.400    3.000  150.000     -150.6754179
    2604    2.400    3.000  160.000     -150.6724201
    2605    2.400    3.000  170.000     -150.6709896
    2606    2.400    3.000  179.990     -150.6704580
       0    0.000    0.000    0.000        0.0000000
    2607    2.400    3.100    0.010     -148.6076271
    2608    2.400    3.100   10.000     -149.5987760
    2609    2.400    3.100   20.000     -150.5057045
    2610    2.400    3.100   30.000     -150.7535891
    2611    2.400    3.100   40.000     -150.7635947
    2612    2.400    3.100   50.000     -150.7196218
    2613    2.400    3.100   60.000     -150.6730140
    2614    2.400    3.100   70.000     -150.6567303
    2615    2.400    3.100   80.000     -150.6714752
    2616    2.400    3.100   90.000     -150.6810266
    2617    2.400    3.100  100.000     -150.6860688
    2618    2.400    3.100  110.000     -150.6874681
    2619    2.400    3.100  120.000     -150.6863411
    2620    2.400    3.100  130.000     -150.6836542
    2621    2.400    3.100  140.000     -150.6803492
    2622    2.400    3.100  150.000     -150.6774084
    2623    2.400    3.100  160.000     -150.6755772
    2624    2.400    3.100  170.000     -150.6746082
    2625    2.400    3.100  179.990     -150.6742251
       0    0.000    0.000    0.000        0.0000000
    2626    2.400    3.200    0.010     -149.3261136
    2627    2.400    3.200   10.000     -149.9543349
    2628    2.400    3.200   20.000     -150.5876555
    2629    2.400    3.200   30.000     -150.7661041
    2630    2.400    3.200   40.000     -150.7615971
    2631    2.400    3.200   50.000     -150.7151626
    2632    2.400    3.200   60.000     -150.6675350
    2633    2.400    3.200   67.980     -150.6594022
    2634    2.400    3.200   70.000     -150.6617379
    2635    2.400    3.200   80.000     -150.6733524
    2636    2.400    3.200   90.000     -150.6806593
    2637    2.400    3.200  100.000     -150.6849057
    2638    2.400    3.200  110.000     -150.6862853
    2639    2.400    3.200  120.000     -150.6856257
    2640    2.400    3.200  130.000     -150.6837659
    2641    2.400    3.200  140.000     -150.6815167
    2642    2.400    3.200  150.000     -150.6796260
    2643    2.400    3.200  160.000     -150.6784759
    2644    2.400    3.200  170.000     -150.6777817
    2645    2.400    3.200  179.990     -150.6775038
       0    0.000    0.000    0.000        0.0000000
    2646    2.400    3.300    0.010     -149.8042347
    2647    2.400    3.300   10.000     -150.2100015
    2648    2.400    3.300   20.000     -150.6499559
    2649    2.400    3.300   30.000     -150.7738359
    2650    2.400    3.300   40.000     -150.7579859
    2651    2.400    3.300   50.000     -150.7102827
    2652    2.400    3.300   60.000     -150.6651478
    2653    2.400    3.300   68.680     -150.6649234
    2654    2.400    3.300   70.000     -150.6662322
    2655    2.400    3.300   80.000     -150.6754962
    2656    2.400    3.300   90.000     -150.6815817
    2657    2.400    3.300  100.000     -150.6848624
    2658    2.400    3.300  110.000     -150.6860902
    2659    2.400    3.300  120.000     -150.6857486
    2660    2.400    3.300  130.000     -150.6845074
    2661    2.400    3.300  140.000     -150.6830187
    2662    2.400    3.300  150.000     -150.6818152
    2663    2.400    3.300  160.000     -150.6810599
    2664    2.400    3.300  170.000     -150.6805512
    2665    2.400    3.300  179.990     -150.6803472
       0    0.000    0.000    0.000        0.0000000
    2666    2.400    3.400    0.010     -150.1255681
    2667    2.400    3.400   10.000     -150.3916470
    2668    2.400    3.400   20.000     -150.6952162
    2669    2.400    3.400   30.000     -150.7773898
    2670    2.400    3.400   40.000     -150.7530498
    2671    2.400    3.400   50.000     -150.7051858
    2672    2.400    3.400   60.000     -150.6662336
    2673    2.400    3.400   69.330     -150.6696521
    2674    2.400    3.400   70.000     -150.6702210
    2675    2.400    3.400   80.000     -150.6779452
    2676    2.400    3.400   90.000     -150.6831568
    2677    2.400    3.400  100.000     -150.6855461
    2678    2.400    3.400  110.000     -150.6865489
    2679    2.400    3.400  120.000     -150.6863973
    2680    2.400    3.400  130.000     -150.6855894
    2681    2.400    3.400  140.000     -150.6846210
    2682    2.400    3.400  150.000     -150.6838526
    2683    2.400    3.400  160.000     -150.6833344
    2684    2.400    3.400  170.000     -150.6829563
    2685    2.400    3.400  179.990     -150.6828040
       0    0.000    0.000    0.000        0.0000000
    2686    2.400    3.500    0.010     -150.3424458
    2687    2.400    3.500   10.000     -150.5189116
    2688    2.400    3.500   20.000     -150.7268044
    2689    2.400    3.500   30.000     -150.7774122
    2690    2.400    3.500   40.000     -150.7470763
    2691    2.400    3.500   50.000     -150.7001021
    2692    2.400    3.500   60.000     -150.6689704
    2693    2.400    3.500   69.950     -150.6737044
    2694    2.400    3.500   70.000     -150.6737422
    2695    2.400    3.500   80.000     -150.6803082
    2696    2.400    3.500   90.000     -150.6848298
    2697    2.400    3.500  100.000     -150.6866151
    2698    2.400    3.500  110.000     -150.6873824
    2699    2.400    3.500  120.000     -150.6873289
    2700    2.400    3.500  130.000     -150.6868093
    2701    2.400    3.500  140.000     -150.6861843
    2702    2.400    3.500  150.000     -150.6856844
    2703    2.400    3.500  160.000     -150.6853158
    2704    2.400    3.500  170.000     -150.6850324
    2705    2.400    3.500  179.990     -150.6849191
       0    0.000    0.000    0.000        0.0000000
    2706    2.400    3.600    0.010     -150.4884662
    2707    2.400    3.600   10.000     -150.6063758
    2708    2.400    3.600   20.000     -150.7472166
    2709    2.400    3.600   30.000     -150.7745425
    2710    2.400    3.600   40.000     -150.7403446
    2711    2.400    3.600   50.000     -150.6952930
    2712    2.400    3.600   60.000     -150.6717809
    2713    2.400    3.600   70.530     -150.6771787
    2714    2.400    3.600   80.000     -150.6824785
    2715    2.400    3.600   90.000     -150.6863515
    2716    2.400    3.600  100.000     -150.6878193
    2717    2.400    3.600  110.000     -150.6883832
    2718    2.400    3.600  120.000     -150.6883732
    2719    2.400    3.600  130.000     -150.6880382
    2720    2.400    3.600  140.000     -150.6876324
    2721    2.400    3.600  150.000     -150.6872981
    2722    2.400    3.600  160.000     -150.6870304
    2723    2.400    3.600  170.000     -150.6868177
    2724    2.400    3.600  179.990     -150.6867333
       0    0.000    0.000    0.000        0.0000000
    2725    2.400    3.800    0.010     -150.6488883
    2726    2.400    3.800   10.000     -150.7021480
    2727    2.400    3.800   20.000     -150.7636917
    2728    2.400    3.800   30.000     -150.7624916
    2729    2.400    3.800   40.000     -150.7256693
    2730    2.400    3.800   50.000     -150.6875962
    2731    2.400    3.800   60.000     -150.6773290
    2732    2.400    3.800   70.000     -150.6819484
    2733    2.400    3.800   71.590     -150.6827106
    2734    2.400    3.800   80.000     -150.6861497
    2735    2.400    3.800   90.000     -150.6889267
    2736    2.400    3.800  100.000     -150.6900622
    2737    2.400    3.800  110.000     -150.6903987
    2738    2.400    3.800  120.000     -150.6904053
    2739    2.400    3.800  130.000     -150.6902577
    2740    2.400    3.800  140.000     -150.6900787
    2741    2.400    3.800  150.000     -150.6899119
    2742    2.400    3.800  160.000     -150.6897684
    2743    2.400    3.800  170.000     -150.6896513
    2744    2.400    3.800  179.990     -150.6896049
       0    0.000    0.000    0.000        0.0000000
    2745    2.400    4.000    0.010     -150.7110548
    2746    2.400    4.000   10.000     -150.7353774
    2747    2.400    4.000   20.000     -150.7593332
    2748    2.400    4.000   30.000     -150.7454190
    2749    2.400    4.000   40.000     -150.7110868
    2750    2.400    4.000   50.000     -150.6836651
    2751    2.400    4.000   60.000     -150.6819676
    2752    2.400    4.000   70.000     -150.6858484
    2753    2.400    4.000   72.540     -150.6867590
    2754    2.400    4.000   80.000     -150.6889863
    2755    2.400    4.000   90.000     -150.6909654
    2756    2.400    4.000  100.000     -150.6918275
    2757    2.400    4.000  110.000     -150.6920706
    2758    2.400    4.000  120.000     -150.6920829
    2759    2.400    4.000  130.000     -150.6920110
    2760    2.400    4.000  140.000     -150.6919189
    2761    2.400    4.000  150.000     -150.6918384
    2762    2.400    4.000  160.000     -150.6917624
    2763    2.400    4.000  170.000     -150.6917005
    2764    2.400    4.000  179.990     -150.6916757
       0    0.000    0.000    0.000        0.0000000
    2765    2.400    4.500    0.010     -150.7058646
    2766    2.400    4.500   10.000     -150.7114855
    2767    2.400    4.500   20.000     -150.7133771
    2768    2.400    4.500   30.000     -150.7012120
    2769    2.400    4.500   40.000     -150.6879327
    2770    2.400    4.500   50.000     -150.6861466
    2771    2.400    4.500   60.000     -150.6896115
    2772    2.400    4.500   70.000     -150.6918565
    2773    2.400    4.500   74.530     -150.6926116
    2774    2.400    4.500   80.000     -150.6933199
    2775    2.400    4.500   90.000     -150.6941386
    2776    2.400    4.500  100.000     -150.6945006
    2777    2.400    4.500  110.000     -150.6946126
    2778    2.400    4.500  120.000     -150.6946253
    2779    2.400    4.500  130.000     -150.6946124
    2780    2.400    4.500  140.000     -150.6946006
    2781    2.400    4.500  150.000     -150.6945933
    2782    2.400    4.500  160.000     -150.6945871
    2783    2.400    4.500  170.000     -150.6945801
    2784    2.400    4.500  179.990     -150.6945770
       0    0.000    0.000    0.000        0.0000000
    2785    2.400    5.000    0.010     -150.6492814
    2786    2.400    5.000   10.000     -150.6639667
    2787    2.400    5.000   20.000     -150.6787326
    2788    2.400    5.000   30.000     -150.6842053
    2789    2.400    5.000   40.000     -150.6876128
    2790    2.400    5.000   50.000     -150.6912333
    2791    2.400    5.000   60.000     -150.6934208
    2792    2.400    5.000   70.000     -150.6945857
    2793    2.400    5.000   76.110     -150.6950203
    2794    2.400    5.000   80.000     -150.6952181
    2795    2.400    5.000   90.000     -150.6955324
    2796    2.400    5.000  100.000     -150.6956588
    2797    2.400    5.000  110.000     -150.6956898
    2798    2.400    5.000  120.000     -150.6956897
    2799    2.400    5.000  130.000     -150.6956870
    2800    2.400    5.000  140.000     -150.6956915
    2801    2.400    5.000  150.000     -150.6957015
    2802    2.400    5.000  160.000     -150.6957099
    2803    2.400    5.000  170.000     -150.6957148
    2804    2.400    5.000  179.990     -150.6957163
       0    0.000    0.000    0.000        0.0000000
    2805    2.400    6.000    0.010     -150.6867333
    2806    2.400    6.000   10.000     -150.6878770
    2807    2.400    6.000   20.000     -150.6903163
    2808    2.400    6.000   30.000     -150.6927008
    2809    2.400    6.000   40.000     -150.6944137
    2810    2.400    6.000   50.000     -150.6954096
    2811    2.400    6.000   60.000     -150.6959005
    2812    2.400    6.000   70.000     -150.6961123
    2813    2.400    6.000   78.460     -150.6961816
    2814    2.400    6.000   80.000     -150.6961885
    2815    2.400    6.000   90.000     -150.6962069
    2816    2.400    6.000  100.000     -150.6962025
    2817    2.400    6.000  110.000     -150.6961913
    2818    2.400    6.000  120.000     -150.6961825
    2819    2.400    6.000  130.000     -150.6961794
    2820    2.400    6.000  140.000     -150.6961819
    2821    2.400    6.000  150.000     -150.6961882
    2822    2.400    6.000  160.000     -150.6961961
    2823    2.400    6.000  170.000     -150.6962026
    2824    2.400    6.000  179.990     -150.6962050
       0    0.000    0.000    0.000        0.0000000
    2825    2.400    7.000    0.010     -150.6949019
    2826    2.400    7.000   10.000     -150.6950579
    2827    2.400    7.000   20.000     -150.6954123
    2828    2.400    7.000   30.000     -150.6957688
    2829    2.400    7.000   40.000     -150.6960225
    2830    2.400    7.000   50.000     -150.6961597
    2831    2.400    7.000   60.000     -150.6962093
    2832    2.400    7.000   70.000     -150.6962109
    2833    2.400    7.000   80.130     -150.6961965
    2834    2.400    7.000   90.000     -150.6961825
    2835    2.400    7.000  100.000     -150.6961721
    2836    2.400    7.000  110.000     -150.6961649
    2837    2.400    7.000  120.000     -150.6961597
    2838    2.400    7.000  130.000     -150.6961560
    2839    2.400    7.000  140.000     -150.6961546
    2840    2.400    7.000  150.000     -150.6961568
    2841    2.400    7.000  160.000     -150.6961621
    2842    2.400    7.000  170.000     -150.6961675
    2843    2.400    7.000  179.990     -150.6961696
       0    0.000    0.000    0.000        0.0000000
    2844    2.400    8.000    0.010     -150.6961422
    2845    2.400    8.000   10.000     -150.6961516
    2846    2.400    8.000   20.000     -150.6961702
    2847    2.400    8.000   30.000     -150.6961841
    2848    2.400    8.000   40.000     -150.6961877
    2849    2.400    8.000   50.000     -150.6961793
    2850    2.400    8.000   60.000     -150.6961625
    2851    2.400    8.000   70.000     -150.6961447
    2852    2.400    8.000   81.370     -150.6961293
    2853    2.400    8.000   90.000     -150.6961215
    2854    2.400    8.000  100.000     -150.6961156
    2855    2.400    8.000  110.000     -150.6961118
    2856    2.400    8.000  120.000     -150.6961088
    2857    2.400    8.000  130.000     -150.6961067
    2858    2.400    8.000  140.000     -150.6961058
    2859    2.400    8.000  150.000     -150.6961067
    2860    2.400    8.000  160.000     -150.6961090
    2861    2.400    8.000  170.000     -150.6961114
    2862    2.400    8.000  179.990     -150.6961124
       0    0.000    0.000    0.000        0.0000000
    2863    2.400   10.000    0.010     -150.6961329
    2864    2.400   10.000   10.000     -150.6961279
    2865    2.400   10.000   20.000     -150.6961166
    2866    2.400   10.000   30.000     -150.6961054
    2867    2.400   10.000   40.000     -150.6960959
    2868    2.400   10.000   50.000     -150.6960872
    2869    2.400   10.000   60.000     -150.6960795
    2870    2.400   10.000   70.000     -150.6960733
    2871    2.400   10.000   83.110     -150.6960678
    2872    2.400   10.000   90.000     -150.6960659
    2873    2.400   10.000  100.000     -150.6960640
    2874    2.400   10.000  110.000     -150.6960628
    2875    2.400   10.000  120.000     -150.6960620
    2876    2.400   10.000  130.000     -150.6960616
    2877    2.400   10.000  140.000     -150.6960614
    2878    2.400   10.000  150.000     -150.6960614
    2879    2.400   10.000  160.000     -150.6960615
    2880    2.400   10.000  170.000     -150.6960616
    2881    2.400   10.000  179.990     -150.6960617
       0    0.000    0.000    0.000        0.0000000
    2882    2.400   12.000    0.010     -150.6960662
    2883    2.400   12.000   10.000     -150.6960655
    2884    2.400   12.000   20.000     -150.6960638
    2885    2.400   12.000   30.000     -150.6960614
    2886    2.400   12.000   40.000     -150.6960589
    2887    2.400   12.000   50.000     -150.6960564
    2888    2.400   12.000   60.000     -150.6960543
    2889    2.400   12.000   70.000     -150.6960526
    2890    2.400   12.000   84.260     -150.6960509
    2891    2.400   12.000   90.000     -150.6960505
    2892    2.400   12.000  100.000     -150.6960500
    2893    2.400   12.000  110.000     -150.6960497
    2894    2.400   12.000  120.000     -150.6960496
    2895    2.400   12.000  130.000     -150.6960497
    2896    2.400   12.000  140.000     -150.6960499
    2897    2.400   12.000  150.000     -150.6960502
    2898    2.400   12.000  160.000     -150.6960505
    2899    2.400   12.000  170.000     -150.6960507
    2900    2.400   12.000  179.990     -150.6960507
       0    0.000    0.000    0.000        0.0000000
    2901    2.400   15.000    0.010     -150.6960489
    2902    2.400   15.000   10.000     -150.6960487
    2903    2.400   15.000   20.000     -150.6960482
    2904    2.400   15.000   30.000     -150.6960476
    2905    2.400   15.000   40.000     -150.6960469
    2906    2.400   15.000   50.000     -150.6960463
    2907    2.400   15.000   60.000     -150.6960458
    2908    2.400   15.000   70.000     -150.6960455
    2909    2.400   15.000   85.410     -150.6960452
    2910    2.400   15.000   90.000     -150.6960451
    2911    2.400   15.000  100.000     -150.6960450
    2912    2.400   15.000  110.000     -150.6960450
    2913    2.400   15.000  120.000     -150.6960450
    2914    2.400   15.000  130.000     -150.6960450
    2915    2.400   15.000  140.000     -150.6960451
    2916    2.400   15.000  150.000     -150.6960452
    2917    2.400   15.000  160.000     -150.6960452
    2918    2.400   15.000  170.000     -150.6960453
    2919    2.400   15.000  179.990     -150.6960453
       0    0.000    0.000    0.000        0.0000000
    2920    2.500    1.200    0.010     -150.0345968
    2921    2.500    1.200   10.000     -150.0723138
    2922    2.500    1.200   20.000     -150.1596896
    2923    2.500    1.200   30.000     -150.2538959
    2924    2.500    1.200   40.000     -150.3340793
    2925    2.500    1.200   50.000     -150.3979900
    2926    2.500    1.200   60.000     -150.4478730
    2927    2.500    1.200   70.000     -150.4855410
    2928    2.500    1.200   80.000     -150.5123722
    2929    2.500    1.200   90.000     -150.5296012
    2930    2.500    1.200  100.000     -150.5385834
    2931    2.500    1.200  110.000     -150.5406645
    2932    2.500    1.200  120.000     -150.5372084
    2933    2.500    1.200  130.000     -150.5296590
    2934    2.500    1.200  140.000     -150.5195898
    2935    2.500    1.200  150.000     -150.5087143
    2936    2.500    1.200  160.000     -150.4988641
    2937    2.500    1.200  170.000     -150.4918963
    2938    2.500    1.200  179.990     -150.4893592
       0    0.000    0.000    0.000        0.0000000
    2939    2.500    1.400    0.010     -149.9545962
    2940    2.500    1.400   10.000     -150.0474022
    2941    2.500    1.400   20.000     -150.2343482
    2942    2.500    1.400   26.770     -150.3487323
    2943    2.500    1.400   30.000     -150.3940651
    2944    2.500    1.400   40.000     -150.4987596
    2945    2.500    1.400   50.000     -150.5671223
    2946    2.500    1.400   60.000     -150.6158044
    2947    2.500    1.400   70.000     -150.6516545
    2948    2.500    1.400   80.000     -150.6769879
    2949    2.500    1.400   90.000     -150.6931233
    2950    2.500    1.400  100.000     -150.7013172
    2951    2.500    1.400  110.000     -150.7028356
    2952    2.500    1.400  120.000     -150.6989776
    2953    2.500    1.400  130.000     -150.6911289
    2954    2.500    1.400  140.000     -150.6808071
    2955    2.500    1.400  150.000     -150.6697345
    2956    2.500    1.400  160.000     -150.6600172
    2957    2.500    1.400  170.000     -150.6528826
    2958    2.500    1.400  179.990     -150.6502812
       0    0.000    0.000    0.000        0.0000000
    2959    2.500    1.600    0.010     -149.4927143
    2960    2.500    1.600   10.000     -149.7437562
    2961    2.500    1.600   20.000     -150.1659906
    2962    2.500    1.600   30.000     -150.4438244
    2963    2.500    1.600   38.620     -150.5664630
    2964    2.500    1.600   40.000     -150.5796896
    2965    2.500    1.600   50.000     -150.6478181
    2966    2.500    1.600   60.000     -150.6908148
    2967    2.500    1.600   70.000     -150.7223820
    2968    2.500    1.600   80.000     -150.7451000
    2969    2.500    1.600   90.000     -150.7596355
    2970    2.500    1.600  100.000     -150.7668131
    2971    2.500    1.600  110.000     -150.7676715
    2972    2.500    1.600  120.000     -150.7633824
    2973    2.500    1.600  130.000     -150.7552367
    2974    2.500    1.600  140.000     -150.7446554
    2975    2.500    1.600  150.000     -150.7332315
    2976    2.500    1.600  160.000     -150.7227939
    2977    2.500    1.600  170.000     -150.7156800
    2978    2.500    1.600  179.990     -150.7129577
       0    0.000    0.000    0.000        0.0000000
    2979    2.500    1.700    0.010     -149.0376874
    2980    2.500    1.700   10.000     -149.4598667
    2981    2.500    1.700   20.000     -150.0932682
    2982    2.500    1.700   30.000     -150.4539104
    2983    2.500    1.700   40.000     -150.6059422
    2984    2.500    1.700   42.670     -150.6283483
    2985    2.500    1.700   50.000     -150.6714407
    2986    2.500    1.700   60.000     -150.7098104
    2987    2.500    1.700   70.000     -150.7383968
    2988    2.500    1.700   80.000     -150.7594765
    2989    2.500    1.700   90.000     -150.7730821
    2990    2.500    1.700  100.000     -150.7796982
    2991    2.500    1.700  110.000     -150.7802088
    2992    2.500    1.700  120.000     -150.7757038
    2993    2.500    1.700  130.000     -150.7674132
    2994    2.500    1.700  140.000     -150.7567000
    2995    2.500    1.700  150.000     -150.7451062
    2996    2.500    1.700  160.000     -150.7344346
    2997    2.500    1.700  170.000     -150.7267668
    2998    2.500    1.700  179.990     -150.7242189
       0    0.000    0.000    0.000        0.0000000
    2999    2.500    1.800    0.010     -148.3384237
    3000    2.500    1.800   10.000     -149.0589461
    3001    2.500    1.800   20.000     -150.0018124
    3002    2.500    1.800   30.000     -150.4606935
    3003    2.500    1.800   40.000     -150.6276874
    3004    2.500    1.800   46.020     -150.6703165
    3005    2.500    1.800   50.000     -150.6886894
    3006    2.500    1.800   60.000     -150.7213353
    3007    2.500    1.800   70.000     -150.7464800
    3008    2.500    1.800   80.000     -150.7657775
    3009    2.500    1.800   90.000     -150.7784135
    3010    2.500    1.800  100.000     -150.7844594
    3011    2.500    1.800  110.000     -150.7846266
    3012    2.500    1.800  120.000     -150.7799168
    3013    2.500    1.800  130.000     -150.7714908
    3014    2.500    1.800  140.000     -150.7606460
    3015    2.500    1.800  150.000     -150.7488670
    3016    2.500    1.800  160.000     -150.7379304
    3017    2.500    1.800  170.000     -150.7299656
    3018    2.500    1.800  179.990     -150.7271469
       0    0.000    0.000    0.000        0.0000000
    3019    2.500    1.850    0.010     -147.8582162
    3020    2.500    1.850   10.000     -148.8056660
    3021    2.500    1.850   20.000     -149.9511336
    3022    2.500    1.850   30.000     -150.4639551
    3023    2.500    1.850   40.000     -150.6375434
    3024    2.500    1.850   47.490     -150.6855894
    3025    2.500    1.850   50.000     -150.6956093
    3026    2.500    1.850   60.000     -150.7250310
    3027    2.500    1.850   70.000     -150.7483118
    3028    2.500    1.850   80.000     -150.7666833
    3029    2.500    1.850   90.000     -150.7788307
    3030    2.500    1.850  100.000     -150.7845941
    3031    2.500    1.850  110.000     -150.7845949
    3032    2.500    1.850  120.000     -150.7797892
    3033    2.500    1.850  130.000     -150.7713010
    3034    2.500    1.850  140.000     -150.7603920
    3035    2.500    1.850  150.000     -150.7485146
    3036    2.500    1.850  160.000     -150.7374301
    3037    2.500    1.850  170.000     -150.7293056
    3038    2.500    1.850  179.990     -150.7263493
       0    0.000    0.000    0.000        0.0000000
    3039    2.500    1.900    0.010     -147.2598101
    3040    2.500    1.900   10.000     -148.5122151
    3041    2.500    1.900   20.000     -149.8985951
    3042    2.500    1.900   30.000     -150.4676022
    3043    2.500    1.900   40.000     -150.6469549
    3044    2.500    1.900   48.860     -150.6977812
    3045    2.500    1.900   50.000     -150.7016531
    3046    2.500    1.900   60.000     -150.7276436
    3047    2.500    1.900   70.000     -150.7489824
    3048    2.500    1.900   80.000     -150.7664150
    3049    2.500    1.900   90.000     -150.7780768
    3050    2.500    1.900  100.000     -150.7835626
    3051    2.500    1.900  110.000     -150.7834023
    3052    2.500    1.900  120.000     -150.7785065
    3053    2.500    1.900  130.000     -150.7699610
    3054    2.500    1.900  140.000     -150.7589898
    3055    2.500    1.900  150.000     -150.7470110
    3056    2.500    1.900  160.000     -150.7357668
    3057    2.500    1.900  170.000     -150.7274677
    3058    2.500    1.900  179.990     -150.7243807
       0    0.000    0.000    0.000        0.0000000
    3059    2.500    2.000    0.010     -145.5612339
    3060    2.500    2.000   10.000     -147.7932815
    3061    2.500    2.000   20.000     -149.7935429
    3062    2.500    2.000   30.000     -150.4771521
    3063    2.500    2.000   40.000     -150.6648582
    3064    2.500    2.000   50.000     -150.7116588
    3065    2.500    2.000   51.320     -150.7146334
    3066    2.500    2.000   60.000     -150.7302898
    3067    2.500    2.000   70.000     -150.7475647
    3068    2.500    2.000   80.000     -150.7631104
    3069    2.500    2.000   90.000     -150.7738264
    3070    2.500    2.000  100.000     -150.7787805
    3071    2.500    2.000  110.000     -150.7783197
    3072    2.500    2.000  120.000     -150.7732644
    3073    2.500    2.000  130.000     -150.7646229
    3074    2.500    2.000  140.000     -150.7535380
    3075    2.500    2.000  150.000     -150.7413477
    3076    2.500    2.000  160.000     -150.7297454
    3077    2.500    2.000  170.000     -150.7210372
    3078    2.500    2.000  179.990     -150.7180658
       0    0.000    0.000    0.000        0.0000000
    3079    2.500    2.100    0.010     -142.7715212
    3080    2.500    2.100   10.000     -146.8975737
    3081    2.500    2.100   20.000     -149.6998703
    3082    2.500    2.100   30.000     -150.4910337
    3083    2.500    2.100   40.000     -150.6818757
    3084    2.500    2.100   50.000     -150.7195146
    3085    2.500    2.100   53.470     -150.7237063
    3086    2.500    2.100   60.000     -150.7303496
    3087    2.500    2.100   70.000     -150.7434099
    3088    2.500    2.100   80.000     -150.7571051
    3089    2.500    2.100   90.000     -150.7669346
    3090    2.500    2.100  100.000     -150.7714023
    3091    2.500    2.100  110.000     -150.7706781
    3092    2.500    2.100  120.000     -150.7654980
    3093    2.500    2.100  130.000     -150.7567918
    3094    2.500    2.100  140.000     -150.7456143
    3095    2.500    2.100  150.000     -150.7332054
    3096    2.500    2.100  160.000     -150.7211845
    3097    2.500    2.100  170.000     -150.7119613
    3098    2.500    2.100  179.990     -150.7089055
       0    0.000    0.000    0.000        0.0000000
    3099    2.500    2.300    0.010     -127.0206444
    3100    2.500    2.300   10.000     -144.9032741
    3101    2.500    2.300   20.000     -149.6055374
    3102    2.500    2.300   30.000     -150.5343739
    3103    2.500    2.300   40.000     -150.7132767
    3104    2.500    2.300   50.000     -150.7304093
    3105    2.500    2.300   57.080     -150.7263043
    3106    2.500    2.300   60.000     -150.7254568
    3107    2.500    2.300   70.000     -150.7300334
    3108    2.500    2.300   80.000     -150.7403504
    3109    2.500    2.300   90.000     -150.7487000
    3110    2.500    2.300  100.000     -150.7523920
    3111    2.500    2.300  110.000     -150.7512916
    3112    2.500    2.300  120.000     -150.7459970
    3113    2.500    2.300  130.000     -150.7372910
    3114    2.500    2.300  140.000     -150.7260301
    3115    2.500    2.300  150.000     -150.7131799
    3116    2.500    2.300  160.000     -150.7000330
    3117    2.500    2.300  170.000     -150.6891379
    3118    2.500    2.300  179.990     -150.6859498
       0    0.000    0.000    0.000        0.0000000
    3119    2.500    2.500   10.000     -144.1927634
    3120    2.500    2.500   20.000     -149.6955474
    3121    2.500    2.500   30.000     -150.5947216
    3122    2.500    2.500   40.000     -150.7395275
    3123    2.500    2.500   50.000     -150.7359645
    3124    2.500    2.500   60.000     -150.7165820
    3125    2.500    2.500   70.000     -150.7131271
    3126    2.500    2.500   80.000     -150.7208167
    3127    2.500    2.500   90.000     -150.7282610
    3128    2.500    2.500  100.000     -150.7315364
    3129    2.500    2.500  110.000     -150.7303253
    3130    2.500    2.500  120.000     -150.7251619
    3131    2.500    2.500  130.000     -150.7167136
    3132    2.500    2.500  140.000     -150.7056216
    3133    2.500    2.500  150.000     -150.6924247
    3134    2.500    2.500  160.000     -150.6773453
    3135    2.500    2.500  170.000     -150.6585193
    3136    2.500    2.500  179.990     -150.6393393
       0    0.000    0.000    0.000        0.0000000
    3137    2.500    2.700    0.010     -127.0953418
    3138    2.500    2.700   10.000     -145.7368410
    3139    2.500    2.700   20.000     -149.9367223
    3140    2.500    2.700   30.000     -150.6599585
    3141    2.500    2.700   40.000     -150.7584197
    3142    2.500    2.700   50.000     -150.7366911
    3143    2.500    2.700   60.000     -150.7055546
    3144    2.500    2.700   62.420     -150.7006855
    3145    2.500    2.700   70.000     -150.6948752
    3146    2.500    2.700   80.000     -150.7010877
    3147    2.500    2.700   90.000     -150.7084739
    3148    2.500    2.700  100.000     -150.7118049
    3149    2.500    2.700  110.000     -150.7108362
    3150    2.500    2.700  120.000     -150.7061782
    3151    2.500    2.700  130.000     -150.6984820
    3152    2.500    2.700  140.000     -150.6883261
    3153    2.500    2.700  150.000     -150.6762378
    3154    2.500    2.700  160.000     -150.6631607
    3155    2.500    2.700  170.000     -150.6533564
    3156    2.500    2.700  179.990     -150.6510504
       0    0.000    0.000    0.000        0.0000000
    3157    2.500    2.850    0.010     -140.8446406
    3158    2.500    2.850   10.000     -147.3088650
    3159    2.500    2.850   20.000     -150.1505406
    3160    2.500    2.850   30.000     -150.7039711
    3161    2.500    2.850   40.000     -150.7670041
    3162    2.500    2.850   50.000     -150.7343719
    3163    2.500    2.850   60.000     -150.6965395
    3164    2.500    2.850   70.000     -150.6808983
    3165    2.500    2.850   80.000     -150.6872582
    3166    2.500    2.850   90.000     -150.6954138
    3167    2.500    2.850  100.000     -150.6991190
    3168    2.500    2.850  110.000     -150.6986058
    3169    2.500    2.850  120.000     -150.6946946
    3170    2.500    2.850  130.000     -150.6881676
    3171    2.500    2.850  140.000     -150.6798325
    3172    2.500    2.850  150.000     -150.6708017
    3173    2.500    2.850  160.000     -150.6630900
    3174    2.500    2.850  170.000     -150.6593160
    3175    2.500    2.850  179.990     -150.6583161
       0    0.000    0.000    0.000        0.0000000
    3176    2.500    3.000    0.010     -145.7878557
    3177    2.500    3.000   10.000     -148.5704322
    3178    2.500    3.000   20.000     -150.3465482
    3179    2.500    3.000   30.000     -150.7393616
    3180    2.500    3.000   40.000     -150.7707828
    3181    2.500    3.000   50.000     -150.7299506
    3182    2.500    3.000   60.000     -150.6872654
    3183    2.500    3.000   65.380     -150.6725322
    3184    2.500    3.000   66.000     -150.6713322
    3185    2.500    3.000   70.000     -150.6651985
    3186    2.500    3.000   80.000     -150.6757291
    3187    2.500    3.000   90.000     -150.6851531
    3188    2.500    3.000  100.000     -150.6893110
    3189    2.500    3.000  110.000     -150.6894206
    3190    2.500    3.000  120.000     -150.6865759
    3191    2.500    3.000  130.000     -150.6817333
    3192    2.500    3.000  140.000     -150.6759064
    3193    2.500    3.000  150.000     -150.6703574
    3194    2.500    3.000  160.000     -150.6665625
    3195    2.500    3.000  170.000     -150.6649517
    3196    2.500    3.000  179.990     -150.6644024
       0    0.000    0.000    0.000        0.0000000
    3197    2.500    3.100    0.010     -147.5094939
    3198    2.500    3.100   10.000     -149.1871619
    3199    2.500    3.100   20.000     -150.4563560
    3200    2.500    3.100   30.000     -150.7572524
    3201    2.500    3.100   40.000     -150.7708124
    3202    2.500    3.100   50.000     -150.7260324
    3203    2.500    3.100   60.000     -150.6810616
    3204    2.500    3.100   67.000     -150.6462345
    3205    2.500    3.100   70.000     -150.6511976
    3206    2.500    3.100   80.000     -150.6708832
    3207    2.500    3.100   90.000     -150.6804935
    3208    2.500    3.100  100.000     -150.6847489
    3209    2.500    3.100  110.000     -150.6852492
    3210    2.500    3.100  120.000     -150.6831716
    3211    2.500    3.100  130.000     -150.6795110
    3212    2.500    3.100  140.000     -150.6752717
    3213    2.500    3.100  150.000     -150.6715443
    3214    2.500    3.100  160.000     -150.6692677
    3215    2.500    3.100  170.000     -150.6682574
    3216    2.500    3.100  179.990     -150.6678690
       0    0.000    0.000    0.000        0.0000000
    3217    2.500    3.200    0.010     -148.6073572
    3218    2.500    3.200   10.000     -149.6492302
    3219    2.500    3.200   20.000     -150.5468955
    3220    2.500    3.200   30.000     -150.7704871
    3221    2.500    3.200   40.000     -150.7690564
    3222    2.500    3.200   50.000     -150.7214913
    3223    2.500    3.200   60.000     -150.6748257
    3224    2.500    3.200   67.010     -150.6515794
    3225    2.500    3.200   70.000     -150.6553156
    3226    2.500    3.200   80.000     -150.6692655
    3227    2.500    3.200   90.000     -150.6777664
    3228    2.500    3.200  100.000     -150.6818051
    3229    2.500    3.200  110.000     -150.6825801
    3230    2.500    3.200  120.000     -150.6811905
    3231    2.500    3.200  130.000     -150.6785776
    3232    2.500    3.200  140.000     -150.6756406
    3233    2.500    3.200  150.000     -150.6732342
    3234    2.500    3.200  160.000     -150.6718715
    3235    2.500    3.200  170.000     -150.6711873
    3236    2.500    3.200  179.990     -150.6709094
       0    0.000    0.000    0.000        0.0000000
    3237    2.500    3.300    0.010     -149.3260812
    3238    2.500    3.300   10.000     -149.9881462
    3239    2.500    3.300   20.000     -150.6185673
    3240    2.500    3.300   30.000     -150.7792919
    3241    2.500    3.300   40.000     -150.7657310
    3242    2.500    3.300   50.000     -150.7164695
    3243    2.500    3.300   60.000     -150.6688959
    3244    2.500    3.300   67.740     -150.6571192
    3245    2.500    3.300   70.000     -150.6594707
    3246    2.500    3.300   80.000     -150.6703161
    3247    2.500    3.300   90.000     -150.6767683
    3248    2.500    3.300  100.000     -150.6802839
    3249    2.500    3.300  110.000     -150.6811781
    3250    2.500    3.300  120.000     -150.6803281
    3251    2.500    3.300  130.000     -150.6785490
    3252    2.500    3.300  140.000     -150.6765906
    3253    2.500    3.300  150.000     -150.6750781
    3254    2.500    3.300  160.000     -150.6742432
    3255    2.500    3.300  170.000     -150.6737635
    3256    2.500    3.300  179.990     -150.6735629
       0    0.000    0.000    0.000        0.0000000
    3257    2.500    3.400    0.010     -149.8044310
    3258    2.500    3.400   10.000     -150.2330205
    3259    2.500    3.400   20.000     -150.6728552
    3260    2.500    3.400   30.000     -150.7840670
    3261    2.500    3.400   40.000     -150.7610713
    3262    2.500    3.400   50.000     -150.7111178
    3263    2.500    3.400   60.000     -150.6652409
    3264    2.500    3.400   68.430     -150.6618610
    3265    2.500    3.400   70.000     -150.6632533
    3266    2.500    3.400   80.000     -150.6718822
    3267    2.500    3.400   90.000     -150.6770425
    3268    2.500    3.400  100.000     -150.6798543
    3269    2.500    3.400  110.000     -150.6807272
    3270    2.500    3.400  120.000     -150.6802534
    3271    2.500    3.400  130.000     -150.6790874
    3272    2.500    3.400  140.000     -150.6778212
    3273    2.500    3.400  150.000     -150.6768880
    3274    2.500    3.400  160.000     -150.6763614
    3275    2.500    3.400  170.000     -150.6760138
    3276    2.500    3.400  179.990     -150.6758676
       0    0.000    0.000    0.000        0.0000000
    3277    2.500    3.500    0.010     -150.1259911
    3278    2.500    3.500   10.000     -150.4076341
    3279    2.500    3.500   20.000     -150.7125353
    3280    2.500    3.500   30.000     -150.7853096
    3281    2.500    3.500   40.000     -150.7553198
    3282    2.500    3.500   50.000     -150.7056024
    3283    2.500    3.500   60.000     -150.6647271
    3284    2.500    3.500   69.080     -150.6659225
    3285    2.500    3.500   70.000     -150.6666270
    3286    2.500    3.500   80.000     -150.6736745
    3287    2.500    3.500   90.000     -150.6780531
    3288    2.500    3.500  100.000     -150.6801548
    3289    2.500    3.500  110.000     -150.6809149
    3290    2.500    3.500  120.000     -150.6806771
    3291    2.500    3.500  130.000     -150.6799362
    3292    2.500    3.500  140.000     -150.6791376
    3293    2.500    3.500  150.000     -150.6785660
    3294    2.500    3.500  160.000     -150.6782215
    3295    2.500    3.500  170.000     -150.6779668
    3296    2.500    3.500  179.990     -150.6778599
       0    0.000    0.000    0.000        0.0000000
    3297    2.500    3.600    0.010     -150.3430998
    3298    2.500    3.600   10.000     -150.5302925
    3299    2.500    3.600   20.000     -150.7398574
    3300    2.500    3.600   30.000     -150.7835570
    3301    2.500    3.600   40.000     -150.7487173
    3302    2.500    3.600   50.000     -150.7001072
    3303    2.500    3.600   60.000     -150.6662747
    3304    2.500    3.600   69.680     -150.6694057
    3305    2.500    3.600   70.000     -150.6696127
    3306    2.500    3.600   80.000     -150.6755348
    3307    2.500    3.600   90.000     -150.6793262
    3308    2.500    3.600  100.000     -150.6808727
    3309    2.500    3.600  110.000     -150.6814811
    3310    2.500    3.600  120.000     -150.6813777
    3311    2.500    3.600  130.000     -150.6809170
    3312    2.500    3.600  140.000     -150.6804229
    3313    2.500    3.600  150.000     -150.6800720
    3314    2.500    3.600  160.000     -150.6798394
    3315    2.500    3.600  170.000     -150.6796526
    3316    2.500    3.600  179.990     -150.6795746
       0    0.000    0.000    0.000        0.0000000
    3317    2.500    3.800    0.010     -150.5868103
    3318    2.500    3.800   10.000     -150.6711852
    3319    2.500    3.800   20.000     -150.7665822
    3320    2.500    3.800   30.000     -150.7731915
    3321    2.500    3.800   40.000     -150.7338826
    3322    2.500    3.800   50.000     -150.6900449
    3323    2.500    3.800   60.000     -150.6707321
    3324    2.500    3.800   70.000     -150.6745606
    3325    2.500    3.800   70.800     -150.6749473
    3326    2.500    3.800   80.000     -150.6788820
    3327    2.500    3.800   90.000     -150.6816862
    3328    2.500    3.800  100.000     -150.6827009
    3329    2.500    3.800  110.000     -150.6830551
    3330    2.500    3.800  120.000     -150.6830426
    3331    2.500    3.800  130.000     -150.6828735
    3332    2.500    3.800  140.000     -150.6826891
    3333    2.500    3.800  150.000     -150.6825527
    3334    2.500    3.800  160.000     -150.6824360
    3335    2.500    3.800  170.000     -150.6823389
    3336    2.500    3.800  179.990     -150.6822982
       0    0.000    0.000    0.000        0.0000000
    3337    2.500    4.000    0.010     -150.6899655
    3338    2.500    4.000   10.000     -150.7285294
    3339    2.500    4.000   20.000     -150.7684581
    3340    2.500    4.000   30.000     -150.7568813
    3341    2.500    4.000   40.000     -150.7183289
    3342    2.500    4.000   50.000     -150.6827446
    3343    2.500    4.000   60.000     -150.6748319
    3344    2.500    4.000   70.000     -150.6783523
    3345    2.500    4.000   71.790     -150.6790090
    3346    2.500    4.000   80.000     -150.6815565
    3347    2.500    4.000   90.000     -150.6835667
    3348    2.500    4.000  100.000     -150.6843467
    3349    2.500    4.000  110.000     -150.6845675
    3350    2.500    4.000  120.000     -150.6845801
    3351    2.500    4.000  130.000     -150.6845154
    3352    2.500    4.000  140.000     -150.6844468
    3353    2.500    4.000  150.000     -150.6843881
    3354    2.500    4.000  160.000     -150.6843370
    3355    2.500    4.000  170.000     -150.6842887
    3356    2.500    4.000  179.990     -150.6842684
       0    0.000    0.000    0.000        0.0000000
    3357    2.500    4.500   10.000     -150.7249927
    3358    2.500    4.500   20.000     -150.7265615
    3359    2.500    4.500   30.000     -150.7095004
    3360    2.500    4.500   40.000     -150.6875938
    3361    2.500    4.500   50.000     -150.6793757
    3362    2.500    4.500   60.000     -150.6820554
    3363    2.500    4.500   70.000     -150.6842440
    3364    2.500    4.500   73.870     -150.6849095
    3365    2.500    4.500   80.000     -150.6857350
    3366    2.500    4.500   90.000     -150.6865678
    3367    2.500    4.500  100.000     -150.6869156
    3368    2.500    4.500  110.000     -150.6870190
    3369    2.500    4.500  120.000     -150.6870334
    3370    2.500    4.500  130.000     -150.6870299
    3371    2.500    4.500  140.000     -150.6870305
    3372    2.500    4.500  150.000     -150.6870344
    3373    2.500    4.500  160.000     -150.6870366
    3374    2.500    4.500  170.000     -150.6870354
    3375    2.500    4.500  179.990     -150.6870345
       0    0.000    0.000    0.000        0.0000000
    3376    2.500    5.000    0.010     -150.6393389
    3377    2.500    5.000   10.000     -150.6695153
    3378    2.500    5.000   20.000     -150.6807572
    3379    2.500    5.000   30.000     -150.6810583
    3380    2.500    5.000   40.000     -150.6808443
    3381    2.500    5.000   50.000     -150.6835652
    3382    2.500    5.000   60.000     -150.6857811
    3383    2.500    5.000   70.000     -150.6869517
    3384    2.500    5.000   75.520     -150.6873587
    3385    2.500    5.000   80.000     -150.6875969
    3386    2.500    5.000   90.000     -150.6879146
    3387    2.500    5.000  100.000     -150.6880402
    3388    2.500    5.000  110.000     -150.6880717
    3389    2.500    5.000  120.000     -150.6880739
    3390    2.500    5.000  130.000     -150.6880755
    3391    2.500    5.000  140.000     -150.6880845
    3392    2.500    5.000  150.000     -150.6880972
    3393    2.500    5.000  160.000     -150.6881093
    3394    2.500    5.000  170.000     -150.6881170
    3395    2.500    5.000  179.990     -150.6881196
       0    0.000    0.000    0.000        0.0000000
    3396    2.500    6.000    0.010     -150.6778599
    3397    2.500    6.000   10.000     -150.6792231
    3398    2.500    6.000   20.000     -150.6820419
    3399    2.500    6.000   30.000     -150.6847401
    3400    2.500    6.000   40.000     -150.6866479
    3401    2.500    6.000   50.000     -150.6877396
    3402    2.500    6.000   60.000     -150.6882591
    3403    2.500    6.000   70.000     -150.6884769
    3404    2.500    6.000   77.980     -150.6885439
    3405    2.500    6.000   80.000     -150.6885533
    3406    2.500    6.000   90.000     -150.6885727
    3407    2.500    6.000  100.000     -150.6885693
    3408    2.500    6.000  110.000     -150.6885595
    3409    2.500    6.000  120.000     -150.6885519
    3410    2.500    6.000  130.000     -150.6885497
    3411    2.500    6.000  140.000     -150.6885525
    3412    2.500    6.000  150.000     -150.6885590
    3413    2.500    6.000  160.000     -150.6885674
    3414    2.500    6.000  170.000     -150.6885743
    3415    2.500    6.000  179.990     -150.6885769
       0    0.000    0.000    0.000        0.0000000
    3416    2.500    7.000    0.010     -150.6870345
    3417    2.500    7.000   10.000     -150.6872241
    3418    2.500    7.000   20.000     -150.6876496
    3419    2.500    7.000   30.000     -150.6880740
    3420    2.500    7.000   40.000     -150.6883696
    3421    2.500    7.000   50.000     -150.6885233
    3422    2.500    7.000   60.000     -150.6885762
    3423    2.500    7.000   70.000     -150.6885770
    3424    2.500    7.000   79.710     -150.6885624
    3425    2.500    7.000   80.000     -150.6885618
    3426    2.500    7.000   90.000     -150.6885477
    3427    2.500    7.000  100.000     -150.6885376
    3428    2.500    7.000  110.000     -150.6885306
    3429    2.500    7.000  120.000     -150.6885256
    3430    2.500    7.000  130.000     -150.6885219
    3431    2.500    7.000  140.000     -150.6885205
    3432    2.500    7.000  150.000     -150.6885227
    3433    2.500    7.000  160.000     -150.6885280
    3434    2.500    7.000  170.000     -150.6885334
    3435    2.500    7.000  179.990     -150.6885356
       0    0.000    0.000    0.000        0.0000000
    3436    2.500    8.000    0.010     -150.6884890
    3437    2.500    8.000   10.000     -150.6885020
    3438    2.500    8.000   20.000     -150.6885287
    3439    2.500    8.000   30.000     -150.6885499
    3440    2.500    8.000   40.000     -150.6885568
    3441    2.500    8.000   50.000     -150.6885484
    3442    2.500    8.000   60.000     -150.6885301
    3443    2.500    8.000   70.000     -150.6885110
    3444    2.500    8.000   81.010     -150.6884952
    3445    2.500    8.000   90.000     -150.6884867
    3446    2.500    8.000  100.000     -150.6884808
    3447    2.500    8.000  110.000     -150.6884769
    3448    2.500    8.000  120.000     -150.6884740
    3449    2.500    8.000  130.000     -150.6884718
    3450    2.500    8.000  140.000     -150.6884709
    3451    2.500    8.000  150.000     -150.6884718
    3452    2.500    8.000  160.000     -150.6884742
    3453    2.500    8.000  170.000     -150.6884767
    3454    2.500    8.000  179.990     -150.6884777
       0    0.000    0.000    0.000        0.0000000
    3455    2.500   10.000    0.010     -150.6885040
    3456    2.500   10.000   10.000     -150.6884984
    3457    2.500   10.000   20.000     -150.6884858
    3458    2.500   10.000   30.000     -150.6884735
    3459    2.500   10.000   40.000     -150.6884631
    3460    2.500   10.000   50.000     -150.6884536
    3461    2.500   10.000   60.000     -150.6884451
    3462    2.500   10.000   70.000     -150.6884383
    3463    2.500   10.000   82.820     -150.6884326
    3464    2.500   10.000   90.000     -150.6884305
    3465    2.500   10.000  100.000     -150.6884287
    3466    2.500   10.000  110.000     -150.6884276
    3467    2.500   10.000  120.000     -150.6884269
    3468    2.500   10.000  130.000     -150.6884265
    3469    2.500   10.000  140.000     -150.6884264
    3470    2.500   10.000  150.000     -150.6884264
    3471    2.500   10.000  160.000     -150.6884267
    3472    2.500   10.000  170.000     -150.6884269
    3473    2.500   10.000  179.990     -150.6884269
       0    0.000    0.000    0.000        0.0000000
    3474    2.500   12.000    0.010     -150.6884330
    3475    2.500   12.000   10.000     -150.6884321
    3476    2.500   12.000   20.000     -150.6884300
    3477    2.500   12.000   30.000     -150.6884273
    3478    2.500   12.000   40.000     -150.6884244
    3479    2.500   12.000   50.000     -150.6884216
    3480    2.500   12.000   60.000     -150.6884192
    3481    2.500   12.000   70.000     -150.6884174
    3482    2.500   12.000   84.020     -150.6884157
    3483    2.500   12.000   90.000     -150.6884152
    3484    2.500   12.000  100.000     -150.6884147
    3485    2.500   12.000  110.000     -150.6884144
    3486    2.500   12.000  120.000     -150.6884144
    3487    2.500   12.000  130.000     -150.6884145
    3488    2.500   12.000  140.000     -150.6884148
    3489    2.500   12.000  150.000     -150.6884152
    3490    2.500   12.000  160.000     -150.6884155
    3491    2.500   12.000  170.000     -150.6884157
    3492    2.500   12.000  179.990     -150.6884158
       0    0.000    0.000    0.000        0.0000000
    3493    2.500   15.000    0.010     -150.6884142
    3494    2.500   15.000   10.000     -150.6884140
    3495    2.500   15.000   20.000     -150.6884134
    3496    2.500   15.000   30.000     -150.6884125
    3497    2.500   15.000   40.000     -150.6884118
    3498    2.500   15.000   50.000     -150.6884111
    3499    2.500   15.000   60.000     -150.6884106
    3500    2.500   15.000   70.000     -150.6884103
    3501    2.500   15.000   85.220     -150.6884100
    3502    2.500   15.000   90.000     -150.6884099
    3503    2.500   15.000  100.000     -150.6884098
    3504    2.500   15.000  110.000     -150.6884097
    3505    2.500   15.000  120.000     -150.6884097
    3506    2.500   15.000  130.000     -150.6884098
    3507    2.500   15.000  140.000     -150.6884098
    3508    2.500   15.000  150.000     -150.6884099
    3509    2.500   15.000  160.000     -150.6884100
    3510    2.500   15.000  170.000     -150.6884100
    3511    2.500   15.000  179.990     -150.6884101
       0    0.000    0.000    0.000        0.0000000
    3512    2.600    1.200    0.010     -150.1250700
    3513    2.600    1.200   10.000     -150.1533943
    3514    2.600    1.200   20.000     -150.2204885
    3515    2.600    1.200   30.000     -150.2960295
    3516    2.600    1.200   40.000     -150.3636984
    3517    2.600    1.200   50.000     -150.4196572
    3518    2.600    1.200   60.000     -150.4639562
    3519    2.600    1.200   70.000     -150.4973251
    3520    2.600    1.200   80.000     -150.5207586
    3521    2.600    1.200   90.000     -150.5352967
    3522    2.600    1.200  100.000     -150.5421825
    3523    2.600    1.200  110.000     -150.5426138
    3524    2.600    1.200  120.000     -150.5378315
    3525    2.600    1.200  130.000     -150.5291767
    3526    2.600    1.200  140.000     -150.5181492
    3527    2.600    1.200  150.000     -150.5064324
    3528    2.600    1.200  160.000     -150.4958834
    3529    2.600    1.200  170.000     -150.4884339
    3530    2.600    1.200  179.990     -150.4857227
       0    0.000    0.000    0.000        0.0000000
    3531    2.600    1.400    0.010     -150.1250701
    3532    2.600    1.400   10.000     -150.1896605
    3533    2.600    1.400   20.000     -150.3235064
    3534    2.600    1.400   21.790     -150.3474363
    3535    2.600    1.400   30.000     -150.4437972
    3536    2.600    1.400   40.000     -150.5282373
    3537    2.600    1.400   50.000     -150.5871743
    3538    2.600    1.400   60.000     -150.6306228
    3539    2.600    1.400   70.000     -150.6627013
    3540    2.600    1.400   80.000     -150.6850109
    3541    2.600    1.400   90.000     -150.6987224
    3542    2.600    1.400  100.000     -150.7049956
    3543    2.600    1.400  110.000     -150.7049867
    3544    2.600    1.400  120.000     -150.6998879
    3545    2.600    1.400  130.000     -150.6909924
    3546    2.600    1.400  140.000     -150.6797525
    3547    2.600    1.400  150.000     -150.6678646
    3548    2.600    1.400  160.000     -150.6574807
    3549    2.600    1.400  170.000     -150.6498822
    3550    2.600    1.400  179.990     -150.6471110
       0    0.000    0.000    0.000        0.0000000
    3551    2.600    1.600    0.010     -149.8352587
    3552    2.600    1.600   10.000     -150.0024046
    3553    2.600    1.600   20.000     -150.2958592
    3554    2.600    1.600   30.000     -150.5003580
    3555    2.600    1.600   35.660     -150.5694006
    3556    2.600    1.600   40.000     -150.6069778
    3557    2.600    1.600   50.000     -150.6649330
    3558    2.600    1.600   60.000     -150.7037061
    3559    2.600    1.600   70.000     -150.7323744
    3560    2.600    1.600   80.000     -150.7525957
    3561    2.600    1.600   90.000     -150.7650223
    3562    2.600    1.600  100.000     -150.7704809
    3563    2.600    1.600  110.000     -150.7699500
    3564    2.600    1.600  120.000     -150.7645174
    3565    2.600    1.600  130.000     -150.7553950
    3566    2.600    1.600  140.000     -150.7439484
    3567    2.600    1.600  150.000     -150.7317540
    3568    2.600    1.600  160.000     -150.7206731
    3569    2.600    1.600  170.000     -150.7131585
    3570    2.600    1.600  179.990     -150.7102727
       0    0.000    0.000    0.000        0.0000000
    3571    2.600    1.700    0.010     -149.5345511
    3572    2.600    1.700   10.000     -149.8100736
    3573    2.600    1.700   20.000     -150.2470008
    3574    2.600    1.700   30.000     -150.5126263
    3575    2.600    1.700   40.000     -150.6313371
    3576    2.600    1.700   40.120     -150.6322408
    3577    2.600    1.700   50.000     -150.6867322
    3578    2.600    1.700   60.000     -150.7216017
    3579    2.600    1.700   70.000     -150.7478118
    3580    2.600    1.700   80.000     -150.7666798
    3581    2.600    1.700   90.000     -150.7783360
    3582    2.600    1.700  100.000     -150.7833332
    3583    2.600    1.700  110.000     -150.7825230
    3584    2.600    1.700  120.000     -150.7769245
    3585    2.600    1.700  130.000     -150.7676955
    3586    2.600    1.700  140.000     -150.7561493
    3587    2.600    1.700  150.000     -150.7438143
    3588    2.600    1.700  160.000     -150.7325202
    3589    2.600    1.700  170.000     -150.7244401
    3590    2.600    1.700  179.990     -150.7217778
       0    0.000    0.000    0.000        0.0000000
    3591    2.600    1.800    0.010     -149.0720618
    3592    2.600    1.800   10.000     -149.5319947
    3593    2.600    1.800   20.000     -150.1798272
    3594    2.600    1.800   30.000     -150.5202706
    3595    2.600    1.800   40.000     -150.6507482
    3596    2.600    1.800   43.760     -150.6748457
    3597    2.600    1.800   50.000     -150.7020326
    3598    2.600    1.800   60.000     -150.7319981
    3599    2.600    1.800   70.000     -150.7553182
    3600    2.600    1.800   80.000     -150.7726860
    3601    2.600    1.800   90.000     -150.7835238
    3602    2.600    1.800  100.000     -150.7880448
    3603    2.600    1.800  110.000     -150.7869567
    3604    2.600    1.800  120.000     -150.7812020
    3605    2.600    1.800  130.000     -150.7718768
    3606    2.600    1.800  140.000     -150.7602345
    3607    2.600    1.800  150.000     -150.7477488
    3608    2.600    1.800  160.000     -150.7362180
    3609    2.600    1.800  170.000     -150.7278440
    3610    2.600    1.800  179.990     -150.7249749
       0    0.000    0.000    0.000        0.0000000
    3611    2.600    1.850    0.010     -148.7567766
    3612    2.600    1.850   10.000     -149.3539338
    3613    2.600    1.850   20.000     -150.1406127
    3614    2.600    1.850   30.000     -150.5233617
    3615    2.600    1.850   40.000     -150.6593107
    3616    2.600    1.850   45.360     -150.6903598
    3617    2.600    1.850   50.000     -150.7079614
    3618    2.600    1.850   60.000     -150.7351324
    3619    2.600    1.850   70.000     -150.7568682
    3620    2.600    1.850   80.000     -150.7734464
    3621    2.600    1.850   90.000     -150.7838658
    3622    2.600    1.850  100.000     -150.7881482
    3623    2.600    1.850  110.000     -150.7869246
    3624    2.600    1.850  120.000     -150.7810976
    3625    2.600    1.850  130.000     -150.7717297
    3626    2.600    1.850  140.000     -150.7600421
    3627    2.600    1.850  150.000     -150.7474773
    3628    2.600    1.850  160.000     -150.7358157
    3629    2.600    1.850  170.000     -150.7272892
    3630    2.600    1.850  179.990     -150.7242758
       0    0.000    0.000    0.000        0.0000000
    3631    2.600    1.900    0.010     -148.3673129
    3632    2.600    1.900   10.000     -149.1455502
    3633    2.600    1.900   20.000     -150.0984753
    3634    2.600    1.900   30.000     -150.5263915
    3635    2.600    1.900   40.000     -150.6673686
    3636    2.600    1.900   46.830     -150.7027559
    3637    2.600    1.900   50.000     -150.7130186
    3638    2.600    1.900   60.000     -150.7371923
    3639    2.600    1.900   70.000     -150.7572647
    3640    2.600    1.900   80.000     -150.7730353
    3641    2.600    1.900   90.000     -150.7830349
    3642    2.600    1.900  100.000     -150.7870808
    3643    2.600    1.900  110.000     -150.7857257
    3644    2.600    1.900  120.000     -150.7798314
    3645    2.600    1.900  130.000     -150.7704258
    3646    2.600    1.900  140.000     -150.7586952
    3647    2.600    1.900  150.000     -150.7460495
    3648    2.600    1.900  160.000     -150.7342474
    3649    2.600    1.900  170.000     -150.7255557
    3650    2.600    1.900  179.990     -150.7224049
       0    0.000    0.000    0.000        0.0000000
    3651    2.600    2.000    0.010     -147.2841941
    3652    2.600    2.000   10.000     -148.6244564
    3653    2.600    2.000   20.000     -150.0087738
    3654    2.600    2.000   30.000     -150.5332843
    3655    2.600    2.000   40.000     -150.6824610
    3656    2.600    2.000   49.460     -150.7199354
    3657    2.600    2.000   50.000     -150.7211099
    3658    2.600    2.000   60.000     -150.7387763
    3659    2.600    2.000   70.000     -150.7553288
    3660    2.600    2.000   80.000     -150.7694553
    3661    2.600    2.000   90.000     -150.7786247
    3662    2.600    2.000  100.000     -150.7822118
    3663    2.600    2.000  110.000     -150.7806098
    3664    2.600    2.000  120.000     -150.7745988
    3665    2.600    2.000  130.000     -150.7651353
    3666    2.600    2.000  140.000     -150.7533307
    3667    2.600    2.000  150.000     -150.7405193
    3668    2.600    2.000  160.000     -150.7284048
    3669    2.600    2.000  170.000     -150.7193305
    3670    2.600    2.000  179.990     -150.7162674
       0    0.000    0.000    0.000        0.0000000
    3671    2.600    2.100    0.010     -145.5811693
    3672    2.600    2.100   10.000     -147.9470233
    3673    2.600    2.100   20.000     -149.9191892
    3674    2.600    2.100   30.000     -150.5426087
    3675    2.600    2.100   40.000     -150.6966525
    3676    2.600    2.100   50.000     -150.7271944
    3677    2.600    2.100   51.750     -150.7292623
    3678    2.600    2.100   60.000     -150.7378555
    3679    2.600    2.100   70.000     -150.7507062
    3680    2.600    2.100   80.000     -150.7631911
    3681    2.600    2.100   90.000     -150.7715643
    3682    2.600    2.100  100.000     -150.7747229
    3683    2.600    2.100  110.000     -150.7729030
    3684    2.600    2.100  120.000     -150.7668050
    3685    2.600    2.100  130.000     -150.7573127
    3686    2.600    2.100  140.000     -150.7454566
    3687    2.600    2.100  150.000     -150.7324787
    3688    2.600    2.100  160.000     -150.7200053
    3689    2.600    2.100  170.000     -150.7104544
    3690    2.600    2.100  179.990     -150.7073413
       0    0.000    0.000    0.000        0.0000000
    3691    2.600    2.300    0.010     -137.7895567
    3692    2.600    2.300   10.000     -146.1848639
    3693    2.600    2.300   20.000     -149.7861359
    3694    2.600    2.300   30.000     -150.5722952
    3695    2.600    2.300   40.000     -150.7228710
    3696    2.600    2.300   50.000     -150.7351927
    3697    2.600    2.300   55.580     -150.7322462
    3698    2.600    2.300   60.000     -150.7313227
    3699    2.600    2.300   70.000     -150.7365760
    3700    2.600    2.300   80.000     -150.7459690
    3701    2.600    2.300   90.000     -150.7529483
    3702    2.600    2.300  100.000     -150.7553935
    3703    2.600    2.300  110.000     -150.7532568
    3704    2.600    2.300  120.000     -150.7471001
    3705    2.600    2.300  130.000     -150.7376675
    3706    2.600    2.300  140.000     -150.7258107
    3707    2.600    2.300  150.000     -150.7125263
    3708    2.600    2.300  160.000     -150.6991420
    3709    2.600    2.300  170.000     -150.6881143
    3710    2.600    2.300  179.990     -150.6848246
       0    0.000    0.000    0.000        0.0000000
    3711    2.600    2.500    0.010      -90.9920162
    3712    2.600    2.500   10.000     -144.7388632
    3713    2.600    2.500   20.000     -149.7862742
    3714    2.600    2.500   30.000     -150.6169316
    3715    2.600    2.500   40.000     -150.7451700
    3716    2.600    2.500   50.000     -150.7388447
    3717    2.600    2.500   58.670     -150.7228306
    3718    2.600    2.500   60.000     -150.7212764
    3719    2.600    2.500   70.000     -150.7191776
    3720    2.600    2.500   80.000     -150.7260042
    3721    2.600    2.500   90.000     -150.7320034
    3722    2.600    2.500  100.000     -150.7340079
    3723    2.600    2.500  110.000     -150.7317683
    3724    2.600    2.500  120.000     -150.7257601
    3725    2.600    2.500  130.000     -150.7166110
    3726    2.600    2.500  140.000     -150.7049821
    3727    2.600    2.500  150.000     -150.6915090
    3728    2.600    2.500  160.000     -150.6766875
    3729    2.600    2.500  170.000     -150.6601799
    3730    2.600    2.500  179.990     -150.6349762
       0    0.000    0.000    0.000        0.0000000
    3731    2.600    2.700    0.010      -91.0062996
    3732    2.600    2.700   10.000     -145.2091385
    3733    2.600    2.700   20.000     -149.9395191
    3734    2.600    2.700   30.000     -150.6694794
    3735    2.600    2.700   40.000     -150.7616500
    3736    2.600    2.700   50.000     -150.7385651
    3737    2.600    2.700   60.000     -150.7094949
    3738    2.600    2.700   61.220     -150.7072140
    3739    2.600    2.700   70.000     -150.7007016
    3740    2.600    2.700   80.000     -150.7057898
    3741    2.600    2.700   90.000     -150.7114152
    3742    2.600    2.700  100.000     -150.7133500
    3743    2.600    2.700  110.000     -150.7112985
    3744    2.600    2.700  120.000     -150.7057448
    3745    2.600    2.700  130.000     -150.6972671
    3746    2.600    2.700  140.000     -150.6864142
    3747    2.600    2.700  150.000     -150.6736437
    3748    2.600    2.700  160.000     -150.6594698
    3749    2.600    2.700  170.000     -150.6472882
    3750    2.600    2.700  179.990     -150.6443466
       0    0.000    0.000    0.000        0.0000000
    3751    2.600    2.850    0.010     -133.6936748
    3752    2.600    2.850   10.000     -146.5639645
    3753    2.600    2.850   20.000     -150.1144391
    3754    2.600    2.850   30.000     -150.7075682
    3755    2.600    2.850   40.000     -150.7693699
    3756    2.600    2.850   50.000     -150.7359311
    3757    2.600    2.850   60.000     -150.7001142
    3758    2.600    2.850   70.000     -150.6868133
    3759    2.600    2.850   80.000     -150.6913933
    3760    2.600    2.850   90.000     -150.6973050
    3761    2.600    2.850  100.000     -150.6994862
    3762    2.600    2.850  110.000     -150.6978208
    3763    2.600    2.850  120.000     -150.6929087
    3764    2.600    2.850  130.000     -150.6854044
    3765    2.600    2.850  140.000     -150.6760065
    3766    2.600    2.850  150.000     -150.6656873
    3767    2.600    2.850  160.000     -150.6564099
    3768    2.600    2.850  170.000     -150.6515752
    3769    2.600    2.850  179.990     -150.6504940
       0    0.000    0.000    0.000        0.0000000
    3770    2.600    3.000    0.010     -142.9600705
    3771    2.600    3.000   10.000     -147.9382234
    3772    2.600    3.000   20.000     -150.2961071
    3773    2.600    3.000   30.000     -150.7400562
    3774    2.600    3.000   40.000     -150.7729188
    3775    2.600    3.000   50.000     -150.7314359
    3776    2.600    3.000   60.000     -150.6905714
    3777    2.600    3.000   64.320     -150.6794991
    3778    2.600    3.000   68.000     -150.6741890
    3779    2.600    3.000   70.000     -150.6729699
    3780    2.600    3.000   80.000     -150.6783479
    3781    2.600    3.000   90.000     -150.6851872
    3782    2.600    3.000  100.000     -150.6878514
    3783    2.600    3.000  110.000     -150.6868000
    3784    2.600    3.000  120.000     -150.6828707
    3785    2.600    3.000  130.000     -150.6768991
    3786    2.600    3.000  140.000     -150.6698568
    3787    2.600    3.000  150.000     -150.6630748
    3788    2.600    3.000  160.000     -150.6582869
    3789    2.600    3.000  170.000     -150.6563808
    3790    2.600    3.000  179.990     -150.6558155
       0    0.000    0.000    0.000        0.0000000
    3791    2.600    3.100    0.010     -145.7827802
    3792    2.600    3.100   10.000     -148.6783212
    3793    2.600    3.100   20.000     -150.4060442
    3794    2.600    3.100   30.000     -150.7573441
    3795    2.600    3.100   40.000     -150.7730492
    3796    2.600    3.100   50.000     -150.7275429
    3797    2.600    3.100   60.000     -150.6842200
    3798    2.600    3.100   70.000     -150.6627718
    3799    2.600    3.100   80.000     -150.6710674
    3800    2.600    3.100   90.000     -150.6787100
    3801    2.600    3.100  100.000     -150.6817208
    3802    2.600    3.100  110.000     -150.6811614
    3803    2.600    3.100  120.000     -150.6780407
    3804    2.600    3.100  130.000     -150.6732986
    3805    2.600    3.100  140.000     -150.6679750
    3806    2.600    3.100  150.000     -150.6632884
    3807    2.600    3.100  160.000     -150.6604021
    3808    2.600    3.100  170.000     -150.6593005
    3809    2.600    3.100  179.990     -150.6589095
       0    0.000    0.000    0.000        0.0000000
    3810    2.600    3.200    0.010     -147.5046428
    3811    2.600    3.200   10.000     -149.2574400
    3812    2.600    3.200   20.000     -150.5013107
    3813    2.600    3.200   30.000     -150.7707353
    3814    2.600    3.200   40.000     -150.7715275
    3815    2.600    3.200   50.000     -150.7230484
    3816    2.600    3.200   66.030     -150.6608423
    3817    2.600    3.200   70.000     -150.6475729
    3818    2.600    3.200   80.000     -150.6658699
    3819    2.600    3.200   90.000     -150.6738742
    3820    2.600    3.200  100.000     -150.6770948
    3821    2.600    3.200  110.000     -150.6770082
    3822    2.600    3.200  120.000     -150.6747161
    3823    2.600    3.200  130.000     -150.6711846
    3824    2.600    3.200  140.000     -150.6673918
    3825    2.600    3.200  150.000     -150.6643147
    3826    2.600    3.200  160.000     -150.6626202
    3827    2.600    3.200  170.000     -150.6619332
    3828    2.600    3.200  179.990     -150.6616575
       0    0.000    0.000    0.000        0.0000000
    3829    2.600    3.300    0.010     -148.6026969
    3830    2.600    3.300   10.000     -149.6947082
    3831    2.600    3.300   20.000     -150.5801224
    3832    2.600    3.300   30.000     -150.7802057
    3833    2.600    3.300   40.000     -150.7685146
    3834    2.600    3.300   50.000     -150.7180613
    3835    2.600    3.300   60.000     -150.6716966
    3836    2.600    3.300   68.000     -150.6478537
    3837    2.600    3.300   70.000     -150.6502217
    3838    2.600    3.300   80.000     -150.6634389
    3839    2.600    3.300   90.000     -150.6708121
    3840    2.600    3.300  100.000     -150.6739865
    3841    2.600    3.300  110.000     -150.6742711
    3842    2.600    3.300  120.000     -150.6727197
    3843    2.600    3.300  130.000     -150.6702349
    3844    2.600    3.300  140.000     -150.6676586
    3845    2.600    3.300  150.000     -150.6657142
    3846    2.600    3.300  160.000     -150.6647317
    3847    2.600    3.300  170.000     -150.6642761
    3848    2.600    3.300  179.990     -150.6640803
       0    0.000    0.000    0.000        0.0000000
    3849    2.600    3.400    0.010     -149.3216126
    3850    2.600    3.400   10.000     -150.0173982
    3851    2.600    3.400   20.000     -150.6424042
    3852    2.600    3.400   30.000     -150.7859421
    3853    2.600    3.400   40.000     -150.7641972
    3854    2.600    3.400   50.000     -150.7126983
    3855    2.600    3.400   60.000     -150.6657064
    3856    2.600    3.400   67.520     -150.6512760
    3857    2.600    3.400   70.000     -150.6536185
    3858    2.600    3.400   80.000     -150.6635248
    3859    2.600    3.400   90.000     -150.6693703
    3860    2.600    3.400  100.000     -150.6722273
    3861    2.600    3.400  110.000     -150.6727325
    3862    2.600    3.400  120.000     -150.6717639
    3863    2.600    3.400  130.000     -150.6700979
    3864    2.600    3.400  140.000     -150.6684151
    3865    2.600    3.400  150.000     -150.6672266
    3866    2.600    3.400  160.000     -150.6666508
    3867    2.600    3.400  170.000     -150.6663408
    3868    2.600    3.400  179.990     -150.6662017
       0    0.000    0.000    0.000        0.0000000
    3869    2.600    3.500    0.010     -149.8001591
    3870    2.600    3.500   10.000     -150.2516611
    3871    2.600    3.500   20.000     -150.6899045
    3872    2.600    3.500   30.000     -150.7882738
    3873    2.600    3.500   40.000     -150.7587757
    3874    2.600    3.500   50.000     -150.7070845
    3875    2.600    3.500   60.000     -150.6613444
    3876    2.600    3.500   68.200     -150.6553471
    3877    2.600    3.500   70.000     -150.6567841
    3878    2.600    3.500   80.000     -150.6647933
    3879    2.600    3.500   90.000     -150.6691607
    3880    2.600    3.500  100.000     -150.6715185
    3881    2.600    3.500  110.000     -150.6721000
    3882    2.600    3.500  120.000     -150.6715428
    3883    2.600    3.500  130.000     -150.6704699
    3884    2.600    3.500  140.000     -150.6694091
    3885    2.600    3.500  150.000     -150.6687040
    3886    2.600    3.500  160.000     -150.6683650
    3887    2.600    3.500  170.000     -150.6681469
    3888    2.600    3.500  179.990     -150.6680474
       0    0.000    0.000    0.000        0.0000000
    3889    2.600    3.600    0.010     -150.1219228
    3890    2.600    3.600   10.000     -150.4193111
    3891    2.600    3.600   20.000     -150.7243307
    3892    2.600    3.600   30.000     -150.7876139
    3893    2.600    3.600   40.000     -150.7524553
    3894    2.600    3.600   50.000     -150.7013562
    3895    2.600    3.600   60.000     -150.6596823
    3896    2.600    3.600   68.830     -150.6588362
    3897    2.600    3.600   70.000     -150.6596295
    3898    2.600    3.600   80.000     -150.6661086
    3899    2.600    3.600   90.000     -150.6697173
    3900    2.600    3.600  100.000     -150.6715290
    3901    2.600    3.600  110.000     -150.6720825
    3902    2.600    3.600  120.000     -150.6717901
    3903    2.600    3.600  130.000     -150.6711252
    3904    2.600    3.600  140.000     -150.6704776
    3905    2.600    3.600  150.000     -150.6700720
    3906    2.600    3.600  160.000     -150.6698694
    3907    2.600    3.600  170.000     -150.6697149
    3908    2.600    3.600  179.990     -150.6696440
       0    0.000    0.000    0.000        0.0000000
    3909    2.600    3.800    0.010     -150.4857228
    3910    2.600    3.800   10.000     -150.6187945
    3911    2.600    3.800   20.000     -150.7622810
    3912    2.600    3.800   30.000     -150.7791260
    3913    2.600    3.800   40.000     -150.7379233
    3914    2.600    3.800   50.000     -150.6901704
    3915    2.600    3.800   60.000     -150.6616181
    3916    2.600    3.800   69.990     -150.6643844
    3917    2.600    3.800   70.000     -150.6643873
    3918    2.600    3.800   80.000     -150.6689053
    3919    2.600    3.800   90.000     -150.6716201
    3920    2.600    3.800  100.000     -150.6726279
    3921    2.600    3.800  110.000     -150.6729962
    3922    2.600    3.800  120.000     -150.6729447
    3923    2.600    3.800  130.000     -150.6727144
    3924    2.600    3.800  140.000     -150.6725033
    3925    2.600    3.800  150.000     -150.6723827
    3926    2.600    3.800  160.000     -150.6723012
    3927    2.600    3.800  170.000     -150.6722289
    3928    2.600    3.800  179.990     -150.6721941
       0    0.000    0.000    0.000        0.0000000
    3929    2.600    4.000    0.010     -150.6471109
    3930    2.600    4.000   10.000     -150.7080312
    3931    2.600    4.000   20.000     -150.7715059
    3932    2.600    4.000   30.000     -150.7640057
    3933    2.600    4.000   40.000     -150.7221402
    3934    2.600    4.000   50.000     -150.6805681
    3935    2.600    4.000   60.000     -150.6651079
    3936    2.600    4.000   70.000     -150.6680657
    3937    2.600    4.000   71.030     -150.6684512
    3938    2.600    4.000   80.000     -150.6713569
    3939    2.600    4.000   90.000     -150.6733605
    3940    2.600    4.000  100.000     -150.6740472
    3941    2.600    4.000  110.000     -150.6742645
    3942    2.600    4.000  120.000     -150.6742726
    3943    2.600    4.000  130.000     -150.6742051
    3944    2.600    4.000  140.000     -150.6741492
    3945    2.600    4.000  150.000     -150.6741161
    3946    2.600    4.000  160.000     -150.6740945
    3947    2.600    4.000  170.000     -150.6740638
    3948    2.600    4.000  179.990     -150.6740482
       0    0.000    0.000    0.000        0.0000000
    3949    2.600    4.500    0.010     -150.7224059
    3950    2.600    4.500   10.000     -150.7325766
    3951    2.600    4.500   20.000     -150.7361538
    3952    2.600    4.500   30.000     -150.7157622
    3953    2.600    4.500   40.000     -150.6866557
    3954    2.600    4.500   50.000     -150.6706688
    3955    2.600    4.500   60.000     -150.6717327
    3956    2.600    4.500   70.000     -150.6738178
    3957    2.600    4.500   73.210     -150.6743815
    3958    2.600    4.500   80.000     -150.6753286
    3959    2.600    4.500   90.000     -150.6761705
    3960    2.600    4.500  100.000     -150.6764985
    3961    2.600    4.500  110.000     -150.6765889
    3962    2.600    4.500  120.000     -150.6766050
    3963    2.600    4.500  130.000     -150.6766104
    3964    2.600    4.500  140.000     -150.6766240
    3965    2.600    4.500  150.000     -150.6766409
    3966    2.600    4.500  160.000     -150.6766536
    3967    2.600    4.500  170.000     -150.6766601
    3968    2.600    4.500  179.990     -150.6766615
       0    0.000    0.000    0.000        0.0000000
    3969    2.600    5.000    0.010     -150.6724606
    3970    2.600    5.000   10.000     -150.6795227
    3971    2.600    5.000   20.000     -150.6848656
    3972    2.600    5.000   30.000     -150.6783461
    3973    2.600    5.000   40.000     -150.6723501
    3974    2.600    5.000   50.000     -150.6731460
    3975    2.600    5.000   60.000     -150.6753295
    3976    2.600    5.000   70.000     -150.6764889
    3977    2.600    5.000   74.930     -150.6768621
    3978    2.600    5.000   80.000     -150.6771427
    3979    2.600    5.000   90.000     -150.6774639
    3980    2.600    5.000  100.000     -150.6775853
    3981    2.600    5.000  110.000     -150.6776168
    3982    2.600    5.000  120.000     -150.6776213
    3983    2.600    5.000  130.000     -150.6776271
    3984    2.600    5.000  140.000     -150.6776387
    3985    2.600    5.000  150.000     -150.6776564
    3986    2.600    5.000  160.000     -150.6776724
    3987    2.600    5.000  170.000     -150.6776826
    3988    2.600    5.000  179.990     -150.6776863
       0    0.000    0.000    0.000        0.0000000
    3989    2.600    6.000    0.010     -150.6662017
    3990    2.600    6.000   10.000     -150.6677892
    3991    2.600    6.000   20.000     -150.6709908
    3992    2.600    6.000   30.000     -150.6739696
    3993    2.600    6.000   40.000     -150.6760458
    3994    2.600    6.000   50.000     -150.6772345
    3995    2.600    6.000   60.000     -150.6777822
    3996    2.600    6.000   70.000     -150.6780040
    3997    2.600    6.000   77.490     -150.6780692
    3998    2.600    6.000   80.000     -150.6780797
    3999    2.600    6.000   90.000     -150.6781000
    4000    2.600    6.000  100.000     -150.6780971
    4001    2.600    6.000  110.000     -150.6780883
    4002    2.600    6.000  120.000     -150.6780816
    4003    2.600    6.000  130.000     -150.6780801
    4004    2.600    6.000  140.000     -150.6780833
    4005    2.600    6.000  150.000     -150.6780904
    4006    2.600    6.000  160.000     -150.6780991
    4007    2.600    6.000  170.000     -150.6781063
    4008    2.600    6.000  179.990     -150.6781091
       0    0.000    0.000    0.000        0.0000000
    4009    2.600    7.000    0.010     -150.6763079
    4010    2.600    7.000   10.000     -150.6765340
    4011    2.600    7.000   20.000     -150.6770361
    4012    2.600    7.000   30.000     -150.6775338
    4013    2.600    7.000   40.000     -150.6778758
    4014    2.600    7.000   50.000     -150.6780482
    4015    2.600    7.000   60.000     -150.6781039
    4016    2.600    7.000   70.000     -150.6781035
    4017    2.600    7.000   79.300     -150.6780886
    4018    2.600    7.000   80.000     -150.6780875
    4019    2.600    7.000   90.000     -150.6780733
    4020    2.600    7.000  100.000     -150.6780635
    4021    2.600    7.000  110.000     -150.6780567
    4022    2.600    7.000  120.000     -150.6780516
    4023    2.600    7.000  130.000     -150.6780479
    4024    2.600    7.000  140.000     -150.6780467
    4025    2.600    7.000  150.000     -150.6780490
    4026    2.600    7.000  160.000     -150.6780543
    4027    2.600    7.000  170.000     -150.6780596
    4028    2.600    7.000  179.990     -150.6780618
       0    0.000    0.000    0.000        0.0000000
    4029    2.600    8.000    0.010     -150.6779923
    4030    2.600    8.000   10.000     -150.6780093
    4031    2.600    8.000   20.000     -150.6780455
    4032    2.600    8.000   30.000     -150.6780754
    4033    2.600    8.000   40.000     -150.6780862
    4034    2.600    8.000   50.000     -150.6780777
    4035    2.600    8.000   60.000     -150.6780578
    4036    2.600    8.000   70.000     -150.6780374
    4037    2.600    8.000   80.650     -150.6780213
    4038    2.600    8.000   90.000     -150.6780122
    4039    2.600    8.000  100.000     -150.6780062
    4040    2.600    8.000  110.000     -150.6780022
    4041    2.600    8.000  120.000     -150.6779992
    4042    2.600    8.000  130.000     -150.6779970
    4043    2.600    8.000  140.000     -150.6779961
    4044    2.600    8.000  150.000     -150.6779972
    4045    2.600    8.000  160.000     -150.6779997
    4046    2.600    8.000  170.000     -150.6780023
    4047    2.600    8.000  179.990     -150.6780034
       0    0.000    0.000    0.000        0.0000000
    4048    2.600   10.000    0.010     -150.6780358
    4049    2.600   10.000   10.000     -150.6780295
    4050    2.600   10.000   20.000     -150.6780156
    4051    2.600   10.000   30.000     -150.6780019
    4052    2.600   10.000   40.000     -150.6779906
    4053    2.600   10.000   50.000     -150.6779802
    4054    2.600   10.000   60.000     -150.6779709
    4055    2.600   10.000   70.000     -150.6779636
    4056    2.600   10.000   82.530     -150.6779576
    4057    2.600   10.000   90.000     -150.6779555
    4058    2.600   10.000  100.000     -150.6779537
    4059    2.600   10.000  110.000     -150.6779525
    4060    2.600   10.000  120.000     -150.6779519
    4061    2.600   10.000  130.000     -150.6779515
    4062    2.600   10.000  140.000     -150.6779515
    4063    2.600   10.000  150.000     -150.6779516
    4064    2.600   10.000  160.000     -150.6779519
    4065    2.600   10.000  170.000     -150.6779521
    4066    2.600   10.000  179.990     -150.6779522
       0    0.000    0.000    0.000        0.0000000
    4067    2.600   12.000    0.010     -150.6779599
    4068    2.600   12.000   10.000     -150.6779588
    4069    2.600   12.000   20.000     -150.6779564
    4070    2.600   12.000   30.000     -150.6779533
    4071    2.600   12.000   40.000     -150.6779500
    4072    2.600   12.000   50.000     -150.6779470
    4073    2.600   12.000   60.000     -150.6779444
    4074    2.600   12.000   70.000     -150.6779424
    4075    2.600   12.000   83.780     -150.6779406
    4076    2.600   12.000   90.000     -150.6779402
    4077    2.600   12.000  100.000     -150.6779396
    4078    2.600   12.000  110.000     -150.6779394
    4079    2.600   12.000  120.000     -150.6779394
    4080    2.600   12.000  130.000     -150.6779395
    4081    2.600   12.000  140.000     -150.6779398
    4082    2.600   12.000  150.000     -150.6779402
    4083    2.600   12.000  160.000     -150.6779405
    4084    2.600   12.000  170.000     -150.6779408
    4085    2.600   12.000  179.990     -150.6779409
       0    0.000    0.000    0.000        0.0000000
    4086    2.600   15.000    0.010     -150.6779395
    4087    2.600   15.000   10.000     -150.6779393
    4088    2.600   15.000   20.000     -150.6779386
    4089    2.600   15.000   40.000     -150.6779369
    4090    2.600   15.000   50.000     -150.6779361
    4091    2.600   15.000   60.000     -150.6779356
    4092    2.600   15.000   70.000     -150.6779352
    4093    2.600   15.000   85.030     -150.6779349
    4094    2.600   15.000   90.000     -150.6779348
    4095    2.600   15.000  100.000     -150.6779347
    4096    2.600   15.000  110.000     -150.6779346
    4097    2.600   15.000  120.000     -150.6779346
    4098    2.600   15.000  130.000     -150.6779347
    4099    2.600   15.000  140.000     -150.6779347
    4100    2.600   15.000  150.000     -150.6779348
    4101    2.600   15.000  160.000     -150.6779349
    4102    2.600   15.000  170.000     -150.6779350
    4103    2.600   15.000  179.990     -150.6779350
       0    0.000    0.000    0.000        0.0000000
    4104    2.650    1.200    0.010     -150.1601909
    4105    2.650    1.200   10.000     -150.1851266
    4106    2.650    1.200   20.000     -150.2447330
    4107    2.650    1.200   30.000     -150.3131340
    4108    2.650    1.200   40.000     -150.3757494
    4109    2.650    1.200   50.000     -150.4282598
    4110    2.650    1.200   60.000     -150.4700062
    4111    2.650    1.200   70.000     -150.5013761
    4112    2.650    1.200   80.000     -150.5232442
    4113    2.650    1.200   90.000     -150.5365505
    4114    2.650    1.200  100.000     -150.5424984
    4115    2.650    1.200  110.000     -150.5422061
    4116    2.650    1.200  120.000     -150.5368492
    4117    2.650    1.200  130.000     -150.5277106
    4118    2.650    1.200  140.000     -150.5162447
    4119    2.650    1.200  150.000     -150.5041141
    4120    2.650    1.200  160.000     -150.4931936
    4121    2.650    1.200  170.000     -150.4854710
    4122    2.650    1.200  179.990     -150.4826583
       0    0.000    0.000    0.000        0.0000000
    4123    2.650    1.400    0.010     -150.1902830
    4124    2.650    1.400   10.000     -150.2446181
    4125    2.650    1.400   18.840     -150.3449883
    4126    2.650    1.400   20.000     -150.3586703
    4127    2.650    1.400   30.000     -150.4637667
    4128    2.650    1.400   40.000     -150.5401187
    4129    2.650    1.400   50.000     -150.5950715
    4130    2.650    1.400   60.000     -150.6361444
    4131    2.650    1.400   70.000     -150.6664542
    4132    2.650    1.400   80.000     -150.6873542
    4133    2.650    1.400   90.000     -150.6999559
    4134    2.650    1.400  100.000     -150.7053680
    4135    2.650    1.400  110.000     -150.7046891
    4136    2.650    1.400  120.000     -150.6990534
    4137    2.650    1.400  130.000     -150.6897004
    4138    2.650    1.400  140.000     -150.6780399
    4139    2.650    1.400  150.000     -150.6657407
    4140    2.650    1.400  160.000     -150.6550058
    4141    2.650    1.400  170.000     -150.6471399
    4142    2.650    1.400  179.990     -150.6442674
       0    0.000    0.000    0.000        0.0000000
    4143    2.650    1.600    0.010     -149.9644022
    4144    2.650    1.600   10.000     -150.1018004
    4145    2.650    1.600   20.000     -150.3473938
    4146    2.650    1.600   30.000     -150.5231127
    4147    2.650    1.600   34.090     -150.5693674
    4148    2.650    1.600   40.000     -150.6178524
    4149    2.650    1.600   50.000     -150.6715273
    4150    2.650    1.600   60.000     -150.7083865
    4151    2.650    1.600   70.000     -150.7356761
    4152    2.650    1.600   80.000     -150.7547245
    4153    2.650    1.600   90.000     -150.7661835
    4154    2.650    1.600  100.000     -150.7708721
    4155    2.650    1.600  110.000     -150.7697335
    4156    2.650    1.600  120.000     -150.7638085
    4157    2.650    1.600  130.000     -150.7542612
    4158    2.650    1.600  140.000     -150.7424193
    4159    2.650    1.600  150.000     -150.7298421
    4160    2.650    1.600  160.000     -150.7184059
    4161    2.650    1.600  170.000     -150.7106485
    4162    2.650    1.600  179.990     -150.7076616
       0    0.000    0.000    0.000        0.0000000
    4163    2.650    1.700    0.010     -149.7201517
    4164    2.650    1.700   10.000     -149.9445261
    4165    2.650    1.700   20.000     -150.3085695
    4166    2.650    1.700   30.000     -150.5364142
    4167    2.650    1.700   38.790     -150.6326870
    4168    2.650    1.700   40.000     -150.6413813
    4169    2.650    1.700   50.000     -150.6925078
    4170    2.650    1.700   60.000     -150.7257909
    4171    2.650    1.700   70.000     -150.7508593
    4172    2.650    1.700   80.000     -150.7686854
    4173    2.650    1.700   90.000     -150.7794482
    4174    2.650    1.700  100.000     -150.7837218
    4175    2.650    1.700  110.000     -150.7823357
    4176    2.650    1.700  120.000     -150.7762678
    4177    2.650    1.700  130.000     -150.7666317
    4178    2.650    1.700  140.000     -150.7547055
    4179    2.650    1.700  150.000     -150.7420008
    4180    2.650    1.700  160.000     -150.7303601
    4181    2.650    1.700  170.000     -150.7220215
    4182    2.650    1.700  179.990     -150.7192854
       0    0.000    0.000    0.000        0.0000000
    4183    2.650    1.800    0.010     -149.3428859
    4184    2.650    1.800   10.000     -149.7138414
    4185    2.650    1.800   20.000     -150.2521264
    4186    2.650    1.800   30.000     -150.5446563
    4187    2.650    1.800   40.000     -150.6597776
    4188    2.650    1.800   42.600     -150.6755981
    4189    2.650    1.800   50.000     -150.7069248
    4190    2.650    1.800   60.000     -150.7356761
    4191    2.650    1.800   70.000     -150.7581075
    4192    2.650    1.800   80.000     -150.7745655
    4193    2.650    1.800   90.000     -150.7845816
    4194    2.650    1.800  100.000     -150.7884238
    4195    2.650    1.800  110.000     -150.7867905
    4196    2.650    1.800  120.000     -150.7805891
    4197    2.650    1.800  130.000     -150.7708752
    4198    2.650    1.800  140.000     -150.7588696
    4199    2.650    1.800  150.000     -150.7460300
    4200    2.650    1.800  160.000     -150.7341640
    4201    2.650    1.800  170.000     -150.7255305
    4202    2.650    1.800  179.990     -150.7226140
       0    0.000    0.000    0.000        0.0000000
    4203    2.650    1.850    0.010     -149.0860512
    4204    2.650    1.850   10.000     -149.5651169
    4205    2.650    1.850   20.000     -150.2182794
    4206    2.650    1.850   30.000     -150.5478382
    4207    2.650    1.850   40.000     -150.6677789
    4208    2.650    1.850   44.260     -150.6912251
    4209    2.650    1.850   50.000     -150.7124004
    4210    2.650    1.850   60.000     -150.7385536
    4211    2.650    1.850   70.000     -150.7595301
    4212    2.650    1.850   80.000     -150.7752631
    4213    2.650    1.850   90.000     -150.7848950
    4214    2.650    1.850  100.000     -150.7885198
    4215    2.650    1.850  110.000     -150.7867658
    4216    2.650    1.850  120.000     -150.7805031
    4217    2.650    1.850  130.000     -150.7707558
    4218    2.650    1.850  140.000     -150.7587136
    4219    2.650    1.850  150.000     -150.7458037
    4220    2.650    1.850  160.000     -150.7338138
    4221    2.650    1.850  170.000     -150.7250287
    4222    2.650    1.850  179.990     -150.7219647
       0    0.000    0.000    0.000        0.0000000
    4223    2.650    1.900    0.010     -148.7696543
    4224    2.650    1.900   10.000     -149.3903120
    4225    2.650    1.900   20.000     -150.1813062
    4226    2.650    1.900   30.000     -150.5507980
    4227    2.650    1.900   40.000     -150.6752497
    4228    2.650    1.900   45.780     -150.7037152
    4229    2.650    1.900   50.000     -150.7170038
    4230    2.650    1.900   60.000     -150.7403588
    4231    2.650    1.900   70.000     -150.7598016
    4232    2.650    1.900   80.000     -150.7747900
    4233    2.650    1.900   90.000     -150.7840347
    4234    2.650    1.900  100.000     -150.7874432
    4235    2.650    1.900  110.000     -150.7855719
    4236    2.650    1.900  120.000     -150.7792526
    4237    2.650    1.900  130.000     -150.7694766
    4238    2.650    1.900  140.000     -150.7574005
    4239    2.650    1.900  150.000     -150.7444192
    4240    2.650    1.900  160.000     -150.7322967
    4241    2.650    1.900  170.000     -150.7233483
    4242    2.650    1.900  179.990     -150.7201440
       0    0.000    0.000    0.000        0.0000000
    4243    2.650    2.000    0.010     -147.8957673
    4244    2.650    2.000   10.000     -148.9497477
    4245    2.650    2.000   20.000     -150.1004954
    4246    2.650    2.000   30.000     -150.5570134
    4247    2.650    2.000   40.000     -150.6891209
    4248    2.650    2.000   48.510     -150.7210423
    4249    2.650    2.000   50.000     -150.7242065
    4250    2.650    2.000   60.000     -150.7414484
    4251    2.650    2.000   70.000     -150.7576269
    4252    2.650    2.000   80.000     -150.7710900
    4253    2.650    2.000   90.000     -150.7795633
    4254    2.650    2.000  100.000     -150.7825498
    4255    2.650    2.000  110.000     -150.7804581
    4256    2.650    2.000  120.000     -150.7740425
    4257    2.650    2.000  130.000     -150.7642265
    4258    2.650    2.000  140.000     -150.7520951
    4259    2.650    2.000  150.000     -150.7389687
    4260    2.650    2.000  160.000     -150.7265532
    4261    2.650    2.000  170.000     -150.7172281
    4262    2.650    2.000  179.990     -150.7140968
       0    0.000    0.000    0.000        0.0000000
    4263    2.650    2.100    0.010     -146.5410489
    4264    2.650    2.100   10.000     -148.3684265
    4265    2.650    2.100   20.000     -150.0162420
    4266    2.650    2.100   30.000     -150.5648914
    4267    2.650    2.100   40.000     -150.7020801
    4268    2.650    2.100   50.000     -150.7294587
    4269    2.650    2.100   50.880     -150.7304813
    4270    2.650    2.100   60.000     -150.7400650
    4271    2.650    2.100   70.000     -150.7527856
    4272    2.650    2.100   80.000     -150.7647126
    4273    2.650    2.100   90.000     -150.7724388
    4274    2.650    2.100  100.000     -150.7750279
    4275    2.650    2.100  110.000     -150.7727411
    4276    2.650    2.100  120.000     -150.7662570
    4277    2.650    2.100  130.000     -150.7564290
    4278    2.650    2.100  140.000     -150.7442650
    4279    2.650    2.100  150.000     -150.7309963
    4280    2.650    2.100  160.000     -150.7182469
    4281    2.650    2.100  170.000     -150.7084545
    4282    2.650    2.100  179.990     -150.7052816
       0    0.000    0.000    0.000        0.0000000
    4283    2.650    2.300    0.010     -140.6885355
    4284    2.650    2.300   10.000     -146.7780530
    4285    2.650    2.300   20.000     -149.8757716
    4286    2.650    2.300   30.000     -150.5895505
    4287    2.650    2.300   40.000     -150.7260116
    4288    2.650    2.300   50.000     -150.7360715
    4289    2.650    2.300   54.820     -150.7336338
    4290    2.650    2.300   60.000     -150.7327434
    4291    2.650    2.300   70.000     -150.7382953
    4292    2.650    2.300   80.000     -150.7472886
    4293    2.650    2.300   90.000     -150.7536815
    4294    2.650    2.300  100.000     -150.7555973
    4295    2.650    2.300  110.000     -150.7530264
    4296    2.650    2.300  120.000     -150.7465115
    4297    2.650    2.300  130.000     -150.7367716
    4298    2.650    2.300  140.000     -150.7246452
    4299    2.650    2.300  150.000     -150.7111304
    4300    2.650    2.300  160.000     -150.6975569
    4301    2.650    2.300  170.000     -150.6863428
    4302    2.650    2.300  179.990     -150.6829845
       0    0.000    0.000    0.000        0.0000000
    4303    2.650    2.500    0.010     -115.4819025
    4304    2.650    2.500   10.000     -145.1820352
    4305    2.650    2.500   20.000     -149.8422796
    4306    2.650    2.500   30.000     -150.6276021
    4307    2.650    2.500   40.000     -150.7465169
    4308    2.650    2.500   50.000     -150.7387927
    4309    2.650    2.500   57.990     -150.7243536
    4310    2.650    2.500   60.000     -150.7221212
    4311    2.650    2.500   70.000     -150.7206529
    4312    2.650    2.500   80.000     -150.7271485
    4313    2.650    2.500   90.000     -150.7325581
    4314    2.650    2.500  100.000     -150.7340371
    4315    2.650    2.500  110.000     -150.7313735
    4316    2.650    2.500  120.000     -150.7250180
    4317    2.650    2.500  130.000     -150.7155762
    4318    2.650    2.500  140.000     -150.7037088
    4319    2.650    2.500  150.000     -150.6900849
    4320    2.650    2.500  160.000     -150.6752991
    4321    2.650    2.500  170.000     -150.6595281
    4322    2.650    2.500  179.990     -150.6326573
       0    0.000    0.000    0.000        0.0000000
    4323    2.650    2.700   10.000     -145.1155813
    4324    2.650    2.700   20.000     -149.9533812
    4325    2.650    2.700   30.000     -150.6741694
    4326    2.650    2.700   40.000     -150.7618520
    4327    2.650    2.700   50.000     -150.7380142
    4328    2.650    2.700   60.000     -150.7099683
    4329    2.650    2.700   60.610     -150.7088632
    4330    2.650    2.700   70.000     -150.7020525
    4331    2.650    2.700   80.000     -150.7067588
    4332    2.650    2.700   90.000     -150.7117015
    4333    2.650    2.700  100.000     -150.7130696
    4334    2.650    2.700  110.000     -150.7105746
    4335    2.650    2.700  120.000     -150.7046557
    4336    2.650    2.700  130.000     -150.6958613
    4337    2.650    2.700  140.000     -150.6847336
    4338    2.650    2.700  150.000     -150.6717276
    4339    2.650    2.700  160.000     -150.6572236
    4340    2.650    2.700  170.000     -150.6439822
    4341    2.650    2.700  179.990     -150.6406263
       0    0.000    0.000    0.000        0.0000000
    4342    2.650    2.850    0.010     -127.0875709
    4343    2.650    2.850   10.000     -146.2391669
    4344    2.650    2.850   20.000     -150.1051372
    4345    2.650    2.850   30.000     -150.7091182
    4346    2.650    2.850   40.000     -150.7691342
    4347    2.650    2.850   50.000     -150.7352280
    4348    2.650    2.850   60.000     -150.7004176
    4349    2.650    2.850   70.000     -150.6881613
    4350    2.650    2.850   80.000     -150.6921908
    4351    2.650    2.850   90.000     -150.6972571
    4352    2.650    2.850  100.000     -150.6988102
    4353    2.650    2.850  110.000     -150.6966644
    4354    2.650    2.850  120.000     -150.6913406
    4355    2.650    2.850  130.000     -150.6834390
    4356    2.650    2.850  140.000     -150.6736082
    4357    2.650    2.850  150.000     -150.6627366
    4358    2.650    2.850  160.000     -150.6527011
    4359    2.650    2.850  170.000     -150.6472366
    4360    2.650    2.850  179.990     -150.6461075
       0    0.000    0.000    0.000        0.0000000
    4361    2.650    3.000    0.010     -140.8353099
    4362    2.650    3.000   10.000     -147.6038896
    4363    2.650    3.000   20.000     -150.2750398
    4364    2.650    3.000   30.000     -150.7398104
    4365    2.650    3.000   40.000     -150.7725457
    4366    2.650    3.000   50.000     -150.7307112
    4367    2.650    3.000   60.000     -150.6907712
    4368    2.650    3.000   63.790     -150.6813500
    4369    2.650    3.000   65.000     -150.6791950
    4370    2.650    3.000   68.000     -150.6755629
    4371    2.650    3.000   70.000     -150.6745146
    4372    2.650    3.000   80.000     -150.6788110
    4373    2.650    3.000   90.000     -150.6845549
    4374    2.650    3.000  100.000     -150.6865363
    4375    2.650    3.000  110.000     -150.6849628
    4376    2.650    3.000  120.000     -150.6805521
    4377    2.650    3.000  130.000     -150.6740689
    4378    2.650    3.000  140.000     -150.6664420
    4379    2.650    3.000  150.000     -150.6590153
    4380    2.650    3.000  160.000     -150.6536594
    4381    2.650    3.000  170.000     -150.6515481
    4382    2.650    3.000  179.990     -150.6509779
       0    0.000    0.000    0.000        0.0000000
    4383    2.650    3.100    0.010     -144.5512751
    4384    2.650    3.100   10.000     -148.3923309
    4385    2.650    3.100   20.000     -150.3825227
    4386    2.650    3.100   30.000     -150.7565577
    4387    2.650    3.100   40.000     -150.7727121
    4388    2.650    3.100   50.000     -150.7268500
    4389    2.650    3.100   60.000     -150.6843746
    4390    2.650    3.100   66.000     -150.6696350
    4391    2.650    3.100   70.000     -150.6652706
    4392    2.650    3.100   80.000     -150.6709606
    4393    2.650    3.100   90.000     -150.6774509
    4394    2.650    3.100  100.000     -150.6798011
    4395    2.650    3.100  110.000     -150.6787185
    4396    2.650    3.100  120.000     -150.6750923
    4397    2.650    3.100  130.000     -150.6698095
    4398    2.650    3.100  140.000     -150.6639100
    4399    2.650    3.100  150.000     -150.6586824
    4400    2.650    3.100  160.000     -150.6554201
    4401    2.650    3.100  170.000     -150.6542420
    4402    2.650    3.100  179.990     -150.6538544
       0    0.000    0.000    0.000        0.0000000
    4403    2.650    3.200    0.010     -146.7399669
    4404    2.650    3.200   10.000     -149.0286814
    4405    2.650    3.200   20.000     -150.4783049
    4406    2.650    3.200   30.000     -150.7698165
    4407    2.650    3.200   40.000     -150.7712988
    4408    2.650    3.200   50.000     -150.7224066
    4409    2.650    3.200   60.000     -150.6780549
    4410    2.650    3.200   65.540     -150.6628522
    4411    2.650    3.200   68.000     -150.6558483
    4412    2.650    3.200   70.000     -150.6539138
    4413    2.650    3.200   80.000     -150.6646235
    4414    2.650    3.200   90.000     -150.6717781
    4415    2.650    3.200  100.000     -150.6744514
    4416    2.650    3.200  110.000     -150.6738865
    4417    2.650    3.200  120.000     -150.6711122
    4418    2.650    3.200  130.000     -150.6670784
    4419    2.650    3.200  140.000     -150.6627975
    4420    2.650    3.200  150.000     -150.6593206
    4421    2.650    3.200  160.000     -150.6574054
    4422    2.650    3.200  170.000     -150.6567047
    4423    2.650    3.200  179.990     -150.6564331
       0    0.000    0.000    0.000        0.0000000
    4424    2.650    3.300    0.010     -148.1094066
    4425    2.650    3.300   10.000     -149.5188569
    4426    2.650    3.300   20.000     -150.5594741
    4427    2.650    3.300   30.000     -150.7794521
    4428    2.650    3.300   40.000     -150.7684422
    4429    2.650    3.300   50.000     -150.7174763
    4430    2.650    3.300   60.000     -150.6718378
    4431    2.650    3.300   66.500     -150.6407579
    4432    2.650    3.300   67.000     -150.6413336
    4433    2.650    3.300   70.000     -150.6453933
    4434    2.650    3.300   80.000     -150.6605913
    4435    2.650    3.300   90.000     -150.6677619
    4436    2.650    3.300  100.000     -150.6705784
    4437    2.650    3.300  110.000     -150.6704759
    4438    2.650    3.300  120.000     -150.6685145
    4439    2.650    3.300  130.000     -150.6656164
    4440    2.650    3.300  140.000     -150.6626697
    4441    2.650    3.300  150.000     -150.6604552
    4442    2.650    3.300  160.000     -150.6593573
    4443    2.650    3.300  170.000     -150.6589148
    4444    2.650    3.300  179.990     -150.6587232
       0    0.000    0.000    0.000        0.0000000
    4445    2.650    3.400    0.010     -148.9956905
    4446    2.650    3.400   10.000     -149.8855818
    4447    2.650    3.400   18.000     -150.5397528
    4448    2.650    3.400   20.000     -150.6250556
    4449    2.650    3.400   30.000     -150.7855490
    4450    2.650    3.400   40.000     -150.7643064
    4451    2.650    3.400   50.000     -150.7121621
    4452    2.650    3.400   60.000     -150.6657320
    4453    2.650    3.400   67.100     -150.6453668
    4454    2.650    3.400   70.000     -150.6482586
    4455    2.650    3.400   80.000     -150.6591572
    4456    2.650    3.400   90.000     -150.6654070
    4457    2.650    3.400  100.000     -150.6681115
    4458    2.650    3.400  110.000     -150.6683449
    4459    2.650    3.400  120.000     -150.6670636
    4460    2.650    3.400  130.000     -150.6650888
    4461    2.650    3.400  140.000     -150.6631459
    4462    2.650    3.400  150.000     -150.6617881
    4463    2.650    3.400  160.000     -150.6611661
    4464    2.650    3.400  170.000     -150.6608754
    4465    2.650    3.400  179.990     -150.6607400
       0    0.000    0.000    0.000        0.0000000
    4466    2.650    3.500    0.010     -149.5813696
    4467    2.650    3.500   10.000     -150.1545832
    4468    2.650    3.500   18.000     -150.6138242
    4469    2.650    3.500   20.000     -150.6761404
    4470    2.650    3.500   30.000     -150.7883500
    4471    2.650    3.500   40.000     -150.7590722
    4472    2.650    3.500   50.000     -150.7065743
    4473    2.650    3.500   60.000     -150.6602992
    4474    2.650    3.500   67.750     -150.6494059
    4475    2.650    3.500   70.000     -150.6512550
    4476    2.650    3.500   80.000     -150.6596950
    4477    2.650    3.500   90.000     -150.6644553
    4478    2.650    3.500  100.000     -150.6668222
    4479    2.650    3.500  110.000     -150.6672391
    4480    2.650    3.500  120.000     -150.6664654
    4481    2.650    3.500  130.000     -150.6651780
    4482    2.650    3.500  140.000     -150.6639457
    4483    2.650    3.500  150.000     -150.6631435
    4484    2.650    3.500  160.000     -150.6627946
    4485    2.650    3.500  170.000     -150.6625990
    4486    2.650    3.500  179.990     -150.6625028
       0    0.000    0.000    0.000        0.0000000
    4487    2.650    3.600    0.010     -149.9735044
    4488    2.650    3.600   10.000     -150.3488741
    4489    2.650    3.600   18.000     -150.6695262
    4490    2.650    3.600   20.000     -150.7140389
    4491    2.650    3.600   30.000     -150.7882005
    4492    2.650    3.600   40.000     -150.7529281
    4493    2.650    3.600   50.000     -150.7008315
    4494    2.650    3.600   60.000     -150.6569505
    4495    2.650    3.600   68.400     -150.6528977
    4496    2.650    3.600   70.000     -150.6540074
    4497    2.650    3.600   80.000     -150.6608992
    4498    2.650    3.600   90.000     -150.6644921
    4499    2.650    3.600  100.000     -150.6663993
    4500    2.650    3.600  110.000     -150.6668710
    4501    2.650    3.600  120.000     -150.6664400
    4502    2.650    3.600  130.000     -150.6656352
    4503    2.650    3.600  140.000     -150.6648819
    4504    2.650    3.600  150.000     -150.6644278
    4505    2.650    3.600  160.000     -150.6642351
    4506    2.650    3.600  170.000     -150.6641004
    4507    2.650    3.600  179.990     -150.6640330
       0    0.000    0.000    0.000        0.0000000
    4508    2.650    3.800    0.010     -150.4166345
    4509    2.650    3.800   10.000     -150.5835645
    4510    2.650    3.800   18.000     -150.7366729
    4511    2.650    3.800   20.000     -150.7578144
    4512    2.650    3.800   30.000     -150.7806712
    4513    2.650    3.800   40.000     -150.7386606
    4514    2.650    3.800   50.000     -150.6894102
    4515    2.650    3.800   60.000     -150.6566525
    4516    2.650    3.800   69.590     -150.6584473
    4517    2.650    3.800   70.000     -150.6586560
    4518    2.650    3.800   80.000     -150.6633238
    4519    2.650    3.800   90.000     -150.6659363
    4520    2.650    3.800  100.000     -150.6670012
    4521    2.650    3.800  110.000     -150.6673708
    4522    2.650    3.800  120.000     -150.6672762
    4523    2.650    3.800  130.000     -150.6669985
    4524    2.650    3.800  140.000     -150.6667584
    4525    2.650    3.800  150.000     -150.6666387
    4526    2.650    3.800  160.000     -150.6665771
    4527    2.650    3.800  170.000     -150.6665185
    4528    2.650    3.800  179.990     -150.6664868
       0    0.000    0.000    0.000        0.0000000
    4529    2.650    4.000    0.010     -150.6158793
    4530    2.650    4.000   10.000     -150.6922657
    4531    2.650    4.000   20.000     -150.7710776
    4532    2.650    4.000   30.000     -150.7662517
    4533    2.650    4.000   40.000     -150.7229475
    4534    2.650    4.000   50.000     -150.6791091
    4535    2.650    4.000   60.000     -150.6596295
    4536    2.650    4.000   70.000     -150.6622694
    4537    2.650    4.000   70.660     -150.6625143
    4538    2.650    4.000   80.000     -150.6656192
    4539    2.650    4.000   90.000     -150.6675890
    4540    2.650    4.000  100.000     -150.6682433
    4541    2.650    4.000  110.000     -150.6684648
    4542    2.650    4.000  120.000     -150.6684658
    4543    2.650    4.000  130.000     -150.6683904
    4544    2.650    4.000  140.000     -150.6683364
    4545    2.650    4.000  150.000     -150.6683220
    4546    2.650    4.000  160.000     -150.6683114
    4547    2.650    4.000  170.000     -150.6682904
    4548    2.650    4.000  179.990     -150.6682773
       0    0.000    0.000    0.000        0.0000000
    4549    2.650    4.500    0.010     -150.7220758
    4550    2.650    4.500   10.000     -150.7343629
    4551    2.650    4.500   20.000     -150.7398281
    4552    2.650    4.500   30.000     -150.7181616
    4553    2.650    4.500   40.000     -150.6860545
    4554    2.650    4.500   50.000     -150.6660717
    4555    2.650    4.500   60.000     -150.6659283
    4556    2.650    4.500   70.000     -150.6679436
    4557    2.650    4.500   72.880     -150.6684537
    4558    2.650    4.500   80.000     -150.6694628
    4559    2.650    4.500   90.000     -150.6703084
    4560    2.650    4.500  100.000     -150.6706199
    4561    2.650    4.500  110.000     -150.6707026
    4562    2.650    4.500  120.000     -150.6707198
    4563    2.650    4.500  130.000     -150.6707311
    4564    2.650    4.500  140.000     -150.6707520
    4565    2.650    4.500  150.000     -150.6707775
    4566    2.650    4.500  160.000     -150.6707951
    4567    2.650    4.500  170.000     -150.6708061
    4568    2.650    4.500  179.990     -150.6708084
       0    0.000    0.000    0.000        0.0000000
    4569    2.650    5.000    0.010     -150.6769073
    4570    2.650    5.000   10.000     -150.6838639
    4571    2.650    5.000   20.000     -150.6872998
    4572    2.650    5.000   30.000     -150.6775307
    4573    2.650    5.000   40.000     -150.6679903
    4574    2.650    5.000   50.000     -150.6673274
    4575    2.650    5.000   60.000     -150.6694446
    4576    2.650    5.000   70.000     -150.6705922
    4577    2.650    5.000   74.630     -150.6709456
    4578    2.650    5.000   80.000     -150.6712487
    4579    2.650    5.000   90.000     -150.6715715
    4580    2.650    5.000  100.000     -150.6716884
    4581    2.650    5.000  110.000     -150.6717202
    4582    2.650    5.000  120.000     -150.6717257
    4583    2.650    5.000  130.000     -150.6717336
    4584    2.650    5.000  140.000     -150.6717487
    4585    2.650    5.000  150.000     -150.6717670
    4586    2.650    5.000  160.000     -150.6717851
    4587    2.650    5.000  170.000     -150.6717970
    4588    2.650    5.000  179.990     -150.6718012
       0    0.000    0.000    0.000        0.0000000
    4589    2.650    6.000    0.010     -150.6597647
    4590    2.650    6.000   10.000     -150.6614589
    4591    2.650    6.000   20.000     -150.6648699
    4592    2.650    6.000   30.000     -150.6679505
    4593    2.650    6.000   40.000     -150.6700771
    4594    2.650    6.000   50.000     -150.6713136
    4595    2.650    6.000   60.000     -150.6718760
    4596    2.650    6.000   70.000     -150.6720988
    4597    2.650    6.000   77.240     -150.6721626
    4598    2.650    6.000   80.000     -150.6721737
    4599    2.650    6.000   90.000     -150.6721946
    4600    2.650    6.000  100.000     -150.6721918
    4601    2.650    6.000  110.000     -150.6721834
    4602    2.650    6.000  120.000     -150.6721774
    4603    2.650    6.000  130.000     -150.6721759
    4604    2.650    6.000  140.000     -150.6721795
    4605    2.650    6.000  150.000     -150.6721867
    4606    2.650    6.000  160.000     -150.6721955
    4607    2.650    6.000  170.000     -150.6722029
    4608    2.650    6.000  179.990     -150.6722057
       0    0.000    0.000    0.000        0.0000000
    4609    2.650    7.000    0.010     -150.6702688
    4610    2.650    7.000   10.000     -150.6705142
    4611    2.650    7.000   20.000     -150.6710555
    4612    2.650    7.000   30.000     -150.6715915
    4613    2.650    7.000   40.000     -150.6719590
    4614    2.650    7.000   50.000     -150.6721411
    4615    2.650    7.000   60.000     -150.6721985
    4616    2.650    7.000   70.000     -150.6721974
    4617    2.650    7.000   79.090     -150.6721823
    4618    2.650    7.000   80.000     -150.6721807
    4619    2.650    7.000   90.000     -150.6721668
    4620    2.650    7.000  100.000     -150.6721570
    4621    2.650    7.000  110.000     -150.6721502
    4622    2.650    7.000  120.000     -150.6721452
    4623    2.650    7.000  130.000     -150.6721415
    4624    2.650    7.000  140.000     -150.6721403
    4625    2.650    7.000  150.000     -150.6721427
    4626    2.650    7.000  160.000     -150.6721480
    4627    2.650    7.000  170.000     -150.6721534
    4628    2.650    7.000  179.990     -150.6721555
       0    0.000    0.000    0.000        0.0000000
    4629    2.650    8.000    0.010     -150.6720731
    4630    2.650    8.000   10.000     -150.6720924
    4631    2.650    8.000   20.000     -150.6721338
    4632    2.650    8.000   30.000     -150.6721686
    4633    2.650    8.000   40.000     -150.6721814
    4634    2.650    8.000   50.000     -150.6721730
    4635    2.650    8.000   60.000     -150.6721523
    4636    2.650    8.000   70.000     -150.6721312
    4637    2.650    8.000   80.470     -150.6721150
    4638    2.650    8.000   90.000     -150.6721055
    4639    2.650    8.000  100.000     -150.6720995
    4640    2.650    8.000  110.000     -150.6720954
    4641    2.650    8.000  120.000     -150.6720924
    4642    2.650    8.000  130.000     -150.6720902
    4643    2.650    8.000  140.000     -150.6720893
    4644    2.650    8.000  150.000     -150.6720904
    4645    2.650    8.000  160.000     -150.6720930
    4646    2.650    8.000  170.000     -150.6720957
    4647    2.650    8.000  179.990     -150.6720968
       0    0.000    0.000    0.000        0.0000000
    4648    2.650   10.000    0.010     -150.6721324
    4649    2.650   10.000   10.000     -150.6721259
    4650    2.650   10.000   20.000     -150.6721112
    4651    2.650   10.000   30.000     -150.6720968
    4652    2.650   10.000   40.000     -150.6720849
    4653    2.650   10.000   50.000     -150.6720741
    4654    2.650   10.000   60.000     -150.6720644
    4655    2.650   10.000   70.000     -150.6720568
    4656    2.650   10.000   82.390     -150.6720508
    4657    2.650   10.000   90.000     -150.6720485
    4658    2.650   10.000  100.000     -150.6720467
    4659    2.650   10.000  110.000     -150.6720456
    4660    2.650   10.000  120.000     -150.6720449
    4661    2.650   10.000  130.000     -150.6720446
    4662    2.650   10.000  140.000     -150.6720446
    4663    2.650   10.000  150.000     -150.6720447
    4664    2.650   10.000  160.000     -150.6720450
    4665    2.650   10.000  170.000     -150.6720452
    4666    2.650   10.000  179.990     -150.6720454
       0    0.000    0.000    0.000        0.0000000
    4667    2.650   12.000    0.010     -150.6720539
    4668    2.650   12.000   20.000     -150.6720501
    4669    2.650   12.000   30.000     -150.6720468
    4670    2.650   12.000   40.000     -150.6720434
    4671    2.650   12.000   50.000     -150.6720402
    4672    2.650   12.000   60.000     -150.6720375
    4673    2.650   12.000   70.000     -150.6720355
    4674    2.650   12.000   83.660     -150.6720337
    4675    2.650   12.000   90.000     -150.6720332
    4676    2.650   12.000  100.000     -150.6720327
    4677    2.650   12.000  110.000     -150.6720324
    4678    2.650   12.000  120.000     -150.6720324
    4679    2.650   12.000  130.000     -150.6720326
    4680    2.650   12.000  140.000     -150.6720329
    4681    2.650   12.000  150.000     -150.6720332
    4682    2.650   12.000  160.000     -150.6720336
    4683    2.650   12.000  170.000     -150.6720338
    4684    2.650   12.000  179.990     -150.6720339
       0    0.000    0.000    0.000        0.0000000
    4685    2.650   15.000    0.010     -150.6720327
    4686    2.650   15.000   10.000     -150.6720325
    4687    2.650   15.000   20.000     -150.6720318
    4688    2.650   15.000   40.000     -150.6720299
    4689    2.650   15.000   50.000     -150.6720292
    4690    2.650   15.000   60.000     -150.6720287
    4691    2.650   15.000   70.000     -150.6720283
    4692    2.650   15.000   84.930     -150.6720279
    4693    2.650   15.000   90.000     -150.6720278
    4694    2.650   15.000  100.000     -150.6720277
    4695    2.650   15.000  110.000     -150.6720277
    4696    2.650   15.000  120.000     -150.6720277
    4697    2.650   15.000  130.000     -150.6720277
    4698    2.650   15.000  140.000     -150.6720278
    4699    2.650   15.000  150.000     -150.6720278
    4700    2.650   15.000  160.000     -150.6720279
    4701    2.650   15.000  170.000     -150.6720280
    4702    2.650   15.000  179.990     -150.6720280
       0    0.000    0.000    0.000        0.0000000
    4703    2.700    1.200    0.010     -150.1899498
    4704    2.700    1.200   10.000     -150.2121792
    4705    2.700    1.200   20.000     -150.2656783
    4706    2.700    1.200   30.000     -150.3280839
    4707    2.700    1.200   40.000     -150.3862757
    4708    2.700    1.200   50.000     -150.4356199
    4709    2.700    1.200   60.000     -150.4749516
    4710    2.700    1.200   70.000     -150.5044155
    4711    2.700    1.200   80.000     -150.5247887
    4712    2.700    1.200   90.000     -150.5369526
    4713    2.700    1.200  100.000     -150.5420330
    4714    2.700    1.200  110.000     -150.5410816
    4715    2.700    1.200  120.000     -150.5352078
    4716    2.700    1.200  130.000     -150.5256320
    4717    2.700    1.200  140.000     -150.5137567
    4718    2.700    1.200  150.000     -150.5012176
    4719    2.700    1.200  160.000     -150.4899065
    4720    2.700    1.200  170.000     -150.4818846
    4721    2.700    1.200  179.990     -150.4789573
       0    0.000    0.000    0.000        0.0000000
    4722    2.700    1.400    0.010     -150.2450298
    4723    2.700    1.400   10.000     -150.2910202
    4724    2.700    1.400   15.360     -150.3413542
    4725    2.700    1.400   20.000     -150.3887343
    4726    2.700    1.400   30.000     -150.4810395
    4727    2.700    1.400   40.000     -150.5504172
    4728    2.700    1.400   50.000     -150.6017889
    4729    2.700    1.400   60.000     -150.6406240
    4730    2.700    1.400   70.000     -150.6692387
    4731    2.700    1.400   80.000     -150.6887955
    4732    2.700    1.400   90.000     -150.7003528
    4733    2.700    1.400  100.000     -150.7049668
    4734    2.700    1.400  110.000     -150.7036777
    4735    2.700    1.400  120.000     -150.6975597
    4736    2.700    1.400  130.000     -150.6877941
    4737    2.700    1.400  140.000     -150.6757409
    4738    2.700    1.400  150.000     -150.6630345
    4739    2.700    1.400  160.000     -150.6519299
    4740    2.700    1.400  170.000     -150.6437672
    4741    2.700    1.400  179.990     -150.6407800
       0    0.000    0.000    0.000        0.0000000
    4742    2.700    1.600    0.010     -150.0719640
    4743    2.700    1.600   10.000     -150.1854430
    4744    2.700    1.600   20.000     -150.3915227
    4745    2.700    1.600   30.000     -150.5427571
    4746    2.700    1.600   32.460     -150.5685199
    4747    2.700    1.600   40.000     -150.6271775
    4748    2.700    1.600   50.000     -150.6770392
    4749    2.700    1.600   60.000     -150.7120999
    4750    2.700    1.600   70.000     -150.7380560
    4751    2.700    1.600   80.000     -150.7559805
    4752    2.700    1.600   90.000     -150.7665270
    4753    2.700    1.600  100.000     -150.7705021
    4754    2.700    1.600  110.000     -150.7688112
    4755    2.700    1.600  120.000     -150.7624456
    4756    2.700    1.600  130.000     -150.7525170
    4757    2.700    1.600  140.000     -150.7403079
    4758    2.700    1.600  150.000     -150.7273520
    4759    2.700    1.600  160.000     -150.7155367
    4760    2.700    1.600  170.000     -150.7075037
    4761    2.700    1.600  179.990     -150.7044002
       0    0.000    0.000    0.000        0.0000000
    4762    2.700    1.700    0.010     -149.8739599
    4763    2.700    1.700   10.000     -150.0575910
    4764    2.700    1.700   20.000     -150.3615440
    4765    2.700    1.700   30.000     -150.5570026
    4766    2.700    1.700   37.430     -150.6323292
    4767    2.700    1.700   40.000     -150.6499312
    4768    2.700    1.700   50.000     -150.6972558
    4769    2.700    1.700   60.000     -150.7290494
    4770    2.700    1.700   70.000     -150.7530066
    4771    2.700    1.700   80.000     -150.7698322
    4772    2.700    1.700   90.000     -150.7797525
    4773    2.700    1.700  100.000     -150.7833564
    4774    2.700    1.700  110.000     -150.7814480
    4775    2.700    1.700  120.000     -150.7749611
    4776    2.700    1.700  130.000     -150.7649609
    4777    2.700    1.700  140.000     -150.7526824
    4778    2.700    1.700  150.000     -150.7396123
    4779    2.700    1.700  160.000     -150.7276005
    4780    2.700    1.700  170.000     -150.7189612
    4781    2.700    1.700  179.990     -150.7161403
       0    0.000    0.000    0.000        0.0000000
    4782    2.700    1.800    0.010     -149.5659261
    4783    2.700    1.800   10.000     -149.8668019
    4784    2.700    1.800   20.000     -150.3148093
    4785    2.700    1.800   30.000     -150.5658668
    4786    2.700    1.800   40.000     -150.6673889
    4787    2.700    1.800   41.410     -150.6755424
    4788    2.700    1.800   50.000     -150.7108429
    4789    2.700    1.800   60.000     -150.7384568
    4790    2.700    1.800   70.000     -150.7600158
    4791    2.700    1.800   80.000     -150.7755989
    4792    2.700    1.800   90.000     -150.7848414
    4793    2.700    1.800  100.000     -150.7880567
    4794    2.700    1.800  110.000     -150.7859304
    4795    2.700    1.800  120.000     -150.7793317
    4796    2.700    1.800  130.000     -150.7692711
    4797    2.700    1.800  140.000     -150.7569295
    4798    2.700    1.800  150.000     -150.7437398
    4799    2.700    1.800  160.000     -150.7315134
    4800    2.700    1.800  170.000     -150.7225777
    4801    2.700    1.800  179.990     -150.7195971
       0    0.000    0.000    0.000        0.0000000
    4802    2.700    1.850    0.010     -149.3562008
    4803    2.700    1.850   10.000     -149.7428904
    4804    2.700    1.850   20.000     -150.2859561
    4805    2.700    1.850   30.000     -150.5692012
    4806    2.700    1.850   40.000     -150.6748729
    4807    2.700    1.850   43.140     -150.6912783
    4808    2.700    1.850   50.000     -150.7158905
    4809    2.700    1.850   60.000     -150.7410925
    4810    2.700    1.850   70.000     -150.7613195
    4811    2.700    1.850   80.000     -150.7762398
    4812    2.700    1.850   90.000     -150.7851311
    4813    2.700    1.850  100.000     -150.7881495
    4814    2.700    1.850  110.000     -150.7859166
    4815    2.700    1.850  120.000     -150.7792671
    4816    2.700    1.850  130.000     -150.7691820
    4817    2.700    1.850  140.000     -150.7568124
    4818    2.700    1.850  150.000     -150.7435611
    4819    2.700    1.850  160.000     -150.7312173
    4820    2.700    1.850  170.000     -150.7221295
    4821    2.700    1.850  179.990     -150.7189990
       0    0.000    0.000    0.000        0.0000000
    4822    2.700    1.900    0.010     -149.0982964
    4823    2.700    1.900   10.000     -149.5966369
    4824    2.700    1.900   20.000     -150.2539165
    4825    2.700    1.900   30.000     -150.5721876
    4826    2.700    1.900   40.000     -150.6818031
    4827    2.700    1.900   44.720     -150.7038579
    4828    2.700    1.900   50.000     -150.7200637
    4829    2.700    1.900   60.000     -150.7426568
    4830    2.700    1.900   70.000     -150.7614739
    4831    2.700    1.900   80.000     -150.7757104
    4832    2.700    1.900   90.000     -150.7842463
    4833    2.700    1.900  100.000     -150.7870681
    4834    2.700    1.900  110.000     -150.7847316
    4835    2.700    1.900  120.000     -150.7780358
    4836    2.700    1.900  130.000     -150.7679309
    4837    2.700    1.900  140.000     -150.7555363
    4838    2.700    1.900  150.000     -150.7422227
    4839    2.700    1.900  160.000     -150.7297538
    4840    2.700    1.900  170.000     -150.7205026
    4841    2.700    1.900  179.990     -150.7172258
       0    0.000    0.000    0.000        0.0000000
    4842    2.700    2.000    0.010     -148.3896750
    4843    2.700    2.000   10.000     -149.2254572
    4844    2.700    2.000   20.000     -150.1821406
    4845    2.700    2.000   30.000     -150.5780238
    4846    2.700    2.000   40.000     -150.6945516
    4847    2.700    2.000   47.550     -150.7213230
    4848    2.700    2.000   50.000     -150.7264190
    4849    2.700    2.000   60.000     -150.7432755
    4850    2.700    2.000   70.000     -150.7590738
    4851    2.700    2.000   80.000     -150.7719008
    4852    2.700    2.000   90.000     -150.7797240
    4853    2.700    2.000  100.000     -150.7821603
    4854    2.700    2.000  110.000     -150.7796290
    4855    2.700    2.000  120.000     -150.7728566
    4856    2.700    2.000  130.000     -150.7627287
    4857    2.700    2.000  140.000     -150.7502971
    4858    2.700    2.000  150.000     -150.7368590
    4859    2.700    2.000  160.000     -150.7241152
    4860    2.700    2.000  170.000     -150.7144888
    4861    2.700    2.000  179.990     -150.7112740
       0    0.000    0.000    0.000        0.0000000
    4862    2.700    2.100    0.010     -147.3015515
    4863    2.700    2.100   10.000     -148.7296465
    4864    2.700    2.100   20.000     -150.1044398
    4865    2.700    2.100   30.000     -150.5848767
    4866    2.700    2.100   40.000     -150.7063779
    4867    2.700    2.100   49.990     -150.7308648
    4868    2.700    2.100   50.000     -150.7308707
    4869    2.700    2.100   60.000     -150.7414475
    4870    2.700    2.100   70.000     -150.7540238
    4871    2.700    2.100   80.000     -150.7654198
    4872    2.700    2.100   90.000     -150.7725460
    4873    2.700    2.100  100.000     -150.7746164
    4874    2.700    2.100  110.000     -150.7719129
    4875    2.700    2.100  120.000     -150.7650897
    4876    2.700    2.100  130.000     -150.7549663
    4877    2.700    2.100  140.000     -150.7425208
    4878    2.700    2.100  150.000     -150.7289640
    4879    2.700    2.100  160.000     -150.7159098
    4880    2.700    2.100  170.000     -150.7058201
    4881    2.700    2.100  179.990     -150.7025628
       0    0.000    0.000    0.000        0.0000000
    4882    2.700    2.300    0.010     -142.7844655
    4883    2.700    2.300   10.000     -147.3190897
    4884    2.700    2.300   20.000     -149.9625405
    4885    2.700    2.300   30.000     -150.6055362
    4886    2.700    2.300   40.000     -150.7282009
    4887    2.700    2.300   50.000     -150.7361352
    4888    2.700    2.300   54.060     -150.7341700
    4889    2.700    2.300   60.000     -150.7333574
    4890    2.700    2.300   70.000     -150.7391848
    4891    2.700    2.300   80.000     -150.7478113
    4892    2.700    2.300   90.000     -150.7536724
    4893    2.700    2.300  100.000     -150.7551138
    4894    2.700    2.300  110.000     -150.7521601
    4895    2.700    2.300  120.000     -150.7453340
    4896    2.700    2.300  130.000     -150.7353265
    4897    2.700    2.300  140.000     -150.7229555
    4898    2.700    2.300  150.000     -150.7092101
    4899    2.700    2.300  160.000     -150.6954116
    4900    2.700    2.300  170.000     -150.6839386
    4901    2.700    2.300  179.990     -150.6804843
       0    0.000    0.000    0.000        0.0000000
    4902    2.700    2.500    0.010     -127.0206587
    4903    2.700    2.500   10.000     -145.6856497
    4904    2.700    2.500   20.000     -149.9029685
    4905    2.700    2.500   30.000     -150.6378666
    4906    2.700    2.500   40.000     -150.7470327
    4907    2.700    2.500   50.000     -150.7379368
    4908    2.700    2.500   57.320     -150.7250130
    4909    2.700    2.500   60.000     -150.7221643
    4910    2.700    2.500   70.000     -150.7213001
    4911    2.700    2.500   80.000     -150.7275153
    4912    2.700    2.500   90.000     -150.7324067
    4913    2.700    2.500  100.000     -150.7334234
    4914    2.700    2.500  110.000     -150.7303907
    4915    2.700    2.500  120.000     -150.7237366
    4916    2.700    2.500  130.000     -150.7140422
    4917    2.700    2.500  140.000     -150.7019611
    4918    2.700    2.500  150.000     -150.6881839
    4919    2.700    2.500  160.000     -150.6733789
    4920    2.700    2.500  170.000     -150.6580441
    4921    2.700    2.500  179.990     -150.6304454
       0    0.000    0.000    0.000        0.0000000
    4922    2.700    2.700   10.000     -145.1529727
    4923    2.700    2.700   20.000     -149.9750500
    4924    2.700    2.700   30.000     -150.6788312
    4925    2.700    2.700   40.000     -150.7612744
    4926    2.700    2.700   50.000     -150.7366588
    4927    2.700    2.700   60.000     -150.7096391
    4928    2.700    2.700   70.000     -150.7025690
    4929    2.700    2.700   80.000     -150.7069799
    4930    2.700    2.700   90.000     -150.7113427
    4931    2.700    2.700  100.000     -150.7122202
    4932    2.700    2.700  110.000     -150.7093427
    4933    2.700    2.700  120.000     -150.7031113
    4934    2.700    2.700  130.000     -150.6940484
    4935    2.700    2.700  140.000     -150.6826890
    4936    2.700    2.700  150.000     -150.6695011
    4937    2.700    2.700  160.000     -150.6547965
    4938    2.700    2.700  170.000     -150.6406772
    4939    2.700    2.700  179.990     -150.6368479
       0    0.000    0.000    0.000        0.0000000
    4940    2.700    2.850    0.010     -115.5140988
    4941    2.700    2.850   10.000     -145.9774862
    4942    2.700    2.850   20.000     -150.1023338
    4943    2.700    2.850   30.000     -150.7106218
    4944    2.700    2.850   40.000     -150.7681235
    4945    2.700    2.850   50.000     -150.7337201
    4946    2.700    2.850   60.000     -150.6999200
    4947    2.700    2.850   70.000     -150.6886591
    4948    2.700    2.850   80.000     -150.6922820
    4949    2.700    2.850   90.000     -150.6966478
    4950    2.700    2.850  100.000     -150.6976580
    4951    2.700    2.850  110.000     -150.6950965
    4952    2.700    2.850  120.000     -150.6894214
    4953    2.700    2.850  130.000     -150.6811853
    4954    2.700    2.850  140.000     -150.6709942
    4955    2.700    2.850  150.000     -150.6596554
    4956    2.700    2.850  160.000     -150.6489145
    4957    2.700    2.850  170.000     -150.6427676
    4958    2.700    2.850  179.990     -150.6415819
       0    0.000    0.000    0.000        0.0000000
    4959    2.700    3.000    0.010     -137.9121674
    4960    2.700    3.000   10.000     -147.2725362
    4961    2.700    3.000   20.000     -150.2578097
    4962    2.700    3.000   30.000     -150.7393545
    4963    2.700    3.000   40.000     -150.7713876
    4964    2.700    3.000   50.000     -150.7291860
    4965    2.700    3.000   60.000     -150.6901784
    4966    2.700    3.000   63.260     -150.6823150
    4967    2.700    3.000   68.000     -150.6760411
    4968    2.700    3.000   70.000     -150.6751165
    4969    2.700    3.000   80.000     -150.6786869
    4970    2.700    3.000   90.000     -150.6835174
    4971    2.700    3.000  100.000     -150.6848908
    4972    2.700    3.000  110.000     -150.6828538
    4973    2.700    3.000  120.000     -150.6780199
    4974    2.700    3.000  130.000     -150.6710832
    4975    2.700    3.000  140.000     -150.6629159
    4976    2.700    3.000  150.000     -150.6548498
    4977    2.700    3.000  160.000     -150.6488847
    4978    2.700    3.000  170.000     -150.6465173
    4979    2.700    3.000  179.990     -150.6459491
       0    0.000    0.000    0.000        0.0000000
    4980    2.700    3.100    0.010     -142.9519391
    4981    2.700    3.100   10.000     -148.0918280
    4982    2.700    3.100   20.000     -150.3611197
    4983    2.700    3.100   30.000     -150.7554241
    4984    2.700    3.100   40.000     -150.7715813
    4985    2.700    3.100   50.000     -150.7253635
    4986    2.700    3.100   60.000     -150.6837482
    4987    2.700    3.100   70.000     -150.6662169
    4988    2.700    3.100   80.000     -150.6705097
    4989    2.700    3.100   90.000     -150.6759476
    4990    2.700    3.100  100.000     -150.6776718
    4991    2.700    3.100  110.000     -150.6761021
    4992    2.700    3.100  120.000     -150.6720086
    4993    2.700    3.100  130.000     -150.6662133
    4994    2.700    3.100  140.000     -150.6597376
    4995    2.700    3.100  150.000     -150.6539344
    4996    2.700    3.100  160.000     -150.6502517
    4997    2.700    3.100  170.000     -150.6489794
    4998    2.700    3.100  179.990     -150.6485842
       0    0.000    0.000    0.000        0.0000000
    4999    2.700    3.200    0.010     -145.7748446
    5000    2.700    3.200   10.000     -148.7797699
    5001    2.700    3.200   20.000     -150.4560336
    5002    2.700    3.200   30.000     -150.7684186
    5003    2.700    3.200   40.000     -150.7702694
    5004    2.700    3.200   50.000     -150.7209829
    5005    2.700    3.200   60.000     -150.6774101
    5006    2.700    3.200   65.050     -150.6639673
    5007    2.700    3.200   68.000     -150.6585724
    5008    2.700    3.200   70.000     -150.6567582
    5009    2.700    3.200   80.000     -150.6634475
    5010    2.700    3.200   90.000     -150.6696090
    5011    2.700    3.200  100.000     -150.6717045
    5012    2.700    3.200  110.000     -150.6706632
    5013    2.700    3.200  120.000     -150.6674129
    5014    2.700    3.200  130.000     -150.6628684
    5015    2.700    3.200  140.000     -150.6580681
    5016    2.700    3.200  150.000     -150.6541466
    5017    2.700    3.200  160.000     -150.6519672
    5018    2.700    3.200  170.000     -150.6512426
    5019    2.700    3.200  179.990     -150.6509761
       0    0.000    0.000    0.000        0.0000000
    5020    2.700    3.300    0.010     -147.4968551
    5021    2.700    3.300   10.000     -149.3231577
    5022    2.700    3.300   20.000     -150.5385686
    5023    2.700    3.300   30.000     -150.7781066
    5024    2.700    3.300   40.000     -150.7675659
    5025    2.700    3.300   50.000     -150.7161265
    5026    2.700    3.300   60.000     -150.6711975
    5027    2.700    3.300   70.000     -150.6455069
    5028    2.700    3.300   80.000     -150.6581583
    5029    2.700    3.300   90.000     -150.6647566
    5030    2.700    3.300  100.000     -150.6671285
    5031    2.700    3.300  110.000     -150.6666073
    5032    2.700    3.300  120.000     -150.6642122
    5033    2.700    3.300  130.000     -150.6608688
    5034    2.700    3.300  140.000     -150.6575098
    5035    2.700    3.300  150.000     -150.6549843
    5036    2.700    3.300  160.000     -150.6537436
    5037    2.700    3.300  170.000     -150.6533072
    5038    2.700    3.300  179.990     -150.6531208
       0    0.000    0.000    0.000        0.0000000
    5039    2.700    3.400    0.010     -148.5950427
    5040    2.700    3.400   10.000     -149.7365646
    5041    2.700    3.400   20.000     -150.6068142
    5042    2.700    3.400   30.000     -150.7844765
    5043    2.700    3.400   40.000     -150.7636138
    5044    2.700    3.400   50.000     -150.7108851
    5045    2.700    3.400   60.000     -150.6651270
    5046    2.700    3.400   68.000     -150.6405362
    5047    2.700    3.400   70.000     -150.6428278
    5048    2.700    3.400   80.000     -150.6552317
    5049    2.700    3.400   90.000     -150.6615150
    5050    2.700    3.400  100.000     -150.6639594
    5051    2.700    3.400  110.000     -150.6638703
    5052    2.700    3.400  120.000     -150.6622383
    5053    2.700    3.400  130.000     -150.6599150
    5054    2.700    3.400  140.000     -150.6576735
    5055    2.700    3.400  150.000     -150.6561139
    5056    2.700    3.400  160.000     -150.6554284
    5057    2.700    3.400  170.000     -150.6551539
    5058    2.700    3.400  179.990     -150.6550236
       0    0.000    0.000    0.000        0.0000000
    5059    2.700    3.500    0.010     -149.3141071
    5060    2.700    3.500   10.000     -150.0434822
    5061    2.700    3.500   20.000     -150.6611313
    5062    2.700    3.500   30.000     -150.7876863
    5063    2.700    3.500   40.000     -150.7585752
    5064    2.700    3.500   50.000     -150.7053561
    5065    2.700    3.500   60.000     -150.6593255
    5066    2.700    3.500   70.000     -150.6455133
    5067    2.700    3.500   80.000     -150.6545742
    5068    2.700    3.500   90.000     -150.6597744
    5069    2.700    3.500  100.000     -150.6620553
    5070    2.700    3.500  110.000     -150.6622567
    5071    2.700    3.500  120.000     -150.6612265
    5072    2.700    3.500  130.000     -150.6596894
    5073    2.700    3.500  140.000     -150.6582541
    5074    2.700    3.500  150.000     -150.6573306
    5075    2.700    3.500  160.000     -150.6569618
    5076    2.700    3.500  170.000     -150.6567877
    5077    2.700    3.500  179.990     -150.6566964
       0    0.000    0.000    0.000        0.0000000
    5078    2.700    3.600    0.010     -149.7928196
    5079    2.700    3.600   10.000     -150.2673416
    5080    2.700    3.600   20.000     -150.7023502
    5081    2.700    3.600   30.000     -150.7880115
    5082    2.700    3.600   40.000     -150.7526225
    5083    2.700    3.600   50.000     -150.6996446
    5084    2.700    3.600   60.000     -150.6547013
    5085    2.700    3.600   67.980     -150.6466879
    5086    2.700    3.600   70.000     -150.6481392
    5087    2.700    3.600   80.000     -150.6553540
    5088    2.700    3.600   90.000     -150.6592070
    5089    2.700    3.600  100.000     -150.6611503
    5090    2.700    3.600  110.000     -150.6614983
    5091    2.700    3.600  120.000     -150.6608955
    5092    2.700    3.600  130.000     -150.6599216
    5093    2.700    3.600  140.000     -150.6590399
    5094    2.700    3.600  150.000     -150.6585217
    5095    2.700    3.600  160.000     -150.6583326
    5096    2.700    3.600  170.000     -150.6582187
    5097    2.700    3.600  179.990     -150.6581553
       0    0.000    0.000    0.000        0.0000000
    5098    2.700    3.800    0.010     -150.3322760
    5099    2.700    3.800   10.000     -150.5416258
    5100    2.700    3.800   20.000     -150.7519841
    5101    2.700    3.800   30.000     -150.7814301
    5102    2.700    3.800   40.000     -150.7386724
    5103    2.700    3.800   50.000     -150.6881342
    5104    2.700    3.800   60.000     -150.6518447
    5105    2.700    3.800   69.190     -150.6522385
    5106    2.700    3.800   70.000     -150.6526599
    5107    2.700    3.800   80.000     -150.6575227
    5108    2.700    3.800   90.000     -150.6600229
    5109    2.700    3.800  100.000     -150.6611694
    5110    2.700    3.800  110.000     -150.6615210
    5111    2.700    3.800  120.000     -150.6613661
    5112    2.700    3.800  130.000     -150.6610258
    5113    2.700    3.800  140.000     -150.6607441
    5114    2.700    3.800  150.000     -150.6606194
    5115    2.700    3.800  160.000     -150.6605820
    5116    2.700    3.800  170.000     -150.6605342
    5117    2.700    3.800  179.990     -150.6605060
       0    0.000    0.000    0.000        0.0000000
    5118    2.700    4.000    0.010     -150.5768503
    5119    2.700    4.000   10.000     -150.6724880
    5120    2.700    4.000   20.000     -150.7694888
    5121    2.700    4.000   30.000     -150.7677586
    5122    2.700    4.000   40.000     -150.7231183
    5123    2.700    4.000   50.000     -150.6773855
    5124    2.700    4.000   60.000     -150.6538943
    5125    2.700    4.000   70.000     -150.6561992
    5126    2.700    4.000   70.280     -150.6563047
    5127    2.700    4.000   80.000     -150.6596204
    5128    2.700    4.000   90.000     -150.6615296
    5129    2.700    4.000  100.000     -150.6621775
    5130    2.700    4.000  110.000     -150.6624011
    5131    2.700    4.000  120.000     -150.6623890
    5132    2.700    4.000  130.000     -150.6623011
    5133    2.700    4.000  140.000     -150.6622442
    5134    2.700    4.000  150.000     -150.6622445
    5135    2.700    4.000  160.000     -150.6622502
    5136    2.700    4.000  170.000     -150.6622401
    5137    2.700    4.000  179.990     -150.6622293
       0    0.000    0.000    0.000        0.0000000
    5138    2.700    4.500    0.010     -150.7196417
    5139    2.700    4.500   10.000     -150.7348690
    5140    2.700    4.500   20.000     -150.7428593
    5141    2.700    4.500   30.000     -150.7201133
    5142    2.700    4.500   40.000     -150.6853263
    5143    2.700    4.500   50.000     -150.6615081
    5144    2.700    4.500   60.000     -150.6598633
    5145    2.700    4.500   70.000     -150.6617926
    5146    2.700    4.500   72.540     -150.6622496
    5147    2.700    4.500   80.000     -150.6633242
    5148    2.700    4.500   90.000     -150.6641661
    5149    2.700    4.500  100.000     -150.6644582
    5150    2.700    4.500  110.000     -150.6645322
    5151    2.700    4.500  120.000     -150.6645507
    5152    2.700    4.500  130.000     -150.6645679
    5153    2.700    4.500  140.000     -150.6645965
    5154    2.700    4.500  150.000     -150.6646308
    5155    2.700    4.500  160.000     -150.6646552
    5156    2.700    4.500  170.000     -150.6646709
    5157    2.700    4.500  179.990     -150.6646746
       0    0.000    0.000    0.000        0.0000000
    5158    2.700    5.000    0.010     -150.6804888
    5159    2.700    5.000   10.000     -150.6875973
    5160    2.700    5.000   20.000     -150.6897472
    5161    2.700    5.000   30.000     -150.6770645
    5162    2.700    5.000   40.000     -150.6637840
    5163    2.700    5.000   50.000     -150.6612842
    5164    2.700    5.000   60.000     -150.6632846
    5165    2.700    5.000   70.000     -150.6644157
    5166    2.700    5.000   74.340     -150.6647510
    5167    2.700    5.000   80.000     -150.6650726
    5168    2.700    5.000   90.000     -150.6653972
    5169    2.700    5.000  100.000     -150.6655126
    5170    2.700    5.000  110.000     -150.6655401
    5171    2.700    5.000  120.000     -150.6655459
    5172    2.700    5.000  130.000     -150.6655567
    5173    2.700    5.000  140.000     -150.6655753
    5174    2.700    5.000  150.000     -150.6655948
    5175    2.700    5.000  160.000     -150.6656159
    5176    2.700    5.000  170.000     -150.6656298
    5177    2.700    5.000  179.990     -150.6656346
       0    0.000    0.000    0.000        0.0000000
    5178    2.700    6.000    0.010     -150.6531208
    5179    2.700    6.000   10.000     -150.6549202
    5180    2.700    6.000   20.000     -150.6585627
    5181    2.700    6.000   30.000     -150.6616938
    5182    2.700    6.000   40.000     -150.6638315
    5183    2.700    6.000   50.000     -150.6651102
    5184    2.700    6.000   60.000     -150.6656884
    5185    2.700    6.000   70.000     -150.6659115
    5186    2.700    6.000   77.000     -150.6659745
    5187    2.700    6.000   80.000     -150.6659871
    5188    2.700    6.000   90.000     -150.6660073
    5189    2.700    6.000  100.000     -150.6660044
    5190    2.700    6.000  110.000     -150.6659962
    5191    2.700    6.000  120.000     -150.6659903
    5192    2.700    6.000  130.000     -150.6659893
    5193    2.700    6.000  140.000     -150.6659932
    5194    2.700    6.000  150.000     -150.6660006
    5195    2.700    6.000  160.000     -150.6660099
    5196    2.700    6.000  170.000     -150.6660174
    5197    2.700    6.000  179.990     -150.6660203
       0    0.000    0.000    0.000        0.0000000
    5198    2.700    7.000    0.010     -150.6639445
    5199    2.700    7.000   10.000     -150.6642089
    5200    2.700    7.000   20.000     -150.6647889
    5201    2.700    7.000   30.000     -150.6653641
    5202    2.700    7.000   40.000     -150.6657590
    5203    2.700    7.000   50.000     -150.6659519
    5204    2.700    7.000   60.000     -150.6660111
    5205    2.700    7.000   70.000     -150.6660092
    5206    2.700    7.000   78.880     -150.6659942
    5207    2.700    7.000   80.000     -150.6659924
    5208    2.700    7.000   90.000     -150.6659781
    5209    2.700    7.000  100.000     -150.6659685
    5210    2.700    7.000  110.000     -150.6659617
    5211    2.700    7.000  120.000     -150.6659566
    5212    2.700    7.000  130.000     -150.6659529
    5213    2.700    7.000  140.000     -150.6659519
    5214    2.700    7.000  150.000     -150.6659544
    5215    2.700    7.000  160.000     -150.6659598
    5216    2.700    7.000  170.000     -150.6659651
    5217    2.700    7.000  179.990     -150.6659673
       0    0.000    0.000    0.000        0.0000000
    5218    2.700    8.000    0.010     -150.6658709
    5219    2.700    8.000   10.000     -150.6658924
    5220    2.700    8.000   20.000     -150.6659390
    5221    2.700    8.000   30.000     -150.6659793
    5222    2.700    8.000   40.000     -150.6659944
    5223    2.700    8.000   50.000     -150.6659860
    5224    2.700    8.000   60.000     -150.6659646
    5225    2.700    8.000   70.000     -150.6659429
    5226    2.700    8.000   80.280     -150.6659266
    5227    2.700    8.000   90.000     -150.6659168
    5228    2.700    8.000  100.000     -150.6659106
    5229    2.700    8.000  110.000     -150.6659066
    5230    2.700    8.000  120.000     -150.6659035
    5231    2.700    8.000  130.000     -150.6659013
    5232    2.700    8.000  140.000     -150.6659005
    5233    2.700    8.000  150.000     -150.6659016
    5234    2.700    8.000  160.000     -150.6659043
    5235    2.700    8.000  170.000     -150.6659070
    5236    2.700    8.000  179.990     -150.6659082
       0    0.000    0.000    0.000        0.0000000
    5237    2.700   10.000    0.010     -150.6659471
    5238    2.700   10.000   10.000     -150.6659402
    5239    2.700   10.000   20.000     -150.6659248
    5240    2.700   10.000   30.000     -150.6659095
    5241    2.700   10.000   40.000     -150.6658971
    5242    2.700   10.000   50.000     -150.6658858
    5243    2.700   10.000   60.000     -150.6658758
    5244    2.700   10.000   70.000     -150.6658680
    5245    2.700   10.000   90.000     -150.6658596
    5246    2.700   10.000  100.000     -150.6658577
    5247    2.700   10.000  110.000     -150.6658566
    5248    2.700   10.000  120.000     -150.6658559
    5249    2.700   10.000  130.000     -150.6658556
    5250    2.700   10.000  140.000     -150.6658556
    5251    2.700   10.000  150.000     -150.6658557
    5252    2.700   10.000  160.000     -150.6658560
    5253    2.700   10.000  170.000     -150.6658563
    5254    2.700   10.000  179.990     -150.6658564
       0    0.000    0.000    0.000        0.0000000
    5255    2.700   12.000    0.010     -150.6658659
    5256    2.700   12.000   20.000     -150.6658618
    5257    2.700   12.000   30.000     -150.6658583
    5258    2.700   12.000   40.000     -150.6658547
    5259    2.700   12.000   50.000     -150.6658514
    5260    2.700   12.000   60.000     -150.6658486
    5261    2.700   12.000   70.000     -150.6658465
    5262    2.700   12.000   90.000     -150.6658442
    5263    2.700   12.000  100.000     -150.6658436
    5264    2.700   12.000  110.000     -150.6658434
    5265    2.700   12.000  120.000     -150.6658434
    5266    2.700   12.000  130.000     -150.6658435
    5267    2.700   12.000  140.000     -150.6658438
    5268    2.700   12.000  150.000     -150.6658442
    5269    2.700   12.000  160.000     -150.6658445
    5270    2.700   12.000  170.000     -150.6658448
    5271    2.700   12.000  179.990     -150.6658449
       0    0.000    0.000    0.000        0.0000000
    5272    2.700   15.000    0.010     -150.6658438
    5273    2.700   15.000   10.000     -150.6658435
    5274    2.700   15.000   20.000     -150.6658428
    5275    2.700   15.000   40.000     -150.6658410
    5276    2.700   15.000   50.000     -150.6658398
    5277    2.700   15.000   60.000     -150.6658396
    5278    2.700   15.000   70.000     -150.6658392
    5279    2.700   15.000   90.000     -150.6658388
    5280    2.700   15.000  100.000     -150.6658387
    5281    2.700   15.000  110.000     -150.6658386
    5282    2.700   15.000  120.000     -150.6658386
    5283    2.700   15.000  130.000     -150.6658387
    5284    2.700   15.000  140.000     -150.6658387
    5285    2.700   15.000  150.000     -150.6658388
    5286    2.700   15.000  160.000     -150.6658389
    5287    2.700   15.000  170.000     -150.6658389
    5288    2.700   15.000  179.990     -150.6658389
       0    0.000    0.000    0.000        0.0000000
    5289    2.800    1.200    0.010     -150.2365456
    5290    2.800    1.200   10.000     -150.2550410
    5291    2.800    1.200   20.000     -150.2996120
    5292    2.800    1.200   30.000     -150.3527099
    5293    2.800    1.200   40.000     -150.4035244
    5294    2.800    1.200   50.000     -150.4472143
    5295    2.800    1.200   60.000     -150.4820786
    5296    2.800    1.200   70.000     -150.5079954
    5297    2.800    1.200   80.000     -150.5256218
    5298    2.800    1.200   90.000     -150.5356097
    5299    2.800    1.200  100.000     -150.5392653
    5300    2.800    1.200  110.000     -150.5371823
    5301    2.800    1.200  120.000     -150.5304451
    5302    2.800    1.200  130.000     -150.5201389
    5303    2.800    1.200  140.000     -150.5075432
    5304    2.800    1.200  150.000     -150.4942130
    5305    2.800    1.200  160.000     -150.4820599
    5306    2.800    1.200  170.000     -150.4733330
    5307    2.800    1.200  179.990     -150.4701252
       0    0.000    0.000    0.000        0.0000000
    5308    2.800    1.400    0.010     -150.3296142
    5309    2.800    1.400   10.000     -150.3632915
    5310    2.800    1.400   20.000     -150.4364022
    5311    2.800    1.400   30.000     -150.5089095
    5312    2.800    1.400   40.000     -150.5670705
    5313    2.800    1.400   50.000     -150.6122743
    5314    2.800    1.400   60.000     -150.6469895
    5315    2.800    1.400   70.000     -150.6724238
    5316    2.800    1.400   80.000     -150.6894882
    5317    2.800    1.400   90.000     -150.6991448
    5318    2.800    1.400  100.000     -150.7023431
    5319    2.800    1.400  110.000     -150.7000062
    5320    2.800    1.400  120.000     -150.6930849
    5321    2.800    1.400  130.000     -150.6826337
    5322    2.800    1.400  140.000     -150.6698923
    5323    2.800    1.400  150.000     -150.6563991
    5324    2.800    1.400  160.000     -150.6444915
    5325    2.800    1.400  170.000     -150.6356251
    5326    2.800    1.400  179.990     -150.6323530
       0    0.000    0.000    0.000        0.0000000
    5327    2.800    1.600    0.010     -150.2365456
    5328    2.800    1.600   10.000     -150.3150323
    5329    2.800    1.600   20.000     -150.4613786
    5330    2.800    1.600   28.960     -150.5648068
    5331    2.800    1.600   30.000     -150.5741826
    5332    2.800    1.600   40.000     -150.6419390
    5333    2.800    1.600   50.000     -150.6853788
    5334    2.800    1.600   60.000     -150.7171399
    5335    2.800    1.600   70.000     -150.7405596
    5336    2.800    1.600   80.000     -150.7563800
    5337    2.800    1.600   90.000     -150.7652593
    5338    2.800    1.600  100.000     -150.7679685
    5339    2.800    1.600  110.000     -150.7653327
    5340    2.800    1.600  120.000     -150.7582390
    5341    2.800    1.600  130.000     -150.7476839
    5342    2.800    1.600  140.000     -150.7348386
    5343    2.800    1.600  150.000     -150.7211530
    5344    2.800    1.600  160.000     -150.7085075
    5345    2.800    1.600  170.000     -150.6998046
    5346    2.800    1.600  179.990     -150.6964077
       0    0.000    0.000    0.000        0.0000000
    5347    2.800    1.700    0.010     -150.1078939
    5348    2.800    1.700   10.000     -150.2326421
    5349    2.800    1.700   20.000     -150.4458559
    5350    2.800    1.700   30.000     -150.5899690
    5351    2.800    1.700   34.560     -150.6296656
    5352    2.800    1.700   40.000     -150.6632602
    5353    2.800    1.700   50.000     -150.7042148
    5354    2.800    1.700   60.000     -150.7332819
    5355    2.800    1.700   70.000     -150.7551054
    5356    2.800    1.700   80.000     -150.7700506
    5357    2.800    1.700   90.000     -150.7784310
    5358    2.800    1.700  100.000     -150.7808486
    5359    2.800    1.700  110.000     -150.7780493
    5360    2.800    1.700  120.000     -150.7708741
    5361    2.800    1.700  130.000     -150.7602796
    5362    2.800    1.700  140.000     -150.7473944
    5363    2.800    1.700  150.000     -150.7336220
    5364    2.800    1.700  160.000     -150.7207976
    5365    2.800    1.700  170.000     -150.7114025
    5366    2.800    1.700  179.990     -150.7083730
       0    0.000    0.000    0.000        0.0000000
    5367    2.800    1.800    0.010     -149.9026141
    5368    2.800    1.800   10.000     -150.1036507
    5369    2.800    1.800   20.000     -150.4155113
    5370    2.800    1.800   30.000     -150.5999843
    5371    2.800    1.800   38.940     -150.6734866
    5372    2.800    1.800   40.000     -150.6790102
    5373    2.800    1.800   50.000     -150.7162863
    5374    2.800    1.800   60.000     -150.7418281
    5375    2.800    1.800   70.000     -150.7616917
    5376    2.800    1.800   80.000     -150.7756257
    5377    2.800    1.800   90.000     -150.7834557
    5378    2.800    1.800  100.000     -150.7855635
    5379    2.800    1.800  110.000     -150.7826001
    5380    2.800    1.800  120.000     -150.7753527
    5381    2.800    1.800  130.000     -150.7647309
    5382    2.800    1.800  140.000     -150.7518149
    5383    2.800    1.800  150.000     -150.7379550
    5384    2.800    1.800  160.000     -150.7249378
    5385    2.800    1.800  170.000     -150.7152415
    5386    2.800    1.800  179.990     -150.7120653
       0    0.000    0.000    0.000        0.0000000
    5387    2.800    1.850    0.010     -149.7621691
    5388    2.800    1.850   10.000     -150.0183498
    5389    2.800    1.850   20.000     -150.3953697
    5390    2.800    1.850   30.000     -150.6036914
    5391    2.800    1.850   40.000     -150.6855596
    5392    2.800    1.850   40.820     -150.6894328
    5393    2.800    1.850   50.000     -150.7205457
    5394    2.800    1.850   60.000     -150.7440231
    5395    2.800    1.850   70.000     -150.7627822
    5396    2.800    1.850   80.000     -150.7761693
    5397    2.800    1.850   90.000     -150.7837103
    5398    2.800    1.850  100.000     -150.7856596
    5399    2.800    1.850  110.000     -150.7826159
    5400    2.800    1.850  120.000     -150.7753372
    5401    2.800    1.850  130.000     -150.7647076
    5402    2.800    1.850  140.000     -150.7517805
    5403    2.800    1.850  150.000     -150.7378770
    5404    2.800    1.850  160.000     -150.7247556
    5405    2.800    1.850  170.000     -150.7149027
    5406    2.800    1.850  179.990     -150.7115682
       0    0.000    0.000    0.000        0.0000000
    5407    2.800    1.900    0.010     -149.5896104
    5408    2.800    1.900   10.000     -149.9167700
    5409    2.800    1.900   20.000     -150.3721948
    5410    2.800    1.900   30.000     -150.6068842
    5411    2.800    1.900   40.000     -150.6915163
    5412    2.800    1.900   42.540     -150.7021812
    5413    2.800    1.900   50.000     -150.7239222
    5414    2.800    1.900   60.000     -150.7451454
    5415    2.800    1.900   70.000     -150.7627250
    5416    2.800    1.900   80.000     -150.7755428
    5417    2.800    1.900   90.000     -150.7827888
    5418    2.800    1.900  100.000     -150.7845789
    5419    2.800    1.900  110.000     -150.7814572
    5420    2.800    1.900  120.000     -150.7741513
    5421    2.800    1.900  130.000     -150.7635186
    5422    2.800    1.900  140.000     -150.7505838
    5423    2.800    1.900  150.000     -150.7366373
    5424    2.800    1.900  160.000     -150.7234061
    5425    2.800    1.900  170.000     -150.7133850
    5426    2.800    1.900  179.990     -150.7098843
       0    0.000    0.000    0.000        0.0000000
    5427    2.800    2.000    0.010     -149.1184359
    5428    2.800    2.000   10.000     -149.6556472
    5429    2.800    2.000   20.000     -150.3177259
    5430    2.800    2.000   30.000     -150.6125365
    5431    2.800    2.000   40.000     -150.7022503
    5432    2.800    2.000   45.570     -150.7198980
    5433    2.800    2.000   50.000     -150.7286934
    5434    2.800    2.000   60.000     -150.7448909
    5435    2.800    2.000   70.000     -150.7599130
    5436    2.800    2.000   80.000     -150.7715424
    5437    2.800    2.000   90.000     -150.7781894
    5438    2.800    2.000  100.000     -150.7796642
    5439    2.800    2.000  110.000     -150.7763962
    5440    2.800    2.000  120.000     -150.7690504
    5441    2.800    2.000  130.000     -150.7584275
    5442    2.800    2.000  140.000     -150.7454919
    5443    2.800    2.000  150.000     -150.7314632
    5444    2.800    2.000  160.000     -150.7179941
    5445    2.800    2.000  170.000     -150.7075896
    5446    2.800    2.000  179.990     -150.7041182
       0    0.000    0.000    0.000        0.0000000
    5447    2.800    2.100    0.010     -148.4173473
    5448    2.800    2.100   10.000     -149.2998561
    5449    2.800    2.100   20.000     -150.2547594
    5450    2.800    2.100   30.000     -150.6182591
    5451    2.800    2.100   40.000     -150.7120521
    5452    2.800    2.100   48.190     -150.7296202
    5453    2.800    2.100   50.000     -150.7316307
    5454    2.800    2.100   60.000     -150.7422265
    5455    2.800    2.100   70.000     -150.7544763
    5456    2.800    2.100   80.000     -150.7648794
    5457    2.800    2.100   90.000     -150.7709303
    5458    2.800    2.100  100.000     -150.7721019
    5459    2.800    2.100  110.000     -150.7687057
    5460    2.800    2.100  120.000     -150.7613427
    5461    2.800    2.100  130.000     -150.7507555
    5462    2.800    2.100  140.000     -150.7378429
    5463    2.800    2.100  150.000     -150.7237432
    5464    2.800    2.100  160.000     -150.7100116
    5465    2.800    2.100  170.000     -150.6991402
    5466    2.800    2.100  179.990     -150.6956194
       0    0.000    0.000    0.000        0.0000000
    5467    2.800    2.300    0.010     -145.6281842
    5468    2.800    2.300   10.000     -148.2290994
    5469    2.800    2.300   20.000     -150.1225685
    5470    2.800    2.300   30.000     -150.6334501
    5471    2.800    2.300   40.000     -150.7301149
    5472    2.800    2.300   50.000     -150.7342969
    5473    2.800    2.300   52.500     -150.7331856
    5474    2.800    2.300   60.000     -150.7326598
    5475    2.800    2.300   70.000     -150.7389754
    5476    2.800    2.300   80.000     -150.7469460
    5477    2.800    2.300   90.000     -150.7518827
    5478    2.800    2.300  100.000     -150.7525202
    5479    2.800    2.300  110.000     -150.7489429
    5480    2.800    2.300  120.000     -150.7416317
    5481    2.800    2.300  130.000     -150.7312138
    5482    2.800    2.300  140.000     -150.7184483
    5483    2.800    2.300  150.000     -150.7042743
    5484    2.800    2.300  160.000     -150.6899527
    5485    2.800    2.300  170.000     -150.6777350
    5486    2.800    2.300  179.990     -150.6739669
       0    0.000    0.000    0.000        0.0000000
    5487    2.800    2.500    0.010     -137.7963398
    5488    2.800    2.500   10.000     -146.7355909
    5489    2.800    2.500   20.000     -150.0312600
    5490    2.800    2.500   30.000     -150.6568087
    5491    2.800    2.500   40.000     -150.7459389
    5492    2.800    2.500   50.000     -150.7342836
    5493    2.800    2.500   55.940     -150.7242388
    5494    2.800    2.500   60.000     -150.7203377
    5495    2.800    2.500   70.000     -150.7206130
    5496    2.800    2.500   80.000     -150.7263824
    5497    2.800    2.500   90.000     -150.7304124
    5498    2.800    2.500  100.000     -150.7306685
    5499    2.800    2.500  110.000     -150.7270474
    5500    2.800    2.500  120.000     -150.7199363
    5501    2.800    2.500  130.000     -150.7098636
    5502    2.800    2.500  140.000     -150.6974484
    5503    2.800    2.500  150.000     -150.6833875
    5504    2.800    2.500  160.000     -150.6684235
    5505    2.800    2.500  170.000     -150.6533175
    5506    2.800    2.500  179.990     -150.6268000
       0    0.000    0.000    0.000        0.0000000
    5507    2.800    2.700    0.010      -90.9831374
    5508    2.800    2.700   10.000     -145.5893818
    5509    2.800    2.700   20.000     -150.0384255
    5510    2.800    2.700   30.000     -150.6879637
    5511    2.800    2.700   40.000     -150.7581665
    5512    2.800    2.700   50.000     -150.7319967
    5513    2.800    2.700   58.770     -150.7090687
    5514    2.800    2.700   60.000     -150.7070571
    5515    2.800    2.700   70.000     -150.7016046
    5516    2.800    2.700   80.000     -150.7056174
    5517    2.800    2.700   90.000     -150.7090645
    5518    2.800    2.700  100.000     -150.7091570
    5519    2.800    2.700  110.000     -150.7056796
    5520    2.800    2.700  120.000     -150.6989764
    5521    2.800    2.700  130.000     -150.6895166
    5522    2.800    2.700  140.000     -150.6778175
    5523    2.800    2.700  150.000     -150.6643874
    5524    2.800    2.700  160.000     -150.6495650
    5525    2.800    2.700  170.000     -150.6344351
    5526    2.800    2.700  179.990     -150.6295885
       0    0.000    0.000    0.000        0.0000000
    5527    2.800    2.850    0.010      -13.3543953
    5528    2.800    2.850   10.000     -145.7271749
    5529    2.800    2.850   20.000     -150.1165497
    5530    2.800    2.850   30.000     -150.7136508
    5531    2.800    2.850   40.000     -150.7641842
    5532    2.800    2.850   50.000     -150.7287432
    5533    2.800    2.850   60.000     -150.6969940
    5534    2.800    2.850   70.000     -150.6876254
    5535    2.800    2.850   80.000     -150.6907402
    5536    2.800    2.850   90.000     -150.6940381
    5537    2.800    2.850  100.000     -150.6941906
    5538    2.800    2.850  110.000     -150.6909803
    5539    2.800    2.850  120.000     -150.6847737
    5540    2.800    2.850  130.000     -150.6760476
    5541    2.800    2.850  140.000     -150.6653450
    5542    2.800    2.850  150.000     -150.6533490
    5543    2.800    2.850  160.000     -150.6414785
    5544    2.800    2.850  170.000     -150.6338841
    5545    2.800    2.850  179.990     -150.6325585
       0    0.000    0.000    0.000        0.0000000
    5546    2.800    3.000    0.010     -127.0745913
    5547    2.800    3.000   10.000     -146.6843458
    5548    2.800    3.000   20.000     -150.2372393
    5549    2.800    3.000   30.000     -150.7381827
    5550    2.800    3.000   40.000     -150.7671394
    5551    2.800    3.000   50.000     -150.7241746
    5552    2.800    3.000   60.000     -150.6870663
    5553    2.800    3.000   62.180     -150.6820854
    5554    2.800    3.000   70.000     -150.6741732
    5555    2.800    3.000   80.000     -150.6768914
    5556    2.800    3.000   90.000     -150.6803620
    5557    2.800    3.000  100.000     -150.6807597
    5558    2.800    3.000  110.000     -150.6779854
    5559    2.800    3.000  120.000     -150.6724965
    5560    2.800    3.000  130.000     -150.6648615
    5561    2.800    3.000  140.000     -150.6558202
    5562    2.800    3.000  150.000     -150.6465906
    5563    2.800    3.000  160.000     -150.6393371
    5564    2.800    3.000  170.000     -150.6362946
    5565    2.800    3.000  179.990     -150.6357380
       0    0.000    0.000    0.000        0.0000000
    5566    2.800    3.100    0.010     -137.9022283
    5567    2.800    3.100   10.000     -147.4832864
    5568    2.800    3.100   15.000     -149.5158769
    5569    2.800    3.100   17.000     -149.9320826
    5570    2.800    3.100   20.000     -150.3274018
    5571    2.800    3.100   30.000     -150.7525737
    5572    2.800    3.100   40.000     -150.7673668
    5573    2.800    3.100   50.000     -150.7204396
    5574    2.800    3.100   60.000     -150.6805835
    5575    2.800    3.100   70.000     -150.6655396
    5576    2.800    3.100   80.000     -150.6684003
    5577    2.800    3.100   90.000     -150.6722048
    5578    2.800    3.100  100.000     -150.6728743
    5579    2.800    3.100  110.000     -150.6704958
    5580    2.800    3.100  120.000     -150.6656375
    5581    2.800    3.100  130.000     -150.6589788
    5582    2.800    3.100  140.000     -150.6514444
    5583    2.800    3.100  150.000     -150.6444470
    5584    2.800    3.100  160.000     -150.6397675
    5585    2.800    3.100  170.000     -150.6381928
    5586    2.800    3.100  179.990     -150.6378071
       0    0.000    0.000    0.000        0.0000000
    5587    2.800    3.200    0.010     -142.9420579
    5588    2.800    3.200   10.000     -148.2365128
    5589    2.800    3.200   20.000     -150.4162639
    5590    2.800    3.200   30.000     -150.7646917
    5591    2.800    3.200   40.000     -150.7662373
    5592    2.800    3.200   50.000     -150.7162049
    5593    2.800    3.200   60.000     -150.6742358
    5594    2.800    3.200   64.060     -150.6640118
    5595    2.800    3.200   70.000     -150.6571030
    5596    2.800    3.200   80.000     -150.6606651
    5597    2.800    3.200   90.000     -150.6649915
    5598    2.800    3.200  100.000     -150.6660042
    5599    2.800    3.200  110.000     -150.6641054
    5600    2.800    3.200  120.000     -150.6600042
    5601    2.800    3.200  130.000     -150.6544996
    5602    2.800    3.200  140.000     -150.6486265
    5603    2.800    3.200  150.000     -150.6436944
    5604    2.800    3.200  160.000     -150.6408474
    5605    2.800    3.200  170.000     -150.6400115
    5606    2.800    3.200  179.990     -150.6397652
       0    0.000    0.000    0.000        0.0000000
    5607    2.800    3.300    0.010     -145.7650842
    5608    2.800    3.300   10.000     -148.8757720
    5609    2.800    3.300   20.000     -150.4981466
    5610    2.800    3.300   30.000     -150.7741616
    5611    2.800    3.300   40.000     -150.7638260
    5612    2.800    3.300   50.000     -150.7115288
    5613    2.800    3.300   60.000     -150.6680441
    5614    2.800    3.300   64.900     -150.6553627
    5615    2.800    3.300   70.000     -150.6484311
    5616    2.800    3.300   80.000     -150.6539590
    5617    2.800    3.300   90.000     -150.6589107
    5618    2.800    3.300  100.000     -150.6602939
    5619    2.800    3.300  110.000     -150.6589331
    5620    2.800    3.300  120.000     -150.6556765
    5621    2.800    3.300  130.000     -150.6514003
    5622    2.800    3.300  140.000     -150.6471117
    5623    2.800    3.300  150.000     -150.6438339
    5624    2.800    3.300  160.000     -150.6421870
    5625    2.800    3.300  170.000     -150.6417433
    5626    2.800    3.300  179.990     -150.6415747
       0    0.000    0.000    0.000        0.0000000
    5627    2.800    3.400    0.010     -147.4871797
    5628    2.800    3.400   10.000     -149.3853015
    5629    2.800    3.400   20.000     -150.5693415
    5630    2.800    3.400   30.000     -150.7808091
    5631    2.800    3.400   40.000     -150.7602386
    5632    2.800    3.400   50.000     -150.7064806
    5633    2.800    3.400   60.000     -150.6620414
    5634    2.800    3.400   65.680     -150.6470895
    5635    2.800    3.400   70.000     -150.6386878
    5636    2.800    3.400   80.000     -150.6487706
    5637    2.800    3.400   90.000     -150.6541656
    5638    2.800    3.400  100.000     -150.6558570
    5639    2.800    3.400  110.000     -150.6550326
    5640    2.800    3.400  120.000     -150.6526259
    5641    2.800    3.400  130.000     -150.6495082
    5642    2.800    3.400  140.000     -150.6465496
    5643    2.800    3.400  150.000     -150.6444764
    5644    2.800    3.400  160.000     -150.6435694
    5645    2.800    3.400  170.000     -150.6433335
    5646    2.800    3.400  179.990     -150.6432175
       0    0.000    0.000    0.000        0.0000000
    5647    2.800    3.500    0.010     -148.5854510
    5648    2.800    3.500   10.000     -149.7758188
    5649    2.800    3.500   20.000     -150.6286429
    5650    2.800    3.500   30.000     -150.7846345
    5651    2.800    3.500   40.000     -150.7556029
    5652    2.800    3.500   50.000     -150.7011369
    5653    2.800    3.500   60.000     -150.6562596
    5654    2.800    3.500   66.420     -150.6303477
    5655    2.800    3.500   70.000     -150.6341923
    5656    2.800    3.500   80.000     -150.6455888
    5657    2.800    3.500   90.000     -150.6508693
    5658    2.800    3.500  100.000     -150.6527094
    5659    2.800    3.500  110.000     -150.6523475
    5660    2.800    3.500  120.000     -150.6506985
    5661    2.800    3.500  130.000     -150.6485524
    5662    2.800    3.500  140.000     -150.6466073
    5663    2.800    3.500  150.000     -150.6453546
    5664    2.800    3.500  160.000     -150.6448855
    5665    2.800    3.500  170.000     -150.6447651
    5666    2.800    3.500  179.990     -150.6446872
       0    0.000    0.000    0.000        0.0000000
    5667    2.800    3.600    0.010     -149.3046243
    5668    2.800    3.600   10.000     -150.0674535
    5669    2.800    3.600   20.000     -150.6757090
    5670    2.800    3.600   30.000     -150.7857749
    5671    2.800    3.600   40.000     -150.7500608
    5672    2.800    3.600   50.000     -150.6955802
    5673    2.800    3.600   60.000     -150.6508058
    5674    2.800    3.600   67.110     -150.6338403
    5675    2.800    3.600   70.000     -150.6361379
    5676    2.800    3.600   80.000     -150.6444134
    5677    2.800    3.600   90.000     -150.6489452
    5678    2.800    3.600  100.000     -150.6507335
    5679    2.800    3.600  110.000     -150.6507045
    5680    2.800    3.600  120.000     -150.6496551
    5681    2.800    3.600  130.000     -150.6482505
    5682    2.800    3.600  140.000     -150.6470268
    5683    2.800    3.600  150.000     -150.6463122
    5684    2.800    3.600  160.000     -150.6460990
    5685    2.800    3.600  170.000     -150.6460382
    5686    2.800    3.600  179.990     -150.6459864
       0    0.000    0.000    0.000        0.0000000
    5687    2.800    3.800    0.010     -150.1055743
    5688    2.800    3.800   10.000     -150.4351526
    5689    2.800    3.800   20.000     -150.7367509
    5690    2.800    3.800   30.000     -150.7809978
    5691    2.800    3.800   40.000     -150.7368557
    5692    2.800    3.800   50.000     -150.6841897
    5693    2.800    3.800   60.000     -150.6433991
    5694    2.800    3.800   68.380     -150.6393910
    5695    2.800    3.800   70.000     -150.6402716
    5696    2.800    3.800   80.000     -150.6455476
    5697    2.800    3.800   90.000     -150.6480520
    5698    2.800    3.800  100.000     -150.6493284
    5699    2.800    3.800  110.000     -150.6495737
    5700    2.800    3.800  120.000     -150.6492353
    5701    2.800    3.800  130.000     -150.6487152
    5702    2.800    3.800  140.000     -150.6483061
    5703    2.800    3.800  150.000     -150.6481405
    5704    2.800    3.800  160.000     -150.6481391
    5705    2.800    3.800  170.000     -150.6481293
    5706    2.800    3.800  179.990     -150.6481102
       0    0.000    0.000    0.000        0.0000000
    5707    2.800    4.000    0.010     -150.4701255
    5708    2.800    4.000   10.000     -150.6195310
    5709    2.800    4.000   20.000     -150.7631846
    5710    2.800    4.000   30.000     -150.7689051
    5711    2.800    4.000   40.000     -150.7218140
    5712    2.800    4.000   50.000     -150.6730920
    5713    2.800    4.000   60.000     -150.6424832
    5714    2.800    4.000   69.510     -150.6434507
    5715    2.800    4.000   70.000     -150.6436434
    5716    2.800    4.000   80.000     -150.6472806
    5717    2.800    4.000   90.000     -150.6489670
    5718    2.800    4.000  100.000     -150.6496814
    5719    2.800    4.000  110.000     -150.6499052
    5720    2.800    4.000  120.000     -150.6498390
    5721    2.800    4.000  130.000     -150.6496936
    5722    2.800    4.000  140.000     -150.6496097
    5723    2.800    4.000  150.000     -150.6496296
    5724    2.800    4.000  160.000     -150.6496764
    5725    2.800    4.000  170.000     -150.6496922
    5726    2.800    4.000  179.990     -150.6496882
       0    0.000    0.000    0.000        0.0000000
    5727    2.800    4.500    0.010     -150.7083732
    5728    2.800    4.500   10.000     -150.7320594
    5729    2.800    4.500   20.000     -150.7472504
    5730    2.800    4.500   30.000     -150.7228201
    5731    2.800    4.500   40.000     -150.6833540
    5732    2.800    4.500   50.000     -150.6528615
    5733    2.800    4.500   60.000     -150.6473034
    5734    2.800    4.500   70.000     -150.6490503
    5735    2.800    4.500   71.870     -150.6493862
    5736    2.800    4.500   80.000     -150.6506181
    5737    2.800    4.500   90.000     -150.6514253
    5738    2.800    4.500  100.000     -150.6516643
    5739    2.800    4.500  110.000     -150.6517251
    5740    2.800    4.500  120.000     -150.6517469
    5741    2.800    4.500  130.000     -150.6517765
    5742    2.800    4.500  140.000     -150.6518210
    5743    2.800    4.500  150.000     -150.6518790
    5744    2.800    4.500  160.000     -150.6519221
    5745    2.800    4.500  170.000     -150.6519452
    5746    2.800    4.500  179.990     -150.6519522
       0    0.000    0.000    0.000        0.0000000
    5747    2.800    5.000    0.010     -150.6853382
    5748    2.800    5.000   10.000     -150.6936447
    5749    2.800    5.000   20.000     -150.6944269
    5750    2.800    5.000   30.000     -150.6767947
    5751    2.800    5.000   40.000     -150.6562754
    5752    2.800    5.000   50.000     -150.6490096
    5753    2.800    5.000   60.000     -150.6505244
    5754    2.800    5.000   70.000     -150.6516082
    5755    2.800    5.000   73.740     -150.6519061
    5756    2.800    5.000   80.000     -150.6522668
    5757    2.800    5.000   90.000     -150.6525939
    5758    2.800    5.000  100.000     -150.6526951
    5759    2.800    5.000  110.000     -150.6527168
    5760    2.800    5.000  120.000     -150.6527246
    5761    2.800    5.000  130.000     -150.6527398
    5762    2.800    5.000  140.000     -150.6527661
    5763    2.800    5.000  150.000     -150.6527921
    5764    2.800    5.000  160.000     -150.6528195
    5765    2.800    5.000  170.000     -150.6528378
    5766    2.800    5.000  179.990     -150.6528439
       0    0.000    0.000    0.000        0.0000000
    5767    2.800    6.000    0.010     -150.6397651
    5768    2.800    6.000   10.000     -150.6417582
    5769    2.800    6.000   20.000     -150.6460037
    5770    2.800    6.000   30.000     -150.6489482
    5771    2.800    6.000   40.000     -150.6508919
    5772    2.800    6.000   50.000     -150.6522412
    5773    2.800    6.000   60.000     -150.6528573
    5774    2.800    6.000   70.000     -150.6530779
    5775    2.800    6.000   76.510     -150.6531364
    5776    2.800    6.000   80.000     -150.6531528
    5777    2.800    6.000   90.000     -150.6531750
    5778    2.800    6.000  100.000     -150.6531712
    5779    2.800    6.000  110.000     -150.6531643
    5780    2.800    6.000  120.000     -150.6531591
    5781    2.800    6.000  130.000     -150.6531586
    5782    2.800    6.000  140.000     -150.6531615
    5783    2.800    6.000  150.000     -150.6531696
    5784    2.800    6.000  160.000     -150.6531798
    5785    2.800    6.000  170.000     -150.6531880
    5786    2.800    6.000  179.990     -150.6531910
       0    0.000    0.000    0.000        0.0000000
    5787    2.800    7.000    0.010     -150.6508321
    5788    2.800    7.000   10.000     -150.6511311
    5789    2.800    7.000   20.000     -150.6517876
    5790    2.800    7.000   30.000     -150.6524388
    5791    2.800    7.000   40.000     -150.6528937
    5792    2.800    7.000   50.000     -150.6531121
    5793    2.800    7.000   60.000     -150.6531781
    5794    2.800    7.000   70.000     -150.6531736
    5795    2.800    7.000   78.460     -150.6531586
    5796    2.800    7.000   80.000     -150.6531558
    5797    2.800    7.000   90.000     -150.6531424
    5798    2.800    7.000  100.000     -150.6531328
    5799    2.800    7.000  110.000     -150.6531261
    5800    2.800    7.000  120.000     -150.6531208
    5801    2.800    7.000  130.000     -150.6531172
    5802    2.800    7.000  140.000     -150.6531163
    5803    2.800    7.000  150.000     -150.6531192
    5804    2.800    7.000  160.000     -150.6531248
    5805    2.800    7.000  170.000     -150.6531302
    5806    2.800    7.000  179.990     -150.6531324
       0    0.000    0.000    0.000        0.0000000
    5807    2.800    8.000    0.010     -150.6530054
    5808    2.800    8.000   10.000     -150.6530314
    5809    2.800    8.000   20.000     -150.6530879
    5810    2.800    8.000   30.000     -150.6531418
    5811    2.800    8.000   40.000     -150.6531600
    5812    2.800    8.000   50.000     -150.6531523
    5813    2.800    8.000   60.000     -150.6531301
    5814    2.800    8.000   70.000     -150.6531076
    5815    2.800    8.000   79.920     -150.6530912
    5816    2.800    8.000   80.000     -150.6530911
    5817    2.800    8.000   90.000     -150.6530808
    5818    2.800    8.000  100.000     -150.6530744
    5819    2.800    8.000  110.000     -150.6530702
    5820    2.800    8.000  120.000     -150.6530671
    5821    2.800    8.000  130.000     -150.6530649
    5822    2.800    8.000  140.000     -150.6530642
    5823    2.800    8.000  150.000     -150.6530656
    5824    2.800    8.000  160.000     -150.6530684
    5825    2.800    8.000  170.000     -150.6530712
    5826    2.800    8.000  179.990     -150.6530724
       0    0.000    0.000    0.000        0.0000000
    5827    2.800   10.000    0.010     -150.6531184
    5828    2.800   10.000   10.000     -150.6531107
    5829    2.800   10.000   20.000     -150.6530937
    5830    2.800   10.000   30.000     -150.6530742
    5831    2.800   10.000   40.000     -150.6530621
    5832    2.800   10.000   50.000     -150.6530506
    5833    2.800   10.000   60.000     -150.6530401
    5834    2.800   10.000   70.000     -150.6530319
    5835    2.800   10.000   90.000     -150.6530231
    5836    2.800   10.000  100.000     -150.6530212
    5837    2.800   10.000  110.000     -150.6530201
    5838    2.800   10.000  120.000     -150.6530194
    5839    2.800   10.000  130.000     -150.6530191
    5840    2.800   10.000  140.000     -150.6530190
    5841    2.800   10.000  150.000     -150.6530192
    5842    2.800   10.000  160.000     -150.6530194
    5843    2.800   10.000  170.000     -150.6530197
    5844    2.800   10.000  179.990     -150.6530197
       0    0.000    0.000    0.000        0.0000000
    5845    2.800   12.000    0.010     -150.6530305
    5846    2.800   12.000   20.000     -150.6530267
    5847    2.800   12.000   30.000     -150.6530228
    5848    2.800   12.000   40.000     -150.6530187
    5849    2.800   12.000   50.000     -150.6530139
    5850    2.800   12.000   60.000     -150.6530122
    5851    2.800   12.000   70.000     -150.6530101
    5852    2.800   12.000   90.000     -150.6530077
    5853    2.800   12.000  100.000     -150.6530071
    5854    2.800   12.000  110.000     -150.6530068
    5855    2.800   12.000  120.000     -150.6530068
    5856    2.800   12.000  130.000     -150.6530069
    5857    2.800   12.000  140.000     -150.6530071
    5858    2.800   12.000  150.000     -150.6530075
    5859    2.800   12.000  160.000     -150.6530078
    5860    2.800   12.000  170.000     -150.6530080
    5861    2.800   12.000  179.990     -150.6530081
       0    0.000    0.000    0.000        0.0000000
    5862    2.800   15.000    0.010     -150.6530069
    5863    2.800   15.000   10.000     -150.6530057
    5864    2.800   15.000   20.000     -150.6530057
    5865    2.800   15.000   60.000     -150.6530029
    5866    2.800   15.000   70.000     -150.6530026
    5867    2.800   15.000   84.640     -150.6530021
    5868    2.800   15.000   90.000     -150.6530021
    5869    2.800   15.000  100.000     -150.6530020
    5870    2.800   15.000  110.000     -150.6530019
    5871    2.800   15.000  120.000     -150.6530019
    5872    2.800   15.000  130.000     -150.6530020
    5873    2.800   15.000  140.000     -150.6530020
    5874    2.800   15.000  150.000     -150.6530021
    5875    2.800   15.000  160.000     -150.6530022
    5876    2.800   15.000  170.000     -150.6530022
    5877    2.800   15.000  179.990     -150.6530022
       0    0.000    0.000    0.000        0.0000000
    5878    3.000    1.200    0.010     -150.2940178
    5879    3.000    1.200   10.000     -150.3108138
    5880    3.000    1.200   20.000     -150.3461689
    5881    3.000    1.200   30.000     -150.3872566
    5882    3.000    1.200   40.000     -150.4269514
    5883    3.000    1.200   50.000     -150.4611916
    5884    3.000    1.200   60.000     -150.4883121
    5885    3.000    1.200   70.000     -150.5081114
    5886    3.000    1.200   80.000     -150.5211705
    5887    3.000    1.200   90.000     -150.5279227
    5888    3.000    1.200  100.000     -150.5291306
    5889    3.000    1.200  110.000     -150.5254787
    5890    3.000    1.200  120.000     -150.5176842
    5891    3.000    1.200  130.000     -150.5062263
    5892    3.000    1.200  140.000     -150.4930444
    5893    3.000    1.200  150.000     -150.4784084
    5894    3.000    1.200  160.000     -150.4643645
    5895    3.000    1.200  170.000     -150.4535567
    5896    3.000    1.200  179.990     -150.4494276
       0    0.000    0.000    0.000        0.0000000
    5897    3.000    1.400    0.010     -150.4310616
    5898    3.000    1.400   10.000     -150.4516730
    5899    3.000    1.400   20.000     -150.4970268
    5900    3.000    1.400   30.000     -150.5457804
    5901    3.000    1.400   40.000     -150.5890607
    5902    3.000    1.400   50.000     -150.6246810
    5903    3.000    1.400   60.000     -150.6522656
    5904    3.000    1.400   70.000     -150.6721209
    5905    3.000    1.400   80.000     -150.6849328
    5906    3.000    1.400   90.000     -150.6914825
    5907    3.000    1.400  100.000     -150.6925123
    5908    3.000    1.400  110.000     -150.6887260
    5909    3.000    1.400  120.000     -150.6808361
    5910    3.000    1.400  130.000     -150.6696300
    5911    3.000    1.400  140.000     -150.6560441
    5912    3.000    1.400  150.000     -150.6412769
    5913    3.000    1.400  160.000     -150.6270358
    5914    3.000    1.400  170.000     -150.6166090
    5915    3.000    1.400  179.990     -150.6123842
       0    0.000    0.000    0.000        0.0000000
    5916    3.000    1.600    0.010     -150.4310616
    5917    3.000    1.600   10.000     -150.4711151
    5918    3.000    1.600   20.000     -150.5483479
    5919    3.000    1.600   20.360     -150.5510964
    5920    3.000    1.600   30.000     -150.6140163
    5921    3.000    1.600   40.000     -150.6602628
    5922    3.000    1.600   50.000     -150.6944257
    5923    3.000    1.600   60.000     -150.7204770
    5924    3.000    1.600   70.000     -150.7393174
    5925    3.000    1.600   80.000     -150.7514776
    5926    3.000    1.600   90.000     -150.7576057
    5927    3.000    1.600  100.000     -150.7583750
    5928    3.000    1.600  110.000     -150.7544474
    5929    3.000    1.600  120.000     -150.7465039
    5930    3.000    1.600  130.000     -150.7352963
    5931    3.000    1.600  140.000     -150.7217127
    5932    3.000    1.600  150.000     -150.7068836
    5933    3.000    1.600  160.000     -150.6923958
    5934    3.000    1.600  170.000     -150.6808940
    5935    3.000    1.600  179.990     -150.6772349
       0    0.000    0.000    0.000        0.0000000
    5936    3.000    1.700    0.010     -150.3824726
    5937    3.000    1.700   10.000     -150.4433518
    5938    3.000    1.700   20.000     -150.5512874
    5939    3.000    1.700   28.070     -150.6189107
    5940    3.000    1.700   30.000     -150.6313214
    5941    3.000    1.700   40.000     -150.6789795
    5942    3.000    1.700   50.000     -150.7110092
    5943    3.000    1.700   60.000     -150.7353674
    5944    3.000    1.700   70.000     -150.7532640
    5945    3.000    1.700   80.000     -150.7649069
    5946    3.000    1.700   90.000     -150.7707397
    5947    3.000    1.700  100.000     -150.7713439
    5948    3.000    1.700  110.000     -150.7673384
    5949    3.000    1.700  120.000     -150.7593772
    5950    3.000    1.700  130.000     -150.7481857
    5951    3.000    1.700  140.000     -150.7346213
    5952    3.000    1.700  150.000     -150.7197745
    5953    3.000    1.700  160.000     -150.7051719
    5954    3.000    1.700  170.000     -150.6933639
    5955    3.000    1.700  179.990     -150.6896178
       0    0.000    0.000    0.000        0.0000000
    5956    3.000    1.800    0.010     -150.2940180
    5957    3.000    1.800   10.000     -150.3890736
    5958    3.000    1.800   20.000     -150.5430494
    5959    3.000    1.800   30.000     -150.6426637
    5960    3.000    1.800   33.560     -150.6641257
    5961    3.000    1.800   40.000     -150.6917078
    5962    3.000    1.800   50.000     -150.7205454
    5963    3.000    1.800   60.000     -150.7425349
    5964    3.000    1.800   70.000     -150.7592006
    5965    3.000    1.800   80.000     -150.7702143
    5966    3.000    1.800   90.000     -150.7757070
    5967    3.000    1.800  100.000     -150.7761302
    5968    3.000    1.800  110.000     -150.7720472
    5969    3.000    1.800  120.000     -150.7640779
    5970    3.000    1.800  130.000     -150.7529162
    5971    3.000    1.800  140.000     -150.7393846
    5972    3.000    1.800  150.000     -150.7245292
    5973    3.000    1.800  160.000     -150.7098087
    5974    3.000    1.800  170.000     -150.6976863
    5975    3.000    1.800  179.990     -150.6930306
       0    0.000    0.000    0.000        0.0000000
    5976    3.000    1.850    0.010     -150.2312410
    5977    3.000    1.850   10.000     -150.3506816
    5978    3.000    1.850   20.000     -150.5352529
    5979    3.000    1.850   30.000     -150.6469099
    5980    3.000    1.850   35.820     -150.6805053
    5981    3.000    1.850   40.000     -150.6966268
    5982    3.000    1.850   50.000     -150.7234615
    5983    3.000    1.850   60.000     -150.7440085
    5984    3.000    1.850   70.000     -150.7599555
    5985    3.000    1.850   80.000     -150.7706178
    5986    3.000    1.850   90.000     -150.7759269
    5987    3.000    1.850  100.000     -150.7762559
    5988    3.000    1.850  110.000     -150.7721355
    5989    3.000    1.850  120.000     -150.7641667
    5990    3.000    1.850  130.000     -150.7530257
    5991    3.000    1.850  140.000     -150.7395165
    5992    3.000    1.850  150.000     -150.7246605
    5993    3.000    1.850  160.000     -150.7098799
    5994    3.000    1.850  170.000     -150.6975885
    5995    3.000    1.850  179.990     -150.6928697
       0    0.000    0.000    0.000        0.0000000
    5996    3.000    1.900    0.010     -150.1532995
    5997    3.000    1.900   10.000     -150.3036886
    5998    3.000    1.900   20.000     -150.5251709
    5999    3.000    1.900   30.000     -150.6505291
    6000    3.000    1.900   37.860     -150.6935805
    6001    3.000    1.900   40.000     -150.7008979
    6002    3.000    1.900   50.000     -150.7254626
    6003    3.000    1.900   60.000     -150.7443963
    6004    3.000    1.900   70.000     -150.7595597
    6005    3.000    1.900   80.000     -150.7698490
    6006    3.000    1.900   90.000     -150.7749676
    6007    3.000    1.900  100.000     -150.7752007
    6008    3.000    1.900  110.000     -150.7710445
    6009    3.000    1.900  120.000     -150.7630799
    6010    3.000    1.900  130.000     -150.7519643
    6011    3.000    1.900  140.000     -150.7384818
    6012    3.000    1.900  150.000     -150.7236285
    6013    3.000    1.900  160.000     -150.7087865
    6014    3.000    1.900  170.000     -150.6963150
    6015    3.000    1.900  179.990     -150.6915385
       0    0.000    0.000    0.000        0.0000000
    6016    3.000    2.000    0.010     -149.9460764
    6017    3.000    2.000   10.000     -150.1791347
    6018    3.000    2.000   20.000     -150.4984349
    6019    3.000    2.000   30.000     -150.6565899
    6020    3.000    2.000   40.000     -150.7081773
    6021    3.000    2.000   41.410     -150.7117421
    6022    3.000    2.000   50.000     -150.7274456
    6023    3.000    2.000   60.000     -150.7426583
    6024    3.000    2.000   70.000     -150.7560733
    6025    3.000    2.000   80.000     -150.7655631
    6026    3.000    2.000   90.000     -150.7702848
    6027    3.000    2.000  100.000     -150.7703250
    6028    3.000    2.000  110.000     -150.7661045
    6029    3.000    2.000  120.000     -150.7581602
    6030    3.000    2.000  130.000     -150.7471107
    6031    3.000    2.000  140.000     -150.7336974
    6032    3.000    2.000  150.000     -150.7188611
    6033    3.000    2.000  160.000     -150.7038946
    6034    3.000    2.000  170.000     -150.6910221
    6035    3.000    2.000  179.990     -150.6860412
       0    0.000    0.000    0.000        0.0000000
    6036    3.000    2.100    0.010     -149.6420463
    6037    3.000    2.100   10.000     -150.0033776
    6038    3.000    2.100   20.000     -150.4633516
    6039    3.000    2.100   30.000     -150.6619075
    6040    3.000    2.100   40.000     -150.7145505
    6041    3.000    2.100   44.420     -150.7217465
    6042    3.000    2.100   50.000     -150.7276446
    6043    3.000    2.100   60.000     -150.7385304
    6044    3.000    2.100   70.000     -150.7499838
    6045    3.000    2.100   80.000     -150.7586210
    6046    3.000    2.100   90.000     -150.7629352
    6047    3.000    2.100  100.000     -150.7627861
    6048    3.000    2.100  110.000     -150.7585133
    6049    3.000    2.100  120.000     -150.7506082
    6050    3.000    2.100  130.000     -150.7396482
    6051    3.000    2.100  140.000     -150.7263293
    6052    3.000    2.100  150.000     -150.7115306
    6053    3.000    2.100  160.000     -150.6964424
    6054    3.000    2.100  170.000     -150.6831070
    6055    3.000    2.100  179.990     -150.6777040
       0    0.000    0.000    0.000        0.0000000
    6056    3.000    2.300    0.010     -148.4735847
    6057    3.000    2.300   10.000     -149.4351061
    6058    3.000    2.300   20.000     -150.3728801
    6059    3.000    2.300   30.000     -150.6727347
    6060    3.000    2.300   40.000     -150.7263716
    6061    3.000    2.300   49.290     -150.7256735
    6062    3.000    2.300   50.000     -150.7254231
    6063    3.000    2.300   60.000     -150.7262621
    6064    3.000    2.300   70.000     -150.7333131
    6065    3.000    2.300   80.000     -150.7401795
    6066    3.000    2.300   90.000     -150.7436943
    6067    3.000    2.300  100.000     -150.7432010
    6068    3.000    2.300  110.000     -150.7388744
    6069    3.000    2.300  120.000     -150.7311152
    6070    3.000    2.300  130.000     -150.7204186
    6071    3.000    2.300  140.000     -150.7073853
    6072    3.000    2.300  150.000     -150.6927568
    6073    3.000    2.300  160.000     -150.6774770
    6074    3.000    2.300  170.000     -150.6630043
    6075    3.000    2.300  179.990     -150.6552826
       0    0.000    0.000    0.000        0.0000000
    6076    3.000    2.500    0.010     -145.6761352
    6077    3.000    2.500   10.000     -148.4817851
    6078    3.000    2.500   20.000     -150.2756895
    6079    3.000    2.500   30.000     -150.6862620
    6080    3.000    2.500   40.000     -150.7372885
    6081    3.000    2.500   50.000     -150.7218105
    6082    3.000    2.500   53.130     -150.7170125
    6083    3.000    2.500   60.000     -150.7117395
    6084    3.000    2.500   70.000     -150.7140439
    6085    3.000    2.500   80.000     -150.7192026
    6086    3.000    2.500   90.000     -150.7220123
    6087    3.000    2.500  100.000     -150.7212597
    6088    3.000    2.500  110.000     -150.7169709
    6089    3.000    2.500  120.000     -150.7094690
    6090    3.000    2.500  130.000     -150.6991779
    6091    3.000    2.500  140.000     -150.6866075
    6092    3.000    2.500  150.000     -150.6723621
    6093    3.000    2.500  160.000     -150.6571156
    6094    3.000    2.500  170.000     -150.6413931
    6095    3.000    2.500  179.990     -150.6246787
       0    0.000    0.000    0.000        0.0000000
    6096    3.000    2.700    0.010     -137.8182244
    6097    3.000    2.700   10.000     -147.2162748
    6098    3.000    2.700   20.000     -150.2128045
    6099    3.000    2.700   30.000     -150.7039964
    6100    3.000    2.700   40.000     -150.7461941
    6101    3.000    2.700   50.000     -150.7174082
    6102    3.000    2.700   56.250     -150.7021395
    6103    3.000    2.700   60.000     -150.6968850
    6104    3.000    2.700   70.000     -150.6944434
    6105    3.000    2.700   80.000     -150.6981207
    6106    3.000    2.700   90.000     -150.7003995
    6107    3.000    2.700  100.000     -150.6995159
    6108    3.000    2.700  110.000     -150.6953876
    6109    3.000    2.700  120.000     -150.6882907
    6110    3.000    2.700  130.000     -150.6786018
    6111    3.000    2.700  140.000     -150.6667721
    6112    3.000    2.700  150.000     -150.6533323
    6113    3.000    2.700  160.000     -150.6388809
    6114    3.000    2.700  170.000     -150.6244470
    6115    3.000    2.700  179.990     -150.6189070
       0    0.000    0.000    0.000        0.0000000
    6116    3.000    2.850    0.010     -115.4613842
    6117    3.000    2.850   10.000     -146.4371520
    6118    3.000    2.850   20.000     -150.2123431
    6119    3.000    2.850   30.000     -150.7196718
    6120    3.000    2.850   40.000     -150.7507836
    6121    3.000    2.850   50.000     -150.7134413
    6122    3.000    2.850   60.000     -150.6860590
    6123    3.000    2.850   70.000     -150.6802422
    6124    3.000    2.850   80.000     -150.6830467
    6125    3.000    2.850   90.000     -150.6850852
    6126    3.000    2.850  100.000     -150.6842114
    6127    3.000    2.850  110.000     -150.6803061
    6128    3.000    2.850  120.000     -150.6736384
    6129    3.000    2.850  130.000     -150.6645809
    6130    3.000    2.850  140.000     -150.6535910
    6131    3.000    2.850  150.000     -150.6412742
    6132    3.000    2.850  160.000     -150.6286674
    6133    3.000    2.850  170.000     -150.6189584
    6134    3.000    2.850  179.990     -150.6172125
       0    0.000    0.000    0.000        0.0000000
    6135    3.000    3.000   10.000     -146.2945366
    6136    3.000    3.000   20.000     -150.2576921
    6137    3.000    3.000   30.000     -150.7360317
    6138    3.000    3.000   40.000     -150.7531608
    6139    3.000    3.000   50.000     -150.7087486
    6140    3.000    3.000   60.000     -150.6756968
    6141    3.000    3.000   70.000     -150.6667799
    6142    3.000    3.000   80.000     -150.6689884
    6143    3.000    3.000   90.000     -150.6709546
    6144    3.000    3.000  100.000     -150.6701993
    6145    3.000    3.000  110.000     -150.6666203
    6146    3.000    3.000  120.000     -150.6605187
    6147    3.000    3.000  130.000     -150.6522991
    6148    3.000    3.000  140.000     -150.6425030
    6149    3.000    3.000  150.000     -150.6320049
    6150    3.000    3.000  160.000     -150.6226330
    6151    3.000    3.000  170.000     -150.6176186
    6152    3.000    3.000  179.990     -150.6170997
       0    0.000    0.000    0.000        0.0000000
    6153    3.000    3.100    0.010      -90.9793498
    6154    3.000    3.100   10.000     -146.6305663
    6155    3.000    3.100   20.000     -150.3088857
    6156    3.000    3.100   30.000     -150.7464670
    6157    3.000    3.100   40.000     -150.7534174
    6158    3.000    3.100   50.000     -150.7051790
    6159    3.000    3.100   60.000     -150.6690869
    6160    3.000    3.100   70.000     -150.6582943
    6161    3.000    3.100   80.000     -150.6603000
    6162    3.000    3.100   90.000     -150.6623258
    6163    3.000    3.100  100.000     -150.6617155
    6164    3.000    3.100  110.000     -150.6584206
    6165    3.000    3.100  120.000     -150.6527838
    6166    3.000    3.100  130.000     -150.6452635
    6167    3.000    3.100  140.000     -150.6365077
    6168    3.000    3.100  150.000     -150.6276491
    6169    3.000    3.100  160.000     -150.6207296
    6170    3.000    3.100  170.000     -150.6178364
    6171    3.000    3.100  179.990     -150.6175917
       0    0.000    0.000    0.000        0.0000000
    6172    3.000    3.200    0.010     -127.0537512
    6173    3.000    3.200   10.000     -147.2032490
    6174    3.000    3.200   20.000     -150.3706957
    6175    3.000    3.200   30.000     -150.7559141
    6176    3.000    3.200   40.000     -150.7525928
    6177    3.000    3.200   50.000     -150.7012547
    6178    3.000    3.200   60.000     -150.6627279
    6179    3.000    3.200   62.050     -150.6580812
    6180    3.000    3.200   70.000     -150.6502312
    6181    3.000    3.200   80.000     -150.6522303
    6182    3.000    3.200   90.000     -150.6544113
    6183    3.000    3.200  100.000     -150.6540009
    6184    3.000    3.200  110.000     -150.6510454
    6185    3.000    3.200  120.000     -150.6459544
    6186    3.000    3.200  130.000     -150.6392601
    6187    3.000    3.200  140.000     -150.6317505
    6188    3.000    3.200  150.000     -150.6247442
    6189    3.000    3.200  160.000     -150.6200163
    6190    3.000    3.200  170.000     -150.6184496
    6191    3.000    3.200  179.990     -150.6183535
       0    0.000    0.000    0.000        0.0000000
    6192    3.000    3.300    0.010     -137.8800565
    6193    3.000    3.300   10.000     -147.8649877
    6194    3.000    3.300   20.000     -150.4371390
    6195    3.000    3.300   30.000     -150.7639205
    6196    3.000    3.300   40.000     -150.7507079
    6197    3.000    3.300   50.000     -150.6969923
    6198    3.000    3.300   60.000     -150.6566206
    6199    3.000    3.300   62.960     -150.6496970
    6200    3.000    3.300   70.000     -150.6425915
    6201    3.000    3.300   80.000     -150.6448396
    6202    3.000    3.300   90.000     -150.6472772
    6203    3.000    3.300  100.000     -150.6471199
    6204    3.000    3.300  110.000     -150.6445629
    6205    3.000    3.300  120.000     -150.6401026
    6206    3.000    3.300  130.000     -150.6343637
    6207    3.000    3.300  140.000     -150.6282550
    6208    3.000    3.300  150.000     -150.6230794
    6209    3.000    3.300  160.000     -150.6200565
    6210    3.000    3.300  170.000     -150.6192899
    6211    3.000    3.300  179.990     -150.6192485
       0    0.000    0.000    0.000        0.0000000
    6212    3.000    3.400    0.010     -142.9200661
    6213    3.000    3.400   10.000     -148.5026207
    6214    3.000    3.400   20.000     -150.5028169
    6215    3.000    3.400   30.000     -150.7701423
    6216    3.000    3.400   40.000     -150.7478117
    6217    3.000    3.400   50.000     -150.6924220
    6218    3.000    3.400   60.000     -150.6507661
    6219    3.000    3.400   63.820     -150.6417135
    6220    3.000    3.400   70.000     -150.6353370
    6221    3.000    3.400   80.000     -150.6382063
    6222    3.000    3.400   90.000     -150.6410004
    6223    3.000    3.400  100.000     -150.6411418
    6224    3.000    3.400  110.000     -150.6390391
    6225    3.000    3.400  120.000     -150.6352906
    6226    3.000    3.400  130.000     -150.6306061
    6227    3.000    3.400  140.000     -150.6259295
    6228    3.000    3.400  150.000     -150.6223430
    6229    3.000    3.400  160.000     -150.6205213
    6230    3.000    3.400  170.000     -150.6201990
    6231    3.000    3.400  179.990     -150.6201957
       0    0.000    0.000    0.000        0.0000000
    6232    3.000    3.500    0.010     -145.7431942
    6233    3.000    3.500   10.000     -149.0543160
    6234    3.000    3.500   20.000     -150.5635771
    6235    3.000    3.500   30.000     -150.7743627
    6236    3.000    3.500   40.000     -150.7439765
    6237    3.000    3.500   50.000     -150.6875856
    6238    3.000    3.500   60.000     -150.6451830
    6239    3.000    3.500   64.620     -150.6341957
    6240    3.000    3.500   70.000     -150.6283122
    6241    3.000    3.500   80.000     -150.6324666
    6242    3.000    3.500   90.000     -150.6356767
    6243    3.000    3.500  100.000     -150.6361395
    6244    3.000    3.500  110.000     -150.6345321
    6245    3.000    3.500  120.000     -150.6315486
    6246    3.000    3.500  130.000     -150.6279410
    6247    3.000    3.500  140.000     -150.6245745
    6248    3.000    3.500  150.000     -150.6222248
    6249    3.000    3.500  160.000     -150.6211987
    6250    3.000    3.500  170.000     -150.6211247
    6251    3.000    3.500  179.990     -150.6211347
       0    0.000    0.000    0.000        0.0000000
    6252    3.000    3.600    0.010     -147.4653132
    6253    3.000    3.600   10.000     -149.5016648
    6254    3.000    3.600   20.000     -150.6167270
    6255    3.000    3.600   30.000     -150.7764906
    6256    3.000    3.600   40.000     -150.7392932
    6257    3.000    3.600   50.000     -150.6825337
    6258    3.000    3.600   60.000     -150.6399089
    6259    3.000    3.600   65.380     -150.6255260
    6260    3.000    3.600   70.000     -150.6212200
    6261    3.000    3.600   80.000     -150.6278619
    6262    3.000    3.600   90.000     -150.6314167
    6263    3.000    3.600  100.000     -150.6321746
    6264    3.000    3.600  110.000     -150.6310657
    6265    3.000    3.600  120.000     -150.6288415
    6266    3.000    3.600  130.000     -150.6262296
    6267    3.000    3.600  140.000     -150.6239380
    6268    3.000    3.600  150.000     -150.6224767
    6269    3.000    3.600  160.000     -150.6219545
    6270    3.000    3.600  170.000     -150.6220149
    6271    3.000    3.600  179.990     -150.6220266
       0    0.000    0.000    0.000        0.0000000
    6272    3.000    3.800    0.010     -149.2829026
    6273    3.000    3.800   10.000     -150.1121121
    6274    3.000    3.800   20.000     -150.6958672
    6275    3.000    3.800   30.000     -150.7746425
    6276    3.000    3.800   40.000     -150.7278035
    6277    3.000    3.800   50.000     -150.6720169
    6278    3.000    3.800   60.000     -150.6304750
    6279    3.000    3.800   66.750     -150.6139988
    6280    3.000    3.800   70.000     -150.6163770
    6281    3.000    3.800   80.000     -150.6229910
    6282    3.000    3.800   90.000     -150.6262691
    6283    3.000    3.800  100.000     -150.6273041
    6284    3.000    3.800  110.000     -150.6269928
    6285    3.000    3.800  120.000     -150.6259932
    6286    3.000    3.800  130.000     -150.6248360
    6287    3.000    3.800  140.000     -150.6239232
    6288    3.000    3.800  150.000     -150.6234665
    6289    3.000    3.800  160.000     -150.6234469
    6290    3.000    3.800  170.000     -150.6235667
    6291    3.000    3.800  179.990     -150.6235919
       0    0.000    0.000    0.000        0.0000000
    6292    3.000    4.000    0.010     -150.0842706
    6293    3.000    4.000   10.000     -150.4472393
    6294    3.000    4.000   20.000     -150.7402707
    6295    3.000    4.000   30.000     -150.7657047
    6296    3.000    4.000   40.000     -150.7142401
    6297    3.000    4.000   50.000     -150.6613782
    6298    3.000    4.000   60.000     -150.6236832
    6299    3.000    4.000   67.980     -150.6180087
    6300    3.000    4.000   70.000     -150.6189031
    6301    3.000    4.000   80.000     -150.6227277
    6302    3.000    4.000   90.000     -150.6247356
    6303    3.000    4.000  100.000     -150.6255815
    6304    3.000    4.000  110.000     -150.6256327
    6305    3.000    4.000  120.000     -150.6252929
    6306    3.000    4.000  130.000     -150.6248789
    6307    3.000    4.000  140.000     -150.6246047
    6308    3.000    4.000  150.000     -150.6245574
    6309    3.000    4.000  160.000     -150.6246886
    6310    3.000    4.000  170.000     -150.6248054
    6311    3.000    4.000  179.990     -150.6248283
       0    0.000    0.000    0.000        0.0000000
    6312    3.000    4.500    0.010     -150.6531439
    6313    3.000    4.500   10.000     -150.7098810
    6314    3.000    4.500   20.000     -150.7506402
    6315    3.000    4.500   30.000     -150.7244569
    6316    3.000    4.500   40.000     -150.6771062
    6317    3.000    4.500   50.000     -150.6379440
    6318    3.000    4.500   60.000     -150.6223408
    6319    3.000    4.500   70.000     -150.6237844
    6320    3.000    4.500   70.530     -150.6238684
    6321    3.000    4.500   80.000     -150.6254653
    6322    3.000    4.500   90.000     -150.6259976
    6323    3.000    4.500  100.000     -150.6261624
    6324    3.000    4.500  110.000     -150.6262255
    6325    3.000    4.500  120.000     -150.6262488
    6326    3.000    4.500  130.000     -150.6262929
    6327    3.000    4.500  140.000     -150.6263764
    6328    3.000    4.500  150.000     -150.6264935
    6329    3.000    4.500  160.000     -150.6266079
    6330    3.000    4.500  170.000     -150.6266704
    6331    3.000    4.500  179.990     -150.6266903
       0    0.000    0.000    0.000        0.0000000
    6332    3.000    5.000    0.010     -150.6860705
    6333    3.000    5.000   10.000     -150.7019371
    6334    3.000    5.000   20.000     -150.7028528
    6335    3.000    5.000   30.000     -150.6768797
    6336    3.000    5.000   40.000     -150.6450402
    6337    3.000    5.000   50.000     -150.6262853
    6338    3.000    5.000   60.000     -150.6251505
    6339    3.000    5.000   70.000     -150.6262006
    6340    3.000    5.000   72.540     -150.6263798
    6341    3.000    5.000   80.000     -150.6268903
    6342    3.000    5.000   90.000     -150.6271443
    6343    3.000    5.000  100.000     -150.6271751
    6344    3.000    5.000  110.000     -150.6271703
    6345    3.000    5.000  120.000     -150.6271851
    6346    3.000    5.000  130.000     -150.6272242
    6347    3.000    5.000  140.000     -150.6272822
    6348    3.000    5.000  150.000     -150.6273434
    6349    3.000    5.000  160.000     -150.6273917
    6350    3.000    5.000  170.000     -150.6274285
    6351    3.000    5.000  179.990     -150.6274363
       0    0.000    0.000    0.000        0.0000000
    6352    3.000    6.000    0.010     -150.6171063
    6353    3.000    6.000   10.000     -150.6207054
    6354    3.000    6.000   20.000     -150.6260611
    6355    3.000    6.000   30.000     -150.6257754
    6356    3.000    6.000   40.000     -150.6255398
    6357    3.000    6.000   50.000     -150.6265942
    6358    3.000    6.000   60.000     -150.6273709
    6359    3.000    6.000   70.000     -150.6275993
    6360    3.000    6.000   75.520     -150.6276427
    6361    3.000    6.000   80.000     -150.6276683
    6362    3.000    6.000   90.000     -150.6276837
    6363    3.000    6.000  100.000     -150.6276751
    6364    3.000    6.000  110.000     -150.6276663
    6365    3.000    6.000  120.000     -150.6276613
    6366    3.000    6.000  130.000     -150.6276614
    6367    3.000    6.000  140.000     -150.6276699
    6368    3.000    6.000  150.000     -150.6276834
    6369    3.000    6.000  160.000     -150.6276926
    6370    3.000    6.000  170.000     -150.6277045
    6371    3.000    6.000  179.990     -150.6277077
       0    0.000    0.000    0.000        0.0000000
    6372    3.000    7.000    0.010     -150.6248259
    6373    3.000    7.000   10.000     -150.6251262
    6374    3.000    7.000   20.000     -150.6258428
    6375    3.000    7.000   30.000     -150.6266605
    6376    3.000    7.000   40.000     -150.6272750
    6377    3.000    7.000   50.000     -150.6276008
    6378    3.000    7.000   60.000     -150.6276864
    6379    3.000    7.000   70.000     -150.6276827
    6380    3.000    7.000   77.630     -150.6276656
    6381    3.000    7.000   80.000     -150.6276620
    6382    3.000    7.000   90.000     -150.6276479
    6383    3.000    7.000  100.000     -150.6276376
    6384    3.000    7.000  110.000     -150.6276298
    6385    3.000    7.000  120.000     -150.6276240
    6386    3.000    7.000  130.000     -150.6276206
    6387    3.000    7.000  140.000     -150.6276211
    6388    3.000    7.000  150.000     -150.6276254
    6389    3.000    7.000  160.000     -150.6276311
    6390    3.000    7.000  170.000     -150.6276374
    6391    3.000    7.000  179.990     -150.6276396
       0    0.000    0.000    0.000        0.0000000
    6392    3.000    8.000    0.010     -150.6274366
    6393    3.000    8.000   10.000     -150.6274770
    6394    3.000    8.000   20.000     -150.6275426
    6395    3.000    8.000   30.000     -150.6276225
    6396    3.000    8.000   40.000     -150.6276632
    6397    3.000    8.000   50.000     -150.6276599
    6398    3.000    8.000   60.000     -150.6276397
    6399    3.000    8.000   70.000     -150.6276148
    6400    3.000    8.000   80.000     -150.6275967
    6401    3.000    8.000   90.000     -150.6275821
    6402    3.000    8.000  100.000     -150.6275790
    6403    3.000    8.000  110.000     -150.6275743
    6404    3.000    8.000  120.000     -150.6275709
    6405    3.000    8.000  130.000     -150.6275688
    6406    3.000    8.000  140.000     -150.6275687
    6407    3.000    8.000  150.000     -150.6275707
    6408    3.000    8.000  160.000     -150.6275738
    6409    3.000    8.000  170.000     -150.6275770
    6410    3.000    8.000  179.990     -150.6275783
       0    0.000    0.000    0.000        0.0000000
    6411    3.000   10.000    0.010     -150.6276375
    6412    3.000   10.000   10.000     -150.6276295
    6413    3.000   10.000   20.000     -150.6276075
    6414    3.000   10.000   30.000     -150.6275866
    6415    3.000   10.000   40.000     -150.6275703
    6416    3.000   10.000   50.000     -150.6275557
    6417    3.000   10.000   60.000     -150.6275462
    6418    3.000   10.000   70.000     -150.6275373
    6419    3.000   10.000   90.000     -150.6275270
    6420    3.000   10.000  100.000     -150.6275258
    6421    3.000   10.000  110.000     -150.6275245
    6422    3.000   10.000  120.000     -150.6275238
    6423    3.000   10.000  130.000     -150.6275235
    6424    3.000   10.000  140.000     -150.6275234
    6425    3.000   10.000  150.000     -150.6275235
    6426    3.000   10.000  160.000     -150.6275236
    6427    3.000   10.000  170.000     -150.6275238
    6428    3.000   10.000  179.990     -150.6275239
       0    0.000    0.000    0.000        0.0000000
    6429    3.000   12.000   20.000     -150.6275329
    6430    3.000   12.000   40.000     -150.6275233
    6431    3.000   12.000   50.000     -150.6275191
    6432    3.000   12.000   60.000     -150.6275174
    6433    3.000   12.000   70.000     -150.6275150
    6434    3.000   12.000   90.000     -150.6275123
    6435    3.000   12.000  100.000     -150.6275116
    6436    3.000   12.000  110.000     -150.6275113
    6437    3.000   12.000  120.000     -150.6275112
    6438    3.000   12.000  130.000     -150.6275112
    6439    3.000   12.000  140.000     -150.6275114
    6440    3.000   12.000  150.000     -150.6275117
    6441    3.000   12.000  160.000     -150.6275119
    6442    3.000   12.000  170.000     -150.6275121
    6443    3.000   12.000  179.990     -150.6275122
       0    0.000    0.000    0.000        0.0000000
    6444    3.000   15.000   10.000     -150.6275086
    6445    3.000   15.000   60.000     -150.6275076
    6446    3.000   15.000   70.000     -150.6275072
    6447    3.000   15.000   90.000     -150.6275066
    6448    3.000   15.000  100.000     -150.6275034
    6449    3.000   15.000  110.000     -150.6275031
    6450    3.000   15.000  120.000     -150.6275064
    6451    3.000   15.000  130.000     -150.6275038
    6452    3.000   15.000  140.000     -150.6275023
    6453    3.000   15.000  150.000     -150.6275066
    6454    3.000   15.000  160.000     -150.6275066
    6455    3.000   15.000  170.000     -150.6275067
    6456    3.000   15.000  179.990     -150.6275067
       0    0.000    0.000    0.000        0.0000000
    6457    3.200    1.200    0.010     -150.3359932
    6458    3.200    1.200   10.000     -150.3497135
    6459    3.200    1.200   20.000     -150.3783047
    6460    3.200    1.200   30.000     -150.4103579
    6461    3.200    1.200   40.000     -150.4410741
    6462    3.200    1.200   50.000     -150.4674251
    6463    3.200    1.200   60.000     -150.4881280
    6464    3.200    1.200   70.000     -150.5030066
    6465    3.200    1.200   80.000     -150.5125252
    6466    3.200    1.200   90.000     -150.5168403
    6467    3.200    1.200  100.000     -150.5165552
    6468    3.200    1.200  110.000     -150.5121642
    6469    3.200    1.200  120.000     -150.5041841
    6470    3.200    1.200  130.000     -150.4928258
    6471    3.200    1.200  140.000     -150.4798552
    6472    3.200    1.200  150.000     -150.4644599
    6473    3.200    1.200  160.000     -150.4496248
    6474    3.200    1.200  170.000     -150.4340141
    6475    3.200    1.200  179.990     -150.4286697
       0    0.000    0.000    0.000        0.0000000
    6476    3.200    1.400    0.010     -150.4710278
    6477    3.200    1.400   10.000     -150.4984230
    6478    3.200    1.400   20.000     -150.5318342
    6479    3.200    1.400   30.000     -150.5683236
    6480    3.200    1.400   40.000     -150.6020124
    6481    3.200    1.400   50.000     -150.6300792
    6482    3.200    1.400   60.000     -150.6516461
    6483    3.200    1.400   70.000     -150.6668724
    6484    3.200    1.400   80.000     -150.6763102
    6485    3.200    1.400   90.000     -150.6805656
    6486    3.200    1.400  100.000     -150.6802025
    6487    3.200    1.400  110.000     -150.6757473
    6488    3.200    1.400  120.000     -150.6677260
    6489    3.200    1.400  130.000     -150.6567103
    6490    3.200    1.400  140.000     -150.6433559
    6491    3.200    1.400  150.000     -150.6284376
    6492    3.200    1.400  160.000     -150.6128814
    6493    3.200    1.400  170.000     -150.5978349
    6494    3.200    1.400  179.990     -150.5753649
       0    0.000    0.000    0.000        0.0000000
    6495    3.200    1.600    0.010     -150.5242404
    6496    3.200    1.600   10.000     -150.5481689
    6497    3.200    1.600   20.000     -150.5931771
    6498    3.200    1.600   30.000     -150.6354132
    6499    3.200    1.600   40.000     -150.6699245
    6500    3.200    1.600   50.000     -150.6975460
    6501    3.200    1.600   60.000     -150.7186581
    6502    3.200    1.600   70.000     -150.7335362
    6503    3.200    1.600   80.000     -150.7427097
    6504    3.200    1.600   90.000     -150.7467766
    6505    3.200    1.600  100.000     -150.7463012
    6506    3.200    1.600  110.000     -150.7418059
    6507    3.200    1.600  120.000     -150.7338075
    6508    3.200    1.600  130.000     -150.7228615
    6509    3.200    1.600  140.000     -150.7096011
    6510    3.200    1.600  150.000     -150.6947737
    6511    3.200    1.600  160.000     -150.6792626
    6512    3.200    1.600  170.000     -150.6640686
    6513    3.200    1.600  179.990     -150.6434690
       0    0.000    0.000    0.000        0.0000000
    6514    3.200    1.700    0.010     -150.5136651
    6515    3.200    1.700   10.000     -150.5468304
    6516    3.200    1.700   19.750     -150.6034281
    6517    3.200    1.700   20.000     -150.6048159
    6518    3.200    1.700   30.000     -150.6522600
    6519    3.200    1.700   40.000     -150.6862609
    6520    3.200    1.700   50.000     -150.7124741
    6521    3.200    1.700   60.000     -150.7327004
    6522    3.200    1.700   70.000     -150.7471025
    6523    3.200    1.700   80.000     -150.7560097
    6524    3.200    1.700   90.000     -150.7599229
    6525    3.200    1.700  100.000     -150.7593688
    6526    3.200    1.700  110.000     -150.7548524
    6527    3.200    1.700  120.000     -150.7468777
    6528    3.200    1.700  130.000     -150.7359855
    6529    3.200    1.700  140.000     -150.7227938
    6530    3.200    1.700  150.000     -150.7080322
    6531    3.200    1.700  160.000     -150.6925571
    6532    3.200    1.700  170.000     -150.6772904
    6533    3.200    1.700  179.990     -150.6577936
       0    0.000    0.000    0.000        0.0000000
    6534    3.200    1.800    0.010     -150.4804658
    6535    3.200    1.800   10.000     -150.5295605
    6536    3.200    1.800   20.000     -150.6079948
    6537    3.200    1.800   27.270     -150.6510083
    6538    3.200    1.800   30.000     -150.6632745
    6539    3.200    1.800   40.000     -150.6962235
    6540    3.200    1.800   50.000     -150.7200599
    6541    3.200    1.800   60.000     -150.7388882
    6542    3.200    1.800   70.000     -150.7526041
    6543    3.200    1.800   80.000     -150.7611607
    6544    3.200    1.800   90.000     -150.7648858
    6545    3.200    1.800  100.000     -150.7642419
    6546    3.200    1.800  110.000     -150.7597065
    6547    3.200    1.800  120.000     -150.7517650
    6548    3.200    1.800  130.000     -150.7409406
    6549    3.200    1.800  140.000     -150.7278334
    6550    3.200    1.800  150.000     -150.7131531
    6551    3.200    1.800  160.000     -150.6977265
    6552    3.200    1.800  170.000     -150.6823957
    6553    3.200    1.800  179.990     -150.6641060
       0    0.000    0.000    0.000        0.0000000
    6554    3.200    1.850    0.010     -150.4492891
    6555    3.200    1.850   10.000     -150.5146944
    6556    3.200    1.850   20.000     -150.6069943
    6557    3.200    1.850   30.000     -150.6673991
    6558    3.200    1.850   30.130     -150.6679637
    6559    3.200    1.850   40.000     -150.6996527
    6560    3.200    1.850   50.000     -150.7219083
    6561    3.200    1.850   60.000     -150.7398321
    6562    3.200    1.850   70.000     -150.7531263
    6563    3.200    1.850   80.000     -150.7614784
    6564    3.200    1.850   90.000     -150.7650985
    6565    3.200    1.850  100.000     -150.7644066
    6566    3.200    1.850  110.000     -150.7598631
    6567    3.200    1.850  120.000     -150.7519425
    6568    3.200    1.850  130.000     -150.7411577
    6569    3.200    1.850  140.000     -150.7280993
    6570    3.200    1.850  150.000     -150.7134658
    6571    3.200    1.850  160.000     -150.6980690
    6572    3.200    1.850  170.000     -150.6827122
    6573    3.200    1.850  179.990     -150.6650689
       0    0.000    0.000    0.000        0.0000000
    6574    3.200    1.900    0.010     -150.4205319
    6575    3.200    1.900   10.000     -150.4952842
    6576    3.200    1.900   20.000     -150.6044638
    6577    3.200    1.900   30.000     -150.6709219
    6578    3.200    1.900   32.640     -150.6814279
    6579    3.200    1.900   40.000     -150.7023862
    6580    3.200    1.900   50.000     -150.7227919
    6581    3.200    1.900   60.000     -150.7396691
    6582    3.200    1.900   70.000     -150.7524905
    6583    3.200    1.900   80.000     -150.7606202
    6584    3.200    1.900   90.000     -150.7641288
    6585    3.200    1.900  100.000     -150.7633875
    6586    3.200    1.900  110.000     -150.7588375
    6587    3.200    1.900  120.000     -150.7509410
    6588    3.200    1.900  130.000     -150.7402001
    6589    3.200    1.900  140.000     -150.7271949
    6590    3.200    1.900  150.000     -150.7126131
    6591    3.200    1.900  160.000     -150.6972502
    6592    3.200    1.900  170.000     -150.6818717
    6593    3.200    1.900  179.990     -150.6648937
       0    0.000    0.000    0.000        0.0000000
    6594    3.200    2.000    0.010     -150.3360004
    6595    3.200    2.000   10.000     -150.4406275
    6596    3.200    2.000   20.000     -150.5950724
    6597    3.200    2.000   30.000     -150.6768602
    6598    3.200    2.000   36.870     -150.7000442
    6599    3.200    2.000   40.000     -150.7065257
    6600    3.200    2.000   50.000     -150.7224343
    6601    3.200    2.000   60.000     -150.7367835
    6602    3.200    2.000   70.000     -150.7485109
    6603    3.200    2.000   80.000     -150.7561481
    6604    3.200    2.000   90.000     -150.7594185
    6605    3.200    2.000  100.000     -150.7585763
    6606    3.200    2.000  110.000     -150.7540185
    6607    3.200    2.000  120.000     -150.7461807
    6608    3.200    2.000  130.000     -150.7355416
    6609    3.200    2.000  140.000     -150.7226587
    6610    3.200    2.000  150.000     -150.7081957
    6611    3.200    2.000  160.000     -150.6929155
    6612    3.200    2.000  170.000     -150.6775147
    6613    3.200    2.000  179.990     -150.6619579
       0    0.000    0.000    0.000        0.0000000
    6614    3.200    2.100    0.010     -150.2027261
    6615    3.200    2.100   10.000     -150.3592116
    6616    3.200    2.100   20.000     -150.5799016
    6617    3.200    2.100   30.000     -150.6821034
    6618    3.200    2.100   40.000     -150.7098058
    6619    3.200    2.100   40.370     -150.7102726
    6620    3.200    2.100   50.000     -150.7202318
    6621    3.200    2.100   60.000     -150.7314755
    6622    3.200    2.100   70.000     -150.7419243
    6623    3.200    2.100   80.000     -150.7490170
    6624    3.200    2.100   90.000     -150.7520346
    6625    3.200    2.100  100.000     -150.7510917
    6626    3.200    2.100  110.000     -150.7465354
    6627    3.200    2.100  120.000     -150.7387719
    6628    3.200    2.100  130.000     -150.7282553
    6629    3.200    2.100  140.000     -150.7155186
    6630    3.200    2.100  150.000     -150.7011993
    6631    3.200    2.100  160.000     -150.6860281
    6632    3.200    2.100  170.000     -150.6706511
    6633    3.200    2.100  179.990     -150.6566250
       0    0.000    0.000    0.000        0.0000000
    6634    3.200    2.300    0.010     -149.6874482
    6635    3.200    2.300   10.000     -150.0773888
    6636    3.200    2.300   20.000     -150.5314245
    6637    3.200    2.300   30.000     -150.6922126
    6638    3.200    2.300   40.000     -150.7161478
    6639    3.200    2.300   45.920     -150.7143960
    6640    3.200    2.300   50.000     -150.7134338
    6641    3.200    2.300   60.000     -150.7168857
    6642    3.200    2.300   70.000     -150.7243086
    6643    3.200    2.300   80.000     -150.7302167
    6644    3.200    2.300   90.000     -150.7327164
    6645    3.200    2.300  100.000     -150.7315884
    6646    3.200    2.300  110.000     -150.7270712
    6647    3.200    2.300  120.000     -150.7195109
    6648    3.200    2.300  130.000     -150.7093109
    6649    3.200    2.300  140.000     -150.6969534
    6650    3.200    2.300  150.000     -150.6830210
    6651    3.200    2.300  160.000     -150.6681935
    6652    3.200    2.300  170.000     -150.6531396
    6653    3.200    2.300  179.990     -150.6424592
       0    0.000    0.000    0.000        0.0000000
    6654    3.200    2.500    0.010     -148.5117063
    6655    3.200    2.500   10.000     -149.5552605
    6656    3.200    2.500   20.000     -150.4625490
    6657    3.200    2.500   30.000     -150.7026703
    6658    3.200    2.500   40.000     -150.7230264
    6659    3.200    2.500   50.000     -150.7061453
    6660    3.200    2.500   50.210     -150.7058650
    6661    3.200    2.500   60.000     -150.7002925
    6662    3.200    2.500   70.000     -150.7042407
    6663    3.200    2.500   80.000     -150.7089418
    6664    3.200    2.500   90.000     -150.7109581
    6665    3.200    2.500  100.000     -150.7096927
    6666    3.200    2.500  110.000     -150.7052789
    6667    3.200    2.500  120.000     -150.6980090
    6668    3.200    2.500  130.000     -150.6882406
    6669    3.200    2.500  140.000     -150.6764093
    6670    3.200    2.500  150.000     -150.6630557
    6671    3.200    2.500  160.000     -150.6488614
    6672    3.200    2.500  170.000     -150.6348527
    6673    3.200    2.500  179.990     -150.6276737
       0    0.000    0.000    0.000        0.0000000
    6674    3.200    2.700    0.010     -145.7088982
    6675    3.200    2.700   10.000     -148.7091835
    6676    3.200    2.700   20.000     -150.3912051
    6677    3.200    2.700   30.000     -150.7141838
    6678    3.200    2.700   40.000     -150.7293632
    6679    3.200    2.700   50.000     -150.6993742
    6680    3.200    2.700   53.660     -150.6911600
    6681    3.200    2.700   60.000     -150.6837949
    6682    3.200    2.700   70.000     -150.6840555
    6683    3.200    2.700   80.000     -150.6876473
    6684    3.200    2.700   90.000     -150.6892708
    6685    3.200    2.700  100.000     -150.6879453
    6686    3.200    2.700  110.000     -150.6837204
    6687    3.200    2.700  120.000     -150.6768508
    6688    3.200    2.700  130.000     -150.6676633
    6689    3.200    2.700  140.000     -150.6565650
    6690    3.200    2.700  150.000     -150.6440978
    6691    3.200    2.700  160.000     -150.6310757
    6692    3.200    2.700  170.000     -150.6193350
    6693    3.200    2.700  179.990     -150.6151149
       0    0.000    0.000    0.000        0.0000000
    6694    3.200    2.850    0.010     -140.7691573
    6695    3.200    2.850   10.000     -147.9049958
    6696    3.200    2.850   20.000     -150.3543149
    6697    3.200    2.850   30.000     -150.7238234
    6698    3.200    2.850   40.000     -150.7328853
    6699    3.200    2.850   50.000     -150.6944987
    6700    3.200    2.850   60.000     -150.6720797
    6701    3.200    2.850   70.000     -150.6695815
    6702    3.200    2.850   80.000     -150.6724715
    6703    3.200    2.850   90.000     -150.6738886
    6704    3.200    2.850  100.000     -150.6725838
    6705    3.200    2.850  110.000     -150.6685696
    6706    3.200    2.850  120.000     -150.6620896
    6707    3.200    2.850  130.000     -150.6534631
    6708    3.200    2.850  140.000     -150.6431030
    6709    3.200    2.850  150.000     -150.6316040
    6710    3.200    2.850  160.000     -150.6200156
    6711    3.200    2.850  170.000     -150.6107956
    6712    3.200    2.850  179.990     -150.6082971
       0    0.000    0.000    0.000        0.0000000
    6713    3.200    3.000    0.010     -127.0025838
    6714    3.200    3.000   10.000     -147.1745763
    6715    3.200    3.000   20.000     -150.3454326
    6716    3.200    3.000   30.000     -150.7341070
    6717    3.200    3.000   40.000     -150.7348518
    6718    3.200    3.000   50.000     -150.6895281
    6719    3.200    3.000   57.770     -150.6651041
    6720    3.200    3.000   60.000     -150.6611372
    6721    3.200    3.000   70.000     -150.6560017
    6722    3.200    3.000   80.000     -150.6583496
    6723    3.200    3.000   90.000     -150.6596533
    6724    3.200    3.000  100.000     -150.6584343
    6725    3.200    3.000  110.000     -150.6546986
    6726    3.200    3.000  120.000     -150.6486988
    6727    3.200    3.000  130.000     -150.6407646
    6728    3.200    3.000  140.000     -150.6313465
    6729    3.200    3.000  150.000     -150.6211602
    6730    3.200    3.000  160.000     -150.6115641
    6731    3.200    3.000  170.000     -150.6051645
    6732    3.200    3.000  179.990     -150.6044142
       0    0.000    0.000    0.000        0.0000000
    6733    3.200    3.100    0.010      -90.9549694
    6734    3.200    3.100   10.000     -146.9027541
    6735    3.200    3.100   20.000     -150.3580565
    6736    3.200    3.100   30.000     -150.7409866
    6737    3.200    3.100   40.000     -150.7351610
    6738    3.200    3.100   50.000     -150.6860541
    6739    3.200    3.100   60.000     -150.6543092
    6740    3.200    3.100   70.000     -150.6475313
    6741    3.200    3.100   80.000     -150.6496276
    6742    3.200    3.100   90.000     -150.6509127
    6743    3.200    3.100  100.000     -150.6497893
    6744    3.200    3.100  110.000     -150.6462801
    6745    3.200    3.100  120.000     -150.6406539
    6746    3.200    3.100  130.000     -150.6332632
    6747    3.200    3.100  140.000     -150.6246039
    6748    3.200    3.100  150.000     -150.6155018
    6749    3.200    3.100  160.000     -150.6074902
    6750    3.200    3.100  170.000     -150.6028645
    6751    3.200    3.100  179.990     -150.6023070
       0    0.000    0.000    0.000        0.0000000
    6752    3.200    3.200   10.000     -146.9050488
    6753    3.200    3.200   20.000     -150.3847693
    6754    3.200    3.200   30.000     -150.7475442
    6755    3.200    3.200   40.000     -150.7346180
    6756    3.200    3.200   50.000     -150.6824001
    6757    3.200    3.200   60.000     -150.6478610
    6758    3.200    3.200   70.000     -150.6395660
    6759    3.200    3.200   80.000     -150.6415124
    6760    3.200    3.200   90.000     -150.6428266
    6761    3.200    3.200  100.000     -150.6418301
    6762    3.200    3.200  110.000     -150.6385809
    6763    3.200    3.200  120.000     -150.6333750
    6764    3.200    3.200  130.000     -150.6265970
    6765    3.200    3.200  140.000     -150.6188049
    6766    3.200    3.200  150.000     -150.6109429
    6767    3.200    3.200  160.000     -150.6046011
    6768    3.200    3.200  170.000     -150.6014762
    6769    3.200    3.200  179.990     -150.6014178
       0    0.000    0.000    0.000        0.0000000
    6770    3.200    3.300    0.010      -90.9624392
    6771    3.200    3.300   10.000     -147.1808449
    6772    3.200    3.300   20.000     -150.4228745
    6773    3.200    3.300   30.000     -150.7534519
    6774    3.200    3.300   40.000     -150.7332106
    6775    3.200    3.300   50.000     -150.6785422
    6776    3.200    3.300   60.000     -150.6417853
    6777    3.200    3.300   61.000     -150.6397018
    6778    3.200    3.300   70.000     -150.6321257
    6779    3.200    3.300   80.000     -150.6340361
    6780    3.200    3.300   90.000     -150.6354285
    6781    3.200    3.300  100.000     -150.6345895
    6782    3.200    3.300  110.000     -150.6316340
    6783    3.200    3.300  120.000     -150.6268956
    6784    3.200    3.300  130.000     -150.6208010
    6785    3.200    3.300  140.000     -150.6139807
    6786    3.200    3.300  150.000     -150.6074726
    6787    3.200    3.300  160.000     -150.6027387
    6788    3.200    3.300  170.000     -150.6007723
    6789    3.200    3.300  179.990     -150.6008617
       0    0.000    0.000    0.000        0.0000000
    6790    3.200    3.400    0.010     -127.0322604
    6791    3.200    3.400   10.000     -147.6504676
    6792    3.200    3.400   20.000     -150.4685152
    6793    3.200    3.400   30.000     -150.7583951
    6794    3.200    3.400   40.000     -150.7309515
    6795    3.200    3.400   50.000     -150.6744739
    6796    3.200    3.400   60.000     -150.6360668
    6797    3.200    3.400   61.930     -150.6319694
    6798    3.200    3.400   70.000     -150.6252186
    6799    3.200    3.400   80.000     -150.6272261
    6800    3.200    3.400   90.000     -150.6287454
    6801    3.200    3.400  100.000     -150.6280930
    6802    3.200    3.400  110.000     -150.6254641
    6803    3.200    3.400  120.000     -150.6212395
    6804    3.200    3.400  130.000     -150.6158965
    6805    3.200    3.400  140.000     -150.6101356
    6806    3.200    3.400  150.000     -150.6050150
    6807    3.200    3.400  160.000     -150.6016904
    6808    3.200    3.400  170.000     -150.6005393
    6809    3.200    3.400  179.990     -150.6007140
       0    0.000    0.000    0.000        0.0000000
    6810    3.200    3.500    0.010     -137.8475734
    6811    3.200    3.500   10.000     -148.2014333
    6812    3.200    3.500   20.000     -150.5174789
    6813    3.200    3.500   30.000     -150.7621055
    6814    3.200    3.500   40.000     -150.7278754
    6815    3.200    3.500   50.000     -150.6702052
    6816    3.200    3.500   60.000     -150.6306913
    6817    3.200    3.500   62.800     -150.6247271
    6818    3.200    3.500   70.000     -150.6188419
    6819    3.200    3.500   80.000     -150.6211064
    6820    3.200    3.500   90.000     -150.6227997
    6821    3.200    3.500  100.000     -150.6223605
    6822    3.200    3.500  110.000     -150.6200899
    6823    3.200    3.500  120.000     -150.6164234
    6824    3.200    3.500  130.000     -150.6118913
    6825    3.200    3.500  140.000     -150.6072377
    6826    3.200    3.500  150.000     -150.6034289
    6827    3.200    3.500  160.000     -150.6012273
    6828    3.200    3.500  170.000     -150.6006172
    6829    3.200    3.500  179.990     -150.6008375
       0    0.000    0.000    0.000        0.0000000
    6830    3.200    3.600    0.010     -142.8903782
    6831    3.200    3.600   10.000     -148.7416197
    6832    3.200    3.600   20.000     -150.5659104
    6833    3.200    3.600   30.000     -150.7643850
    6834    3.200    3.600   40.000     -150.7240349
    6835    3.200    3.600   50.000     -150.6657575
    6836    3.200    3.600   60.000     -150.6256668
    6837    3.200    3.600   63.610     -150.6180199
    6838    3.200    3.600   70.000     -150.6129767
    6839    3.200    3.600   80.000     -150.6157087
    6840    3.200    3.600   90.000     -150.6176167
    6841    3.200    3.600  100.000     -150.6174113
    6842    3.200    3.600  110.000     -150.6155263
    6843    3.200    3.600  120.000     -150.6124563
    6844    3.200    3.600  130.000     -150.6087721
    6845    3.200    3.600  140.000     -150.6052046
    6846    3.200    3.600  150.000     -150.6025276
    6847    3.200    3.600  160.000     -150.6011481
    6848    3.200    3.600  170.000     -150.6008871
    6849    3.200    3.600  179.990     -150.6011261
       0    0.000    0.000    0.000        0.0000000
    6850    3.200    3.800    0.010     -147.4303041
    6851    3.200    3.800   10.000     -149.6100422
    6852    3.200    3.800   20.000     -150.6500142
    6853    3.200    3.800   30.000     -150.7642637
    6854    3.200    3.800   40.000     -150.7143413
    6855    3.200    3.800   50.000     -150.6564604
    6856    3.200    3.800   60.000     -150.6167602
    6857    3.200    3.800   65.100     -150.6053014
    6858    3.200    3.800   70.000     -150.6025668
    6859    3.200    3.800   80.000     -150.6073324
    6860    3.200    3.800   90.000     -150.6096731
    6861    3.200    3.800  100.000     -150.6099405
    6862    3.200    3.800  110.000     -150.6088630
    6863    3.200    3.800  120.000     -150.6070119
    6864    3.200    3.800  130.000     -150.6049369
    6865    3.200    3.800  140.000     -150.6031596
    6866    3.200    3.800  150.000     -150.6020277
    6867    3.200    3.800  160.000     -150.6015984
    6868    3.200    3.800  170.000     -150.6016605
    6869    3.200    3.800  179.990     -150.6019034
       0    0.000    0.000    0.000        0.0000000
    6870    3.200    4.000    0.010     -149.2437793
    6871    3.200    4.000   10.000     -150.1553015
    6872    3.200    4.000   20.000     -150.7080613
    6873    3.200    4.000   30.000     -150.7580122
    6874    3.200    4.000   40.000     -150.7025210
    6875    3.200    4.000   50.000     -150.6469130
    6876    3.200    4.000   60.000     -150.6094687
    6877    3.200    4.000   66.420     -150.5955560
    6878    3.200    4.000   70.000     -150.5977487
    6879    3.200    4.000   80.000     -150.6028730
    6880    3.200    4.000   90.000     -150.6051210
    6881    3.200    4.000  100.000     -150.6056702
    6882    3.200    4.000  110.000     -150.6052609
    6883    3.200    4.000  120.000     -150.6043916
    6884    3.200    4.000  130.000     -150.6034520
    6885    3.200    4.000  140.000     -150.6027237
    6886    3.200    4.000  150.000     -150.6023436
    6887    3.200    4.000  160.000     -150.6023022
    6888    3.200    4.000  170.000     -150.6024828
    6889    3.200    4.000  179.990     -150.6026958
       0    0.000    0.000    0.000        0.0000000
    6890    3.200    4.500    0.010     -150.5088050
    6891    3.200    4.500   10.000     -150.6587525
    6892    3.200    4.500   20.000     -150.7481875
    6893    3.200    4.500   30.000     -150.7226840
    6894    3.200    4.500   40.000     -150.6684204
    6895    3.200    4.500   50.000     -150.6244722
    6896    3.200    4.500   60.000     -150.6012752
    6897    3.200    4.500   69.170     -150.6011117
    6898    3.200    4.500   70.000     -150.6013211
    6899    3.200    4.500   80.000     -150.6026061
    6900    3.200    4.500   90.000     -150.6032417
    6901    3.200    4.500  100.000     -150.6035204
    6902    3.200    4.500  110.000     -150.6035800
    6903    3.200    4.500  120.000     -150.6035485
    6904    3.200    4.500  130.000     -150.6035163
    6905    3.200    4.500  140.000     -150.6035376
    6906    3.200    4.500  150.000     -150.6036265
    6907    3.200    4.500  160.000     -150.6037833
    6908    3.200    4.500  170.000     -150.6039062
    6909    3.200    4.500  179.990     -150.6040898
       0    0.000    0.000    0.000        0.0000000
    6910    3.200    5.000    0.010     -150.6613027
    6911    3.200    5.000   10.000     -150.7066467
    6912    3.200    5.000   20.000     -150.7105799
    6913    3.200    5.000   30.000     -150.6765803
    6914    3.200    5.000   40.000     -150.6360882
    6915    3.200    5.000   50.000     -150.6087922
    6916    3.200    5.000   60.000     -150.6023165
    6917    3.200    5.000   70.000     -150.6034768
    6918    3.200    5.000   71.340     -150.6034895
    6919    3.200    5.000   80.000     -150.6040535
    6920    3.200    5.000   90.000     -150.6041036
    6921    3.200    5.000  100.000     -150.6041298
    6922    3.200    5.000  110.000     -150.6041449
    6923    3.200    5.000  120.000     -150.6041682
    6924    3.200    5.000  130.000     -150.6042127
    6925    3.200    5.000  140.000     -150.6042892
    6926    3.200    5.000  150.000     -150.6043904
    6927    3.200    5.000  160.000     -150.6044813
    6928    3.200    5.000  170.000     -150.6046097
    6929    3.200    5.000  179.990     -150.6047044
       0    0.000    0.000    0.000        0.0000000
    6930    3.200    6.000    0.010     -150.6102954
    6931    3.200    6.000   10.000     -150.6178271
    6932    3.200    6.000   20.000     -150.6195846
    6933    3.200    6.000   30.000     -150.6110408
    6934    3.200    6.000   40.000     -150.6043466
    6935    3.200    6.000   50.000     -150.6036427
    6936    3.200    6.000   60.000     -150.6043530
    6937    3.200    6.000   70.000     -150.6047806
    6938    3.200    6.000   74.530     -150.6047450
    6939    3.200    6.000   80.000     -150.6048487
    6940    3.200    6.000   90.000     -150.6047578
    6941    3.200    6.000  100.000     -150.6047131
    6942    3.200    6.000  110.000     -150.6047229
    6943    3.200    6.000  120.000     -150.6046937
    6944    3.200    6.000  130.000     -150.6047046
    6945    3.200    6.000  140.000     -150.6047359
    6946    3.200    6.000  150.000     -150.6047563
    6947    3.200    6.000  160.000     -150.6048140
    6948    3.200    6.000  170.000     -150.6048500
    6949    3.200    6.000  179.990     -150.6049116
       0    0.000    0.000    0.000        0.0000000
    6950    3.200    7.000    0.010     -150.6018504
    6951    3.200    7.000   10.000     -150.6019062
    6952    3.200    7.000   20.000     -150.6027566
    6953    3.200    7.000   30.000     -150.6035502
    6954    3.200    7.000   40.000     -150.6041444
    6955    3.200    7.000   50.000     -150.6045713
    6956    3.200    7.000   60.000     -150.6047609
    6957    3.200    7.000   70.000     -150.6049443
    6958    3.200    7.000   76.790     -150.6047981
    6959    3.200    7.000   80.000     -150.6048481
    6960    3.200    7.000   90.000     -150.6047657
    6961    3.200    7.000  100.000     -150.6047639
    6962    3.200    7.000  110.000     -150.6047345
    6963    3.200    7.000  120.000     -150.6047429
    6964    3.200    7.000  130.000     -150.6047227
    6965    3.200    7.000  140.000     -150.6047329
    6966    3.200    7.000  150.000     -150.6047457
    6967    3.200    7.000  160.000     -150.6047774
    6968    3.200    7.000  170.000     -150.6047958
    6969    3.200    7.000  179.990     -150.6049129
       0    0.000    0.000    0.000        0.0000000
    6970    3.200    8.000    0.010     -150.6044696
    6971    3.200    8.000   10.000     -150.6046375
    6972    3.200    8.000   20.000     -150.6045346
    6973    3.200    8.000   30.000     -150.6046799
    6974    3.200    8.000   40.000     -150.6046938
    6975    3.200    8.000   50.000     -150.6047431
    6976    3.200    8.000   60.000     -150.6047639
    6977    3.200    8.000   70.000     -150.6048870
    6978    3.200    8.000   78.460     -150.6047578
    6979    3.200    8.000   80.000     -150.6047918
    6980    3.200    8.000   90.000     -150.6047390
    6981    3.200    8.000  100.000     -150.6047325
    6982    3.200    8.000  110.000     -150.6047172
    6983    3.200    8.000  120.000     -150.6047205
    6984    3.200    8.000  130.000     -150.6047079
    6985    3.200    8.000  140.000     -150.6047140
    6986    3.200    8.000  150.000     -150.6047226
    6987    3.200    8.000  160.000     -150.6047412
    6988    3.200    8.000  170.000     -150.6047515
    6989    3.200    8.000  179.990     -150.6048506
       0    0.000    0.000    0.000        0.0000000
    6990    3.200   10.000   10.000     -150.6047640
    6991    3.200   10.000   20.000     -150.6047086
    6992    3.200   10.000   30.000     -150.6046799
    6993    3.200   10.000   40.000     -150.6046751
    6994    3.200   10.000   50.000     -150.6046623
    6995    3.200   10.000   60.000     -150.6046987
    6996    3.200   10.000   70.000     -150.6048103
    6997    3.200   10.000   90.000     -150.6046978
    6998    3.200   10.000  100.000     -150.6046959
    6999    3.200   10.000  110.000     -150.6046896
    7000    3.200   10.000  120.000     -150.6046900
    7001    3.200   10.000  130.000     -150.6046856
    7002    3.200   10.000  140.000     -150.6046857
    7003    3.200   10.000  150.000     -150.6046911
    7004    3.200   10.000  160.000     -150.6047033
    7005    3.200   10.000  170.000     -150.6047199
    7006    3.200   10.000  179.990     -150.6046225
       0    0.000    0.000    0.000        0.0000000
    7007    3.200   12.000    0.010     -150.6046302
    7008    3.200   12.000   20.000     -150.6046462
    7009    3.200   12.000   40.000     -150.6046215
    7010    3.200   12.000   50.000     -150.6046123
    7011    3.200   12.000   70.000     -150.6047878
    7012    3.200   12.000   90.000     -150.6046573
    7013    3.200   12.000  100.000     -150.6046001
    7014    3.200   12.000  110.000     -150.6046453
    7015    3.200   12.000  120.000     -150.6046027
    7016    3.200   12.000  130.000     -150.6046817
    7017    3.200   12.000  140.000     -150.6046819
    7018    3.200   12.000  160.000     -150.6046088
    7019    3.200   12.000  170.000     -150.6046335
    7020    3.200   12.000  179.990     -150.6047840
       0    0.000    0.000    0.000        0.0000000
    7021    3.200   15.000   40.000     -150.6046301
    7022    3.200   15.000   70.000     -150.6047800
    7023    3.200   15.000   90.000     -150.6045496
    7024    3.200   15.000  100.000     -150.6046957
    7025    3.200   15.000  110.000     -150.6046067
    7026    3.200   15.000  120.000     -150.6046326
    7027    3.200   15.000  130.000     -150.6046054
    7028    3.200   15.000  140.000     -150.6046637
    7029    3.200   15.000  150.000     -150.6046247
    7030    3.200   15.000  160.000     -150.6046321
    7031    3.200   15.000  170.000     -150.6046290
    7032    3.200   15.000  179.990     -150.6047789
       0    0.000    0.000    0.000        0.0000000
    7033    3.400    1.200    0.010     -150.3780645
    7034    3.400    1.200   10.000     -150.3850451
    7035    3.400    1.200   20.000     -150.4038809
    7036    3.400    1.200   30.000     -150.4271392
    7037    3.400    1.200   40.000     -150.4499188
    7038    3.400    1.200   50.000     -150.4695855
    7039    3.400    1.200   60.000     -150.4850197
    7040    3.400    1.200   70.000     -150.4959785
    7041    3.400    1.200   80.000     -150.5027858
    7042    3.400    1.200   90.000     -150.5054038
    7043    3.400    1.200  100.000     -150.5043127
    7044    3.400    1.200  110.000     -150.4998790
    7045    3.400    1.200  120.000     -150.4925057
    7046    3.400    1.200  130.000     -150.4823103
    7047    3.400    1.200  140.000     -150.4709101
    7048    3.400    1.200  150.000     -150.4574918
    7049    3.400    1.200  160.000     -150.4446196
    7050    3.400    1.200  170.000     -150.4323067
    7051    3.400    1.200  179.990     -150.4269549
       0    0.000    0.000    0.000        0.0000000
    7052    3.400    1.400    0.010     -150.5215247
    7053    3.400    1.400   10.000     -150.5320954
    7054    3.400    1.400   20.000     -150.5567010
    7055    3.400    1.400   30.000     -150.5844248
    7056    3.400    1.400   40.000     -150.6103273
    7057    3.400    1.400   50.000     -150.6319108
    7058    3.400    1.400   60.000     -150.6483762
    7059    3.400    1.400   70.000     -150.6598138
    7060    3.400    1.400   80.000     -150.6666265
    7061    3.400    1.400   90.000     -150.6692632
    7062    3.400    1.400  100.000     -150.6681483
    7063    3.400    1.400  110.000     -150.6636874
    7064    3.400    1.400  120.000     -150.6563007
    7065    3.400    1.400  130.000     -150.6464622
    7066    3.400    1.400  140.000     -150.6347352
    7067    3.400    1.400  150.000     -150.6218148
    7068    3.400    1.400  160.000     -150.6086342
    7069    3.400    1.400  170.000     -150.5969298
    7070    3.400    1.400  179.990     -150.5916441
       0    0.000    0.000    0.000        0.0000000
    7071    3.400    1.600    0.010     -150.5703685
    7072    3.400    1.600   10.000     -150.5881044
    7073    3.400    1.600   20.000     -150.6180817
    7074    3.400    1.600   30.000     -150.6486683
    7075    3.400    1.600   40.000     -150.6758316
    7076    3.400    1.600   50.000     -150.6979887
    7077    3.400    1.600   60.000     -150.7146963
    7078    3.400    1.600   70.000     -150.7261913
    7079    3.400    1.600   80.000     -150.7329753
    7080    3.400    1.600   90.000     -150.7355644
    7081    3.400    1.600  100.000     -150.7344236
    7082    3.400    1.600  110.000     -150.7299762
    7083    3.400    1.600  120.000     -150.7226457
    7084    3.400    1.600  130.000     -150.7129008
    7085    3.400    1.600  140.000     -150.7012983
    7086    3.400    1.600  150.000     -150.6885331
    7087    3.400    1.600  160.000     -150.6755492
    7088    3.400    1.600  170.000     -150.6640950
    7089    3.400    1.600  179.990     -150.6589832
       0    0.000    0.000    0.000        0.0000000
    7090    3.400    1.700    0.010     -150.5754855
    7091    3.400    1.700   10.000     -150.5976694
    7092    3.400    1.700   20.000     -150.6319773
    7093    3.400    1.700   30.000     -150.6636182
    7094    3.400    1.700   40.000     -150.6901961
    7095    3.400    1.700   50.000     -150.7117954
    7096    3.400    1.700   60.000     -150.7281989
    7097    3.400    1.700   70.000     -150.7395278
    7098    3.400    1.700   80.000     -150.7462093
    7099    3.400    1.700   90.000     -150.7487360
    7100    3.400    1.700  100.000     -150.7475697
    7101    3.400    1.700  110.000     -150.7431325
    7102    3.400    1.700  120.000     -150.7358431
    7103    3.400    1.700  130.000     -150.7261634
    7104    3.400    1.700  140.000     -150.7146444
    7105    3.400    1.700  150.000     -150.7019786
    7106    3.400    1.700  160.000     -150.6891147
    7107    3.400    1.700  170.000     -150.6778147
    7108    3.400    1.700  179.990     -150.6728172
       0    0.000    0.000    0.000        0.0000000
    7109    3.400    1.800    0.010     -150.5706309
    7110    3.400    1.800   10.000     -150.5974449
    7111    3.400    1.800   19.190     -150.6362639
    7112    3.400    1.800   20.000     -150.6394644
    7113    3.400    1.800   30.000     -150.6727439
    7114    3.400    1.800   40.000     -150.6977116
    7115    3.400    1.800   50.000     -150.7179833
    7116    3.400    1.800   60.000     -150.7337321
    7117    3.400    1.800   70.000     -150.7447524
    7118    3.400    1.800   80.000     -150.7512726
    7119    3.400    1.800   90.000     -150.7537130
    7120    3.400    1.800  100.000     -150.7525145
    7121    3.400    1.800  110.000     -150.7480906
    7122    3.400    1.800  120.000     -150.7408515
    7123    3.400    1.800  130.000     -150.7312498
    7124    3.400    1.800  140.000     -150.7198288
    7125    3.400    1.800  150.000     -150.7072775
    7126    3.400    1.800  160.000     -150.6945495
    7127    3.400    1.800  170.000     -150.6834240
    7128    3.400    1.800  179.990     -150.6785575
       0    0.000    0.000    0.000        0.0000000
    7129    3.400    1.850    0.010     -150.5640513
    7130    3.400    1.850   10.000     -150.5938456
    7131    3.400    1.850   20.000     -150.6414131
    7132    3.400    1.850   23.230     -150.6543174
    7133    3.400    1.850   30.000     -150.6759968
    7134    3.400    1.850   40.000     -150.6997662
    7135    3.400    1.850   50.000     -150.7190353
    7136    3.400    1.850   60.000     -150.7343104
    7137    3.400    1.850   70.000     -150.7451215
    7138    3.400    1.850   80.000     -150.7515398
    7139    3.400    1.850   90.000     -150.7539289
    7140    3.400    1.850  100.000     -150.7527124
    7141    3.400    1.850  110.000     -150.7482968
    7142    3.400    1.850  120.000     -150.7410866
    7143    3.400    1.850  130.000     -150.7315289
    7144    3.400    1.850  140.000     -150.7201628
    7145    3.400    1.850  150.000     -150.7076745
    7146    3.400    1.850  160.000     -150.6950209
    7147    3.400    1.850  170.000     -150.6839902
    7148    3.400    1.850  179.990     -150.6791953
       0    0.000    0.000    0.000        0.0000000
    7149    3.400    1.900    0.010     -150.5542366
    7150    3.400    1.900   10.000     -150.5879000
    7151    3.400    1.900   20.000     -150.6423983
    7152    3.400    1.900   26.530     -150.6683887
    7153    3.400    1.900   30.000     -150.6787171
    7154    3.400    1.900   40.000     -150.7010467
    7155    3.400    1.900   50.000     -150.7190628
    7156    3.400    1.900   60.000     -150.7337593
    7157    3.400    1.900   70.000     -150.7443245
    7158    3.400    1.900   80.000     -150.7506275
    7159    3.400    1.900   90.000     -150.7529604
    7160    3.400    1.900  100.000     -150.7517250
    7161    3.400    1.900  110.000     -150.7473190
    7162    3.400    1.900  120.000     -150.7401404
    7163    3.400    1.900  130.000     -150.7306304
    7164    3.400    1.900  140.000     -150.7193232
    7165    3.400    1.900  150.000     -150.7069026
    7166    3.400    1.900  160.000     -150.6943269
    7167    3.400    1.900  170.000     -150.6833967
    7168    3.400    1.900  179.990     -150.6786770
       0    0.000    0.000    0.000        0.0000000
    7169    3.400    2.000    0.010     -150.5215292
    7170    3.400    2.000   10.000     -150.5681819
    7171    3.400    2.000   20.000     -150.6419308
    7172    3.400    2.000   30.000     -150.6832807
    7173    3.400    2.000   31.790     -150.6875845
    7174    3.400    2.000   40.000     -150.7021340
    7175    3.400    2.000   50.000     -150.7168362
    7176    3.400    2.000   60.000     -150.7300403
    7177    3.400    2.000   70.000     -150.7400040
    7178    3.400    2.000   80.000     -150.7460392
    7179    3.400    2.000   90.000     -150.7482472
    7180    3.400    2.000  100.000     -150.7469720
    7181    3.400    2.000  110.000     -150.7425898
    7182    3.400    2.000  120.000     -150.7354833
    7183    3.400    2.000  130.000     -150.7260806
    7184    3.400    2.000  140.000     -150.7149046
    7185    3.400    2.000  150.000     -150.7026329
    7186    3.400    2.000  160.000     -150.6902279
    7187    3.400    2.000  170.000     -150.6795164
    7188    3.400    2.000  179.990     -150.6749595
       0    0.000    0.000    0.000        0.0000000
    7189    3.400    2.100    0.010     -150.4665210
    7190    3.400    2.100   10.000     -150.5351077
    7191    3.400    2.100   20.000     -150.6383734
    7192    3.400    2.100   30.000     -150.6875289
    7193    3.400    2.100   35.950     -150.6980187
    7194    3.400    2.100   40.000     -150.7023291
    7195    3.400    2.100   50.000     -150.7126044
    7196    3.400    2.100   60.000     -150.7238404
    7197    3.400    2.100   70.000     -150.7330614
    7198    3.400    2.100   80.000     -150.7387857
    7199    3.400    2.100   90.000     -150.7408554
    7200    3.400    2.100  100.000     -150.7395400
    7201    3.400    2.100  110.000     -150.7351887
    7202    3.400    2.100  120.000     -150.7281672
    7203    3.400    2.100  130.000     -150.7188890
    7204    3.400    2.100  140.000     -150.7078642
    7205    3.400    2.100  150.000     -150.6957624
    7206    3.400    2.100  160.000     -150.6835512
    7207    3.400    2.100  170.000     -150.6730864
    7208    3.400    2.100  179.990     -150.6687099
       0    0.000    0.000    0.000        0.0000000
    7209    3.400    2.300    0.010     -150.2400379
    7210    3.400    2.300   10.000     -150.4061072
    7211    3.400    2.300   20.000     -150.6198633
    7212    3.400    2.300   30.000     -150.6968712
    7213    3.400    2.300   40.000     -150.7030998
    7214    3.400    2.300   42.340     -150.7022026
    7215    3.400    2.300   50.000     -150.7015882
    7216    3.400    2.300   60.000     -150.7073836
    7217    3.400    2.300   70.000     -150.7147339
    7218    3.400    2.300   80.000     -150.7197439
    7219    3.400    2.300   90.000     -150.7215162
    7220    3.400    2.300  100.000     -150.7201283
    7221    3.400    2.300  110.000     -150.7158661
    7222    3.400    2.300  120.000     -150.7090583
    7223    3.400    2.300  130.000     -150.7000870
    7224    3.400    2.300  140.000     -150.6894343
    7225    3.400    2.300  150.000     -150.6777517
    7226    3.400    2.300  160.000     -150.6660210
    7227    3.400    2.300  170.000     -150.6561636
    7228    3.400    2.300  179.990     -150.6523071
       0    0.000    0.000    0.000        0.0000000
    7229    3.400    2.500    0.010     -149.7189868
    7230    3.400    2.500   10.000     -150.1412747
    7231    3.400    2.500   20.000     -150.5828710
    7232    3.400    2.500   30.000     -150.7069265
    7233    3.400    2.500   40.000     -150.7060028
    7234    3.400    2.500   47.160     -150.6936610
    7235    3.400    2.500   50.000     -150.6904967
    7236    3.400    2.500   60.000     -150.6889663
    7237    3.400    2.500   70.000     -150.6940227
    7238    3.400    2.500   80.000     -150.6982640
    7239    3.400    2.500   90.000     -150.6997447
    7240    3.400    2.500  100.000     -150.6983120
    7241    3.400    2.500  110.000     -150.6941861
    7242    3.400    2.500  120.000     -150.6876603
    7243    3.400    2.500  130.000     -150.6790868
    7244    3.400    2.500  140.000     -150.6689198
    7245    3.400    2.500  150.000     -150.6577965
    7246    3.400    2.500  160.000     -150.6467225
    7247    3.400    2.500  170.000     -150.6376791
    7248    3.400    2.500  179.990     -150.6343099
       0    0.000    0.000    0.000        0.0000000
    7249    3.400    2.700    0.010     -148.5375912
    7250    3.400    2.700   10.000     -149.6632322
    7251    3.400    2.700   20.000     -150.5308368
    7252    3.400    2.700   30.000     -150.7166925
    7253    3.400    2.700   40.000     -150.7100844
    7254    3.400    2.700   50.000     -150.6809598
    7255    3.400    2.700   50.980     -150.6790096
    7256    3.400    2.700   60.000     -150.6708577
    7257    3.400    2.700   70.000     -150.6733297
    7258    3.400    2.700   80.000     -150.6768305
    7259    3.400    2.700   90.000     -150.6780635
    7260    3.400    2.700  100.000     -150.6766340
    7261    3.400    2.700  110.000     -150.6727065
    7262    3.400    2.700  120.000     -150.6665477
    7263    3.400    2.700  130.000     -150.6584858
    7264    3.400    2.700  140.000     -150.6489545
    7265    3.400    2.700  150.000     -150.6385849
    7266    3.400    2.700  160.000     -150.6284291
    7267    3.400    2.700  170.000     -150.6204836
    7268    3.400    2.700  179.990     -150.6176865
       0    0.000    0.000    0.000        0.0000000
    7269    3.400    2.850    0.010     -146.6888034
    7270    3.400    2.850   10.000     -149.1264001
    7271    3.400    2.850   20.000     -150.4905291
    7272    3.400    2.850   30.000     -150.7237834
    7273    3.400    2.850   40.000     -150.7127970
    7274    3.400    2.850   50.000     -150.6748540
    7275    3.400    2.850   60.000     -150.6581617
    7276    3.400    2.850   70.000     -150.6585949
    7277    3.400    2.850   80.000     -150.6616050
    7278    3.400    2.850   90.000     -150.6627003
    7279    3.400    2.850  100.000     -150.6613145
    7280    3.400    2.850  110.000     -150.6575853
    7281    3.400    2.850  120.000     -150.6517684
    7282    3.400    2.850  130.000     -150.6441824
    7283    3.400    2.850  140.000     -150.6352521
    7284    3.400    2.850  150.000     -150.6256236
    7285    3.400    2.850  160.000     -150.6163881
    7286    3.400    2.850  170.000     -150.6094835
    7287    3.400    2.850  179.990     -150.6071790
       0    0.000    0.000    0.000        0.0000000
    7288    3.400    3.000    0.010     -142.9107197
    7289    3.400    3.000   10.000     -148.4604216
    7290    3.400    3.000   20.000     -150.4595394
    7291    3.400    3.000   30.000     -150.7307740
    7292    3.400    3.000   40.000     -150.7145361
    7293    3.400    3.000   50.000     -150.6693428
    7294    3.400    3.000   55.480     -150.6532207
    7295    3.400    3.000   60.000     -150.6464864
    7296    3.400    3.000   70.000     -150.6448726
    7297    3.400    3.000   80.000     -150.6474804
    7298    3.400    3.000   90.000     -150.6484892
    7299    3.400    3.000  100.000     -150.6471877
    7300    3.400    3.000  110.000     -150.6437042
    7301    3.400    3.000  120.000     -150.6382945
    7302    3.400    3.000  130.000     -150.6312730
    7303    3.400    3.000  140.000     -150.6230733
    7304    3.400    3.000  150.000     -150.6143666
    7305    3.400    3.000  160.000     -150.6062796
    7306    3.400    3.000  170.000     -150.6005887
    7307    3.400    3.000  179.990     -150.5987919
       0    0.000    0.000    0.000        0.0000000
    7308    3.400    3.100    0.010     -137.8666472
    7309    3.400    3.100   10.000     -148.0069712
    7310    3.400    3.100   20.000     -150.4487519
    7311    3.400    3.100   30.000     -150.7353410
    7312    3.400    3.100   40.000     -150.7149641
    7313    3.400    3.100   50.000     -150.6658349
    7314    3.400    3.100   60.000     -150.6393235
    7315    3.400    3.100   70.000     -150.6363792
    7316    3.400    3.100   80.000     -150.6387794
    7317    3.400    3.100   90.000     -150.6397612
    7318    3.400    3.100  100.000     -150.6385390
    7319    3.400    3.100  110.000     -150.6352468
    7320    3.400    3.100  120.000     -150.6301446
    7321    3.400    3.100  130.000     -150.6235532
    7322    3.400    3.100  140.000     -150.6159169
    7323    3.400    3.100  150.000     -150.6079306
    7324    3.400    3.100  160.000     -150.6007301
    7325    3.400    3.100  170.000     -150.5959109
    7326    3.400    3.100  179.990     -150.5945032
       0    0.000    0.000    0.000        0.0000000
    7327    3.400    3.200    0.010     -127.0194376
    7328    3.400    3.200   10.000     -147.6296573
    7329    3.400    3.200   20.000     -150.4481586
    7330    3.400    3.200   30.000     -150.7397247
    7331    3.400    3.200   40.000     -150.7147266
    7332    3.400    3.200   50.000     -150.6623582
    7333    3.400    3.200   57.910     -150.6363000
    7334    3.400    3.200   60.000     -150.6326695
    7335    3.400    3.200   70.000     -150.6284501
    7336    3.400    3.200   80.000     -150.6306962
    7337    3.400    3.200   90.000     -150.6316755
    7338    3.400    3.200  100.000     -150.6305508
    7339    3.400    3.200  110.000     -150.6274715
    7340    3.400    3.200  120.000     -150.6227073
    7341    3.400    3.200  130.000     -150.6165886
    7342    3.400    3.200  140.000     -150.6095760
    7343    3.400    3.200  150.000     -150.6023897
    7344    3.400    3.200  160.000     -150.5961500
    7345    3.400    3.200  170.000     -150.5922114
    7346    3.400    3.200  179.990     -150.5910834
       0    0.000    0.000    0.000        0.0000000
    7347    3.400    3.300    0.010      -90.9413995
    7348    3.400    3.300   10.000     -147.4148911
    7349    3.400    3.300   20.000     -150.4583735
    7350    3.400    3.300   30.000     -150.7437728
    7351    3.400    3.300   40.000     -150.7137875
    7352    3.400    3.300   50.000     -150.6588454
    7353    3.400    3.300   58.990     -150.6283493
    7354    3.400    3.300   60.000     -150.6265200
    7355    3.400    3.300   70.000     -150.6211055
    7356    3.400    3.300   80.000     -150.6232552
    7357    3.400    3.300   90.000     -150.6242557
    7358    3.400    3.300  100.000     -150.6232456
    7359    3.400    3.300  110.000     -150.6203997
    7360    3.400    3.300  120.000     -150.6160020
    7361    3.400    3.300  130.000     -150.6103960
    7362    3.400    3.300  140.000     -150.6040630
    7363    3.400    3.300  150.000     -150.5977433
    7364    3.400    3.300  160.000     -150.5925067
    7365    3.400    3.300  170.000     -150.5894177
    7366    3.400    3.300  179.990     -150.5885855
       0    0.000    0.000    0.000        0.0000000
    7367    3.400    3.400   10.000     -147.4224665
    7368    3.400    3.400   20.000     -150.4786293
    7369    3.400    3.400   30.000     -150.7472983
    7370    3.400    3.400   40.000     -150.7121352
    7371    3.400    3.400   50.000     -150.6552501
    7372    3.400    3.400   60.000     -150.6208570
    7373    3.400    3.400   70.000     -150.6143551
    7374    3.400    3.400   80.000     -150.6164698
    7375    3.400    3.400   90.000     -150.6175135
    7376    3.400    3.400  100.000     -150.6166338
    7377    3.400    3.400  110.000     -150.6140400
    7378    3.400    3.400  120.000     -150.6100345
    7379    3.400    3.400  130.000     -150.6049774
    7380    3.400    3.400  140.000     -150.5993711
    7381    3.400    3.400  150.000     -150.5939640
    7382    3.400    3.400  160.000     -150.5897299
    7383    3.400    3.400  170.000     -150.5874172
    7384    3.400    3.400  179.990     -150.5868497
       0    0.000    0.000    0.000        0.0000000
    7385    3.400    3.500    0.010      -90.9470366
    7386    3.400    3.500   10.000     -147.6510009
    7387    3.400    3.500   20.000     -150.5069552
    7388    3.400    3.500   30.000     -150.7501029
    7389    3.400    3.500   40.000     -150.7097785
    7390    3.400    3.500   50.000     -150.6515456
    7391    3.400    3.500   60.000     -150.6156427
    7392    3.400    3.500   60.940     -150.6138840
    7393    3.400    3.500   70.000     -150.6081987
    7394    3.400    3.500   80.000     -150.6103444
    7395    3.400    3.500   90.000     -150.6114517
    7396    3.400    3.500  100.000     -150.6107156
    7397    3.400    3.500  110.000     -150.6083904
    7398    3.400    3.500  120.000     -150.6047994
    7399    3.400    3.500  130.000     -150.6003214
    7400    3.400    3.500  140.000     -150.5954769
    7401    3.400    3.500  150.000     -150.5910003
    7402    3.400    3.500  160.000     -150.5877181
    7403    3.400    3.500  170.000     -150.5860782
    7404    3.400    3.500  179.990     -150.5857440
       0    0.000    0.000    0.000        0.0000000
    7405    3.400    3.600    0.010     -127.0197029
    7406    3.400    3.600   10.000     -148.0389005
    7407    3.400    3.600   20.000     -150.5406047
    7408    3.400    3.600   30.000     -150.7520012
    7409    3.400    3.600   40.000     -150.7067439
    7410    3.400    3.600   50.000     -150.6477234
    7411    3.400    3.600   60.000     -150.6108423
    7412    3.400    3.600   61.820     -150.6074714
    7413    3.400    3.600   70.000     -150.6026273
    7414    3.400    3.600   80.000     -150.6048764
    7415    3.400    3.600   90.000     -150.6060651
    7416    3.400    3.600  100.000     -150.6054838
    7417    3.400    3.600  110.000     -150.6034405
    7418    3.400    3.600  120.000     -150.6002828
    7419    3.400    3.600  130.000     -150.5964067
    7420    3.400    3.600  140.000     -150.5923428
    7421    3.400    3.600  150.000     -150.5887771
    7422    3.400    3.600  160.000     -150.5863479
    7423    3.400    3.600  170.000     -150.5852548
    7424    3.400    3.600  179.990     -150.5850934
       0    0.000    0.000    0.000        0.0000000
    7425    3.400    3.800    0.010     -142.9085948
    7426    3.400    3.800   10.000     -148.9581840
    7427    3.400    3.800   20.000     -150.6121203
    7428    3.400    3.800   30.000     -150.7525129
    7429    3.400    3.800   40.000     -150.6988171
    7430    3.400    3.800   50.000     -150.6397612
    7431    3.400    3.800   60.000     -150.6025302
    7432    3.400    3.800   63.430     -150.5963972
    7433    3.400    3.800   70.000     -150.5931639
    7434    3.400    3.800   80.000     -150.5958926
    7435    3.400    3.800   90.000     -150.5972829
    7436    3.400    3.800  100.000     -150.5970316
    7437    3.400    3.800  110.000     -150.5955807
    7438    3.400    3.800  120.000     -150.5933237
    7439    3.400    3.800  130.000     -150.5906771
    7440    3.400    3.800  140.000     -150.5881272
    7441    3.400    3.800  150.000     -150.5861509
    7442    3.400    3.800  160.000     -150.5849984
    7443    3.400    3.800  170.000     -150.5845791
    7444    3.400    3.800  179.990     -150.5845244
       0    0.000    0.000    0.000        0.0000000
    7445    3.400    4.000    0.010     -147.4485645
    7446    3.400    4.000   10.000     -149.7131444
    7447    3.400    4.000   20.000     -150.6736518
    7448    3.400    4.000   30.000     -150.7481987
    7449    3.400    4.000   40.000     -150.6888091
    7450    3.400    4.000   50.000     -150.6315312
    7451    3.400    4.000   60.000     -150.5958760
    7452    3.400    4.000   64.850     -150.5870309
    7453    3.400    4.000   70.000     -150.5858303
    7454    3.400    4.000   80.000     -150.5895415
    7455    3.400    4.000   90.000     -150.5911081
    7456    3.400    4.000  100.000     -150.5911748
    7457    3.400    4.000  110.000     -150.5903148
    7458    3.400    4.000  120.000     -150.5889373
    7459    3.400    4.000  130.000     -150.5874133
    7460    3.400    4.000  140.000     -150.5860822
    7461    3.400    4.000  150.000     -150.5851669
    7462    3.400    4.000  160.000     -150.5847078
    7463    3.400    4.000  170.000     -150.5845748
    7464    3.400    4.000  179.990     -150.5845730
       0    0.000    0.000    0.000        0.0000000
    7465    3.400    4.500    0.010     -150.2793357
    7466    3.400    4.500   10.000     -150.5611687
    7467    3.400    4.500   20.000     -150.7405151
    7468    3.400    4.500   30.000     -150.7188830
    7469    3.400    4.500   40.000     -150.6584797
    7470    3.400    4.500   50.000     -150.6115629
    7471    3.400    4.500   60.000     -150.5858664
    7472    3.400    4.500   67.800     -150.5825180
    7473    3.400    4.500   70.000     -150.5829463
    7474    3.400    4.500   80.000     -150.5846817
    7475    3.400    4.500   90.000     -150.5855332
    7476    3.400    4.500  100.000     -150.5857986
    7477    3.400    4.500  110.000     -150.5857594
    7478    3.400    4.500  120.000     -150.5855911
    7479    3.400    4.500  130.000     -150.5854057
    7480    3.400    4.500  140.000     -150.5852692
    7481    3.400    4.500  150.000     -150.5852089
    7482    3.400    4.500  160.000     -150.5852114
    7483    3.400    4.500  170.000     -150.5852422
    7484    3.400    4.500  179.990     -150.5852696
       0    0.000    0.000    0.000        0.0000000
    7485    3.400    5.000    0.010     -150.6577424
    7486    3.400    5.000   10.000     -150.7052499
    7487    3.400    5.000   20.000     -150.7176264
    7488    3.400    5.000   30.000     -150.6759129
    7489    3.400    5.000   40.000     -150.6277918
    7490    3.400    5.000   50.000     -150.5958115
    7491    3.400    5.000   60.000     -150.5844614
    7492    3.400    5.000   70.000     -150.5847240
    7493    3.400    5.000   70.120     -150.5846882
    7494    3.400    5.000   80.000     -150.5852233
    7495    3.400    5.000   90.000     -150.5854766
    7496    3.400    5.000  100.000     -150.5855652
    7497    3.400    5.000  110.000     -150.5855879
    7498    3.400    5.000  120.000     -150.5855876
    7499    3.400    5.000  130.000     -150.5855843
    7500    3.400    5.000  140.000     -150.5855930
    7501    3.400    5.000  150.000     -150.5856151
    7502    3.400    5.000  160.000     -150.5856507
    7503    3.400    5.000  170.000     -150.5856865
    7504    3.400    5.000  179.990     -150.5857056
       0    0.000    0.000    0.000        0.0000000
    7505    3.400    6.000    0.010     -150.6204419
    7506    3.400    6.000   10.000     -150.6294745
    7507    3.400    6.000   20.000     -150.6224550
    7508    3.400    6.000   30.000     -150.6045869
    7509    3.400    6.000   40.000     -150.5898608
    7510    3.400    6.000   50.000     -150.5855369
    7511    3.400    6.000   60.000     -150.5855644
    7512    3.400    6.000   70.000     -150.5857844
    7513    3.400    6.000   73.540     -150.5857761
    7514    3.400    6.000   80.000     -150.5857912
    7515    3.400    6.000   90.000     -150.5857976
    7516    3.400    6.000  100.000     -150.5857916
    7517    3.400    6.000  110.000     -150.5857867
    7518    3.400    6.000  120.000     -150.5857815
    7519    3.400    6.000  130.000     -150.5857823
    7520    3.400    6.000  140.000     -150.5857910
    7521    3.400    6.000  150.000     -150.5858005
    7522    3.400    6.000  160.000     -150.5858165
    7523    3.400    6.000  170.000     -150.5858313
    7524    3.400    6.000  179.990     -150.5858404
       0    0.000    0.000    0.000        0.0000000
    7525    3.400    7.000    0.010     -150.5851026
    7526    3.400    7.000   10.000     -150.5853998
    7527    3.400    7.000   20.000     -150.5858683
    7528    3.400    7.000   30.000     -150.5855476
    7529    3.400    7.000   40.000     -150.5855610
    7530    3.400    7.000   50.000     -150.5857315
    7531    3.400    7.000   60.000     -150.5858139
    7532    3.400    7.000   70.000     -150.5858200
    7533    3.400    7.000   75.940     -150.5857847
    7534    3.400    7.000   80.000     -150.5857729
    7535    3.400    7.000   90.000     -150.5857575
    7536    3.400    7.000  100.000     -150.5857469
    7537    3.400    7.000  110.000     -150.5857396
    7538    3.400    7.000  120.000     -150.5857336
    7539    3.400    7.000  130.000     -150.5857314
    7540    3.400    7.000  140.000     -150.5857334
    7541    3.400    7.000  150.000     -150.5857382
    7542    3.400    7.000  160.000     -150.5857462
    7543    3.400    7.000  170.000     -150.5857536
    7544    3.400    7.000  179.990     -150.5864935
       0    0.000    0.000    0.000        0.0000000
    7545    3.400    8.000    0.010     -150.5853872
    7546    3.400    8.000   10.000     -150.5854450
    7547    3.400    8.000   20.000     -150.5856071
    7548    3.400    8.000   30.000     -150.5857480
    7549    3.400    8.000   40.000     -150.5857795
    7550    3.400    8.000   50.000     -150.5857812
    7551    3.400    8.000   60.000     -150.5857619
    7552    3.400    8.000   70.000     -150.5857497
    7553    3.400    8.000   77.730     -150.5857165
    7554    3.400    8.000   80.000     -150.5857109
    7555    3.400    8.000   90.000     -150.5856997
    7556    3.400    8.000  100.000     -150.5856922
    7557    3.400    8.000  110.000     -150.5856876
    7558    3.400    8.000  120.000     -150.5856841
    7559    3.400    8.000  130.000     -150.5856825
    7560    3.400    8.000  140.000     -150.5856832
    7561    3.400    8.000  150.000     -150.5856857
    7562    3.400    8.000  160.000     -150.5856898
    7563    3.400    8.000  170.000     -150.5856937
    7564    3.400    8.000  179.990     -150.5857036
       0    0.000    0.000    0.000        0.0000000
    7565    3.400   10.000    0.010     -150.5865414
    7566    3.400   10.000   10.000     -150.5857786
    7567    3.400   10.000   20.000     -150.5857528
    7568    3.400   10.000   30.000     -150.5857250
    7569    3.400   10.000   40.000     -150.5856938
    7570    3.400   10.000   50.000     -150.5856768
    7571    3.400   10.000   60.000     -150.5856730
    7572    3.400   10.000   80.210     -150.5856497
    7573    3.400   10.000   90.000     -150.5856446
    7574    3.400   10.000  100.000     -150.5856424
    7575    3.400   10.000  110.000     -150.5856408
    7576    3.400   10.000  120.000     -150.5856399
    7577    3.400   10.000  130.000     -150.5856394
    7578    3.400   10.000  140.000     -150.5856391
    7579    3.400   10.000  150.000     -150.5856395
    7580    3.400   10.000  160.000     -150.5856398
    7581    3.400   10.000  170.000     -150.5856408
    7582    3.400   10.000  179.990     -150.5856443
       0    0.000    0.000    0.000        0.0000000
    7583    3.400   12.000    0.010     -150.5856663
    7584    3.400   12.000   10.000     -150.5856628
    7585    3.400   12.000   20.000     -150.5856563
    7586    3.400   12.000   30.000     -150.5856449
    7587    3.400   12.000   40.000     -150.5856422
    7588    3.400   12.000   50.000     -150.5856367
    7589    3.400   12.000   70.000     -150.5864490
    7590    3.400   12.000   81.860     -150.5856327
    7591    3.400   12.000   90.000     -150.5856319
    7592    3.400   12.000  100.000     -150.5856299
    7593    3.400   12.000  110.000     -150.5856290
    7594    3.400   12.000  120.000     -150.5856287
    7595    3.400   12.000  130.000     -150.5856288
    7596    3.400   12.000  140.000     -150.5856289
    7597    3.400   12.000  150.000     -150.5856293
    7598    3.400   12.000  160.000     -150.5856313
    7599    3.400   12.000  170.000     -150.5856316
    7600    3.400   12.000  179.990     -150.5856270
       0    0.000    0.000    0.000        0.0000000
    7601    3.400   15.000   10.000     -150.5843635
    7602    3.400   15.000   20.000     -150.5856200
    7603    3.400   15.000   40.000     -150.5856242
    7604    3.400   15.000   70.000     -150.5864409
    7605    3.400   15.000   83.490     -150.5856258
    7606    3.400   15.000   90.000     -150.5856271
    7607    3.400   15.000  100.000     -150.5856267
    7608    3.400   15.000  110.000     -150.5856265
    7609    3.400   15.000  120.000     -150.5856264
    7610    3.400   15.000  130.000     -150.5856264
    7611    3.400   15.000  140.000     -150.5856265
    7612    3.400   15.000  150.000     -150.5856267
    7613    3.400   15.000  160.000     -150.5856269
    7614    3.400   15.000  170.000     -150.5856270
    7615    3.400   15.000  179.990     -150.5856172
       0    0.000    0.000    0.000        0.0000000
    7616    3.600    1.200    0.010     -150.4072120
    7617    3.600    1.200   10.000     -150.4115888
    7618    3.600    1.200   20.000     -150.4236550
    7619    3.600    1.200   30.000     -150.4395644
    7620    3.600    1.200   40.000     -150.4557121
    7621    3.600    1.200   50.000     -150.4698961
    7622    3.600    1.200   60.000     -150.4810882
    7623    3.600    1.200   70.000     -150.4889690
    7624    3.600    1.200   80.000     -150.4937410
    7625    3.600    1.200   90.000     -150.4952438
    7626    3.600    1.200  100.000     -150.4938674
    7627    3.600    1.200  110.000     -150.4899060
    7628    3.600    1.200  120.000     -150.4837181
    7629    3.600    1.200  130.000     -150.4754804
    7630    3.600    1.200  140.000     -150.4666282
    7631    3.600    1.200  150.000     -150.4569152
    7632    3.600    1.200  160.000     -150.4483193
    7633    3.600    1.200  170.000     -150.4421624
    7634    3.600    1.200  179.990     -150.4399900
       0    0.000    0.000    0.000        0.0000000
    7635    3.600    1.400    0.010     -150.5552875
    7636    3.600    1.400   10.000     -150.5614131
    7637    3.600    1.400   20.000     -150.5773725
    7638    3.600    1.400   30.000     -150.5971525
    7639    3.600    1.400   40.000     -150.6161877
    7640    3.600    1.400   50.000     -150.6322030
    7641    3.600    1.400   60.000     -150.6444189
    7642    3.600    1.400   70.000     -150.6528075
    7643    3.600    1.400   80.000     -150.6576216
    7644    3.600    1.400   90.000     -150.6591798
    7645    3.600    1.400  100.000     -150.6578055
    7646    3.600    1.400  110.000     -150.6538335
    7647    3.600    1.400  120.000     -150.6476431
    7648    3.600    1.400  130.000     -150.6397016
    7649    3.600    1.400  140.000     -150.6306158
    7650    3.600    1.400  150.000     -150.6212078
    7651    3.600    1.400  160.000     -150.6126401
    7652    3.600    1.400  170.000     -150.6064979
    7653    3.600    1.400  179.990     -150.6043168
       0    0.000    0.000    0.000        0.0000000
    7654    3.600    1.600    0.010     -150.6085142
    7655    3.600    1.600   10.000     -150.6165797
    7656    3.600    1.600   20.000     -150.6365284
    7657    3.600    1.600   30.000     -150.6593676
    7658    3.600    1.600   40.000     -150.6803823
    7659    3.600    1.600   50.000     -150.6975564
    7660    3.600    1.600   60.000     -150.7103753
    7661    3.600    1.600   70.000     -150.7190353
    7662    3.600    1.600   80.000     -150.7239479
    7663    3.600    1.600   90.000     -150.7255339
    7664    3.600    1.600  100.000     -150.7241749
    7665    3.600    1.600  110.000     -150.7202331
    7666    3.600    1.600  120.000     -150.7140949
    7667    3.600    1.600  130.000     -150.7062243
    7668    3.600    1.600  140.000     -150.6972215
    7669    3.600    1.600  150.000     -150.6879014
    7670    3.600    1.600  160.000     -150.6794140
    7671    3.600    1.600  170.000     -150.6733290
    7672    3.600    1.600  179.990     -150.6711665
       0    0.000    0.000    0.000        0.0000000
    7673    3.600    1.700    0.010     -150.6177933
    7674    3.600    1.700   10.000     -150.6272020
    7675    3.600    1.700   20.000     -150.6488656
    7676    3.600    1.700   30.000     -150.6722703
    7677    3.600    1.700   40.000     -150.6934307
    7678    3.600    1.700   50.000     -150.7106877
    7679    3.600    1.700   60.000     -150.7235598
    7680    3.600    1.700   70.000     -150.7322386
    7681    3.600    1.700   80.000     -150.7371461
    7682    3.600    1.700   90.000     -150.7387227
    7683    3.600    1.700  100.000     -150.7373660
    7684    3.600    1.700  110.000     -150.7334451
    7685    3.600    1.700  120.000     -150.7273454
    7686    3.600    1.700  130.000     -150.7195264
    7687    3.600    1.700  140.000     -150.7105827
    7688    3.600    1.700  150.000     -150.7013242
    7689    3.600    1.700  160.000     -150.6928930
    7690    3.600    1.700  170.000     -150.6868495
    7691    3.600    1.700  179.990     -150.6847016
       0    0.000    0.000    0.000        0.0000000
    7692    3.600    1.800    0.010     -150.6212543
    7693    3.600    1.800   10.000     -150.6320566
    7694    3.600    1.800   20.000     -150.6557288
    7695    3.600    1.800   30.000     -150.6787683
    7696    3.600    1.800   40.000     -150.6991370
    7697    3.600    1.800   50.000     -150.7159780
    7698    3.600    1.800   60.000     -150.7286873
    7699    3.600    1.800   70.000     -150.7372952
    7700    3.600    1.800   80.000     -150.7421594
    7701    3.600    1.800   90.000     -150.7437113
    7702    3.600    1.800  100.000     -150.7423537
    7703    3.600    1.800  110.000     -150.7384574
    7704    3.600    1.800  120.000     -150.7324042
    7705    3.600    1.800  130.000     -150.7246474
    7706    3.600    1.800  140.000     -150.7157746
    7707    3.600    1.800  150.000     -150.7065892
    7708    3.600    1.800  160.000     -150.6982247
    7709    3.600    1.800  170.000     -150.6922316
    7710    3.600    1.800  179.990     -150.6901018
       0    0.000    0.000    0.000        0.0000000
    7711    3.600    1.850    0.010     -150.6205894
    7712    3.600    1.850   10.000     -150.6327413
    7713    3.600    1.850   13.350     -150.6410697
    7714    3.600    1.850   20.000     -150.6580048
    7715    3.600    1.850   30.000     -150.6805787
    7716    3.600    1.850   40.000     -150.7000985
    7717    3.600    1.850   50.000     -150.7164970
    7718    3.600    1.850   60.000     -150.7290319
    7719    3.600    1.850   70.000     -150.7375687
    7720    3.600    1.850   80.000     -150.7423970
    7721    3.600    1.850   90.000     -150.7439311
    7722    3.600    1.850  100.000     -150.7425722
    7723    3.600    1.850  110.000     -150.7386898
    7724    3.600    1.850  120.000     -150.7326630
    7725    3.600    1.850  130.000     -150.7249414
    7726    3.600    1.850  140.000     -150.7161088
    7727    3.600    1.850  150.000     -150.7069642
    7728    3.600    1.850  160.000     -150.6986372
    7729    3.600    1.850  170.000     -150.6926723
    7730    3.600    1.850  179.990     -150.6905529
       0    0.000    0.000    0.000        0.0000000
    7731    3.600    1.900    0.010     -150.6185517
    7732    3.600    1.900   10.000     -150.6323131
    7733    3.600    1.900   18.670     -150.6563252
    7734    3.600    1.900   20.000     -150.6597679
    7735    3.600    1.900   30.000     -150.6818466
    7736    3.600    1.900   40.000     -150.7001640
    7737    3.600    1.900   50.000     -150.7159357
    7738    3.600    1.900   60.000     -150.7282279
    7739    3.600    1.900   70.000     -150.7366694
    7740    3.600    1.900   80.000     -150.7414525
    7741    3.600    1.900   90.000     -150.7429655
    7742    3.600    1.900  100.000     -150.7416047
    7743    3.600    1.900  110.000     -150.7377373
    7744    3.600    1.900  120.000     -150.7317393
    7745    3.600    1.900  130.000     -150.7240559
    7746    3.600    1.900  140.000     -150.7152666
    7747    3.600    1.900  150.000     -150.7061662
    7748    3.600    1.900  160.000     -150.6978791
    7749    3.600    1.900  170.000     -150.6919446
    7750    3.600    1.900  179.990     -150.6898363
       0    0.000    0.000    0.000        0.0000000
    7751    3.600    2.000    0.010     -150.6084967
    7752    3.600    2.000   10.000     -150.6281742
    7753    3.600    2.000   20.000     -150.6621339
    7754    3.600    2.000   25.840     -150.6762903
    7755    3.600    2.000   30.000     -150.6837101
    7756    3.600    2.000   40.000     -150.6984969
    7757    3.600    2.000   50.000     -150.7123680
    7758    3.600    2.000   60.000     -150.7239505
    7759    3.600    2.000   70.000     -150.7321275
    7760    3.600    2.000   80.000     -150.7367936
    7761    3.600    2.000   90.000     -150.7382552
    7762    3.600    2.000  100.000     -150.7368897
    7763    3.600    2.000  110.000     -150.7330563
    7764    3.600    2.000  120.000     -150.7271229
    7765    3.600    2.000  130.000     -150.7195255
    7766    3.600    2.000  140.000     -150.7108334
    7767    3.600    2.000  150.000     -150.7018316
    7768    3.600    2.000  160.000     -150.6936334
    7769    3.600    2.000  170.000     -150.6877661
    7770    3.600    2.000  179.990     -150.6856829
       0    0.000    0.000    0.000        0.0000000
    7771    3.600    2.100    0.010     -150.5894711
    7772    3.600    2.100   10.000     -150.6183811
    7773    3.600    2.100   20.000     -150.6636210
    7774    3.600    2.100   30.000     -150.6856781
    7775    3.600    2.100   31.000     -150.6868693
    7776    3.600    2.100   40.000     -150.6956404
    7777    3.600    2.100   50.000     -150.7065907
    7778    3.600    2.100   60.000     -150.7171321
    7779    3.600    2.100   70.000     -150.7249471
    7780    3.600    2.100   80.000     -150.7294643
    7781    3.600    2.100   90.000     -150.7308641
    7782    3.600    2.100  100.000     -150.7294935
    7783    3.600    2.100  110.000     -150.7257000
    7784    3.600    2.100  120.000     -150.7198417
    7785    3.600    2.100  130.000     -150.7123437
    7786    3.600    2.100  140.000     -150.7037641
    7787    3.600    2.100  150.000     -150.6948762
    7788    3.600    2.100  160.000     -150.6867808
    7789    3.600    2.100  170.000     -150.6809915
    7790    3.600    2.100  179.990     -150.6789381
       0    0.000    0.000    0.000        0.0000000
    7791    3.600    2.300    0.010     -150.4965991
    7792    3.600    2.300   10.000     -150.5681927
    7793    3.600    2.300   20.000     -150.6624533
    7794    3.600    2.300   30.000     -150.6922495
    7795    3.600    2.300   38.500     -150.6909121
    7796    3.600    2.300   40.000     -150.6904035
    7797    3.600    2.300   50.000     -150.6920039
    7798    3.600    2.300   60.000     -150.6993111
    7799    3.600    2.300   70.000     -150.7061261
    7800    3.600    2.300   80.000     -150.7102706
    7801    3.600    2.300   90.000     -150.7115269
    7802    3.600    2.300  100.000     -150.7101507
    7803    3.600    2.300  110.000     -150.7064581
    7804    3.600    2.300  120.000     -150.7007842
    7805    3.600    2.300  130.000     -150.6935302
    7806    3.600    2.300  140.000     -150.6852281
    7807    3.600    2.300  150.000     -150.6766234
    7808    3.600    2.300  160.000     -150.6687880
    7809    3.600    2.300  170.000     -150.6631986
    7810    3.600    2.300  179.990     -150.6612242
       0    0.000    0.000    0.000        0.0000000
    7811    3.600    2.500    0.010     -150.2670698
    7812    3.600    2.500   10.000     -150.4448889
    7813    3.600    2.500   20.000     -150.6497027
    7814    3.600    2.500   30.000     -150.7019447
    7815    3.600    2.500   40.000     -150.6886668
    7816    3.600    2.500   43.950     -150.6821939
    7817    3.600    2.500   50.000     -150.6771507
    7818    3.600    2.500   60.000     -150.6794554
    7819    3.600    2.500   70.000     -150.6849493
    7820    3.600    2.500   80.000     -150.6886640
    7821    3.600    2.500   90.000     -150.6897714
    7822    3.600    2.500  100.000     -150.6884068
    7823    3.600    2.500  110.000     -150.6848509
    7824    3.600    2.500  120.000     -150.6794148
    7825    3.600    2.500  130.000     -150.6724744
    7826    3.600    2.500  140.000     -150.6645337
    7827    3.600    2.500  150.000     -150.6563031
    7828    3.600    2.500  160.000     -150.6488229
    7829    3.600    2.500  170.000     -150.6435116
    7830    3.600    2.500  179.990     -150.6416511
       0    0.000    0.000    0.000        0.0000000
    7831    3.600    2.700    0.010     -149.7405407
    7832    3.600    2.700   10.000     -150.1969169
    7833    3.600    2.700   20.000     -150.6218732
    7834    3.600    2.700   30.000     -150.7118539
    7835    3.600    2.700   40.000     -150.6901984
    7836    3.600    2.700   48.190     -150.6674748
    7837    3.600    2.700   50.000     -150.6644290
    7838    3.600    2.700   60.000     -150.6599538
    7839    3.600    2.700   70.000     -150.6638752
    7840    3.600    2.700   80.000     -150.6671571
    7841    3.600    2.700   90.000     -150.6681346
    7842    3.600    2.700  100.000     -150.6668122
    7843    3.600    2.700  110.000     -150.6634393
    7844    3.600    2.700  120.000     -150.6583069
    7845    3.600    2.700  130.000     -150.6517673
    7846    3.600    2.700  140.000     -150.6442909
    7847    3.600    2.700  150.000     -150.6365585
    7848    3.600    2.700  160.000     -150.6295653
    7849    3.600    2.700  170.000     -150.6246416
    7850    3.600    2.700  179.990     -150.6229406
       0    0.000    0.000    0.000        0.0000000
    7851    3.600    2.850    0.010     -148.9485790
    7852    3.600    2.850   10.000     -149.8910294
    7853    3.600    2.850   20.000     -150.5931834
    7854    3.600    2.850   30.000     -150.7185473
    7855    3.600    2.850   40.000     -150.6921247
    7856    3.600    2.850   50.000     -150.6566573
    7857    3.600    2.850   60.000     -150.6463136
    7858    3.600    2.850   70.000     -150.6489396
    7859    3.600    2.850   80.000     -150.6519242
    7860    3.600    2.850   90.000     -150.6528288
    7861    3.600    2.850  100.000     -150.6515647
    7862    3.600    2.850  110.000     -150.6483659
    7863    3.600    2.850  120.000     -150.6435132
    7864    3.600    2.850  130.000     -150.6373400
    7865    3.600    2.850  140.000     -150.6302992
    7866    3.600    2.850  150.000     -150.6230463
    7867    3.600    2.850  160.000     -150.6165318
    7868    3.600    2.850  170.000     -150.6119935
    7869    3.600    2.850  179.990     -150.6104486
       0    0.000    0.000    0.000        0.0000000
    7870    3.600    3.000    0.010     -147.4620859
    7871    3.600    3.000   10.000     -149.4577329
    7872    3.600    3.000   20.000     -150.5628632
    7873    3.600    3.000   30.000     -150.7245011
    7874    3.600    3.000   40.000     -150.6937219
    7875    3.600    3.000   50.000     -150.6501861
    7876    3.600    3.000   53.130     -150.6418417
    7877    3.600    3.000   60.000     -150.6338383
    7878    3.600    3.000   70.000     -150.6351068
    7879    3.600    3.000   80.000     -150.6378389
    7880    3.600    3.000   90.000     -150.6386963
    7881    3.600    3.000  100.000     -150.6375163
    7882    3.600    3.000  110.000     -150.6345274
    7883    3.600    3.000  120.000     -150.6300007
    7884    3.600    3.000  130.000     -150.6242602
    7885    3.600    3.000  140.000     -150.6177409
    7886    3.600    3.000  150.000     -150.6110730
    7887    3.600    3.000  160.000     -150.6051555
    7888    3.600    3.000  170.000     -150.6010957
    7889    3.600    3.000  179.990     -150.5997395
       0    0.000    0.000    0.000        0.0000000
    7890    3.600    3.100    0.010     -145.7446585
    7891    3.600    3.100   10.000     -149.1014434
    7892    3.600    3.100   20.000     -150.5450517
    7893    3.600    3.100   30.000     -150.7280848
    7894    3.600    3.100   40.000     -150.6943180
    7895    3.600    3.100   50.000     -150.6464224
    7896    3.600    3.100   60.000     -150.6262480
    7897    3.600    3.100   70.000     -150.6265953
    7898    3.600    3.100   80.000     -150.6291879
    7899    3.600    3.100   90.000     -150.6300306
    7900    3.600    3.100  100.000     -150.6289213
    7901    3.600    3.100  110.000     -150.6260904
    7902    3.600    3.100  120.000     -150.6218091
    7903    3.600    3.100  130.000     -150.6163948
    7904    3.600    3.100  140.000     -150.6102729
    7905    3.600    3.100  150.000     -150.6040570
    7906    3.600    3.100  160.000     -150.5986029
    7907    3.600    3.100  170.000     -150.5949143
    7908    3.600    3.100  179.990     -150.5937003
       0    0.000    0.000    0.000        0.0000000
    7909    3.600    3.200    0.010     -142.9242564
    7910    3.600    3.200   10.000     -148.7126730
    7911    3.600    3.200   20.000     -150.5316631
    7912    3.600    3.200   30.000     -150.7313614
    7913    3.600    3.200   40.000     -150.6944152
    7914    3.600    3.200   50.000     -150.6429596
    7915    3.600    3.200   55.770     -150.6252109
    7916    3.600    3.200   60.000     -150.6192673
    7917    3.600    3.200   70.000     -150.6186940
    7918    3.600    3.200   80.000     -150.6211727
    7919    3.600    3.200   90.000     -150.6220115
    7920    3.600    3.200  100.000     -150.6209838
    7921    3.600    3.200  110.000     -150.6183268
    7922    3.600    3.200  120.000     -150.6143122
    7923    3.600    3.200  130.000     -150.6092532
    7924    3.600    3.200  140.000     -150.6035676
    7925    3.600    3.200  150.000     -150.5978505
    7926    3.600    3.200  160.000     -150.5929078
    7927    3.600    3.200  170.000     -150.5896259
    7928    3.600    3.200  179.990     -150.5885615
       0    0.000    0.000    0.000        0.0000000
    7929    3.600    3.300    0.010     -137.8799089
    7930    3.600    3.300   10.000     -148.3330644
    7931    3.600    3.300   20.000     -150.5245424
    7932    3.600    3.300   30.000     -150.7342987
    7933    3.600    3.300   40.000     -150.6939509
    7934    3.600    3.300   50.000     -150.6396814
    7935    3.600    3.300   56.940     -150.6174646
    7936    3.600    3.300   60.000     -150.6129048
    7937    3.600    3.300   70.000     -150.6114227
    7938    3.600    3.300   80.000     -150.6138137
    7939    3.600    3.300   90.000     -150.6146588
    7940    3.600    3.300  100.000     -150.6137225
    7941    3.600    3.300  110.000     -150.6112532
    7942    3.600    3.300  120.000     -150.6075248
    7943    3.600    3.300  130.000     -150.6028478
    7944    3.600    3.300  140.000     -150.5976331
    7945    3.600    3.300  150.000     -150.5924555
    7946    3.600    3.300  160.000     -150.5880621
    7947    3.600    3.300  170.000     -150.5852082
    7948    3.600    3.300  179.990     -150.5842987
       0    0.000    0.000    0.000        0.0000000
    7949    3.600    3.400    0.010     -127.0323339
    7950    3.600    3.400   10.000     -148.0244270
    7951    3.600    3.400   20.000     -150.5248908
    7952    3.600    3.400   30.000     -150.7368302
    7953    3.600    3.400   40.000     -150.6928912
    7954    3.600    3.400   50.000     -150.6364897
    7955    3.600    3.400   58.030     -150.6102159
    7956    3.600    3.400   60.000     -150.6071563
    7957    3.600    3.400   70.000     -150.6047889
    7958    3.600    3.400   80.000     -150.6071181
    7959    3.600    3.400   90.000     -150.6079782
    7960    3.600    3.400  100.000     -150.6071414
    7961    3.600    3.400  110.000     -150.6048717
    7962    3.600    3.400  120.000     -150.6014461
    7963    3.600    3.400  130.000     -150.5971736
    7964    3.600    3.400  140.000     -150.5924583
    7965    3.600    3.400  150.000     -150.5878510
    7966    3.600    3.400  160.000     -150.5840303
    7967    3.600    3.400  170.000     -150.5816116
    7968    3.600    3.400  179.990     -150.5808563
       0    0.000    0.000    0.000        0.0000000
    7969    3.600    3.500    0.010      -90.9181413
    7970    3.600    3.500   10.000     -147.8540580
    7971    3.600    3.500   20.000     -150.5330231
    7972    3.600    3.500   30.000     -150.7388608
    7973    3.600    3.500   40.000     -150.6912254
    7974    3.600    3.500   50.000     -150.6333116
    7975    3.600    3.500   59.050     -150.6035229
    7976    3.600    3.500   60.000     -150.6020067
    7977    3.600    3.500   70.000     -150.5987885
    7978    3.600    3.500   80.000     -150.6010818
    7979    3.600    3.500   90.000     -150.6019639
    7980    3.600    3.500  100.000     -150.6012331
    7981    3.600    3.500  110.000     -150.5991721
    7982    3.600    3.500  120.000     -150.5960624
    7983    3.600    3.500  130.000     -150.5922117
    7984    3.600    3.500  140.000     -150.5880158
    7985    3.600    3.500  150.000     -150.5839967
    7986    3.600    3.500  160.000     -150.5807548
    7987    3.600    3.500  170.000     -150.5787623
    7988    3.600    3.500  179.990     -150.5781534
       0    0.000    0.000    0.000        0.0000000
    7989    3.600    3.600   10.000     -147.8648386
    7990    3.600    3.600   20.000     -150.5483039
    7991    3.600    3.600   30.000     -150.7402784
    7992    3.600    3.600   40.000     -150.6889605
    7993    3.600    3.600   50.000     -150.6300999
    7994    3.600    3.600   60.000     -150.5974217
    7995    3.600    3.600   70.000     -150.5934074
    7996    3.600    3.600   80.000     -150.5956910
    7997    3.600    3.600   90.000     -150.5966006
    7998    3.600    3.600  100.000     -150.5959802
    7999    3.600    3.600  110.000     -150.5941346
    8000    3.600    3.600  120.000     -150.5913496
    8001    3.600    3.600  130.000     -150.5879317
    8002    3.600    3.600  140.000     -150.5842657
    8003    3.600    3.600  150.000     -150.5808385
    8004    3.600    3.600  160.000     -150.5781621
    8005    3.600    3.600  170.000     -150.5765697
    8006    3.600    3.600  179.990     -150.5760959
       0    0.000    0.000    0.000        0.0000000
    8007    3.600    3.800    0.010     -127.0321679
    8008    3.600    3.800   10.000     -148.3776070
    8009    3.600    3.800   20.000     -150.5939904
    8010    3.600    3.800   30.000     -150.7408252
    8011    3.600    3.800   40.000     -150.6827341
    8012    3.600    3.800   50.000     -150.6234940
    8013    3.600    3.800   60.000     -150.5895842
    8014    3.600    3.800   61.730     -150.5870298
    8015    3.600    3.800   70.000     -150.5844053
    8016    3.600    3.800   80.000     -150.5867596
    8017    3.600    3.800   90.000     -150.5877343
    8018    3.600    3.800  100.000     -150.5873403
    8019    3.600    3.800  110.000     -150.5859333
    8020    3.600    3.800  120.000     -150.5838074
    8021    3.600    3.800  130.000     -150.5812606
    8022    3.600    3.800  140.000     -150.5786442
    8023    3.600    3.800  150.000     -150.5763476
    8024    3.600    3.800  160.000     -150.5746855
    8025    3.600    3.800  170.000     -150.5737612
    8026    3.600    3.800  179.990     -150.5735019
       0    0.000    0.000    0.000        0.0000000
    8027    3.600    4.000    0.010     -142.9219492
    8028    3.600    4.000   10.000     -149.1545090
    8029    3.600    4.000   20.000     -150.6461455
    8030    3.600    4.000   30.000     -150.7377539
    8031    3.600    4.000   40.000     -150.6745191
    8032    3.600    4.000   50.000     -150.6166618
    8033    3.600    4.000   60.000     -150.5836169
    8034    3.600    4.000   63.260     -150.5789314
    8035    3.600    4.000   70.000     -150.5775406
    8036    3.600    4.000   80.000     -150.5801223
    8037    3.600    4.000   90.000     -150.5811615
    8038    3.600    4.000  100.000     -150.5809878
    8039    3.600    4.000  110.000     -150.5800114
    8040    3.600    4.000  120.000     -150.5785274
    8041    3.600    4.000  130.000     -150.5768115
    8042    3.600    4.000  140.000     -150.5751508
    8043    3.600    4.000  150.000     -150.5738014
    8044    3.600    4.000  160.000     -150.5728983
    8045    3.600    4.000  170.000     -150.5724231
    8046    3.600    4.000  179.990     -150.5722993
       0    0.000    0.000    0.000        0.0000000
    8047    3.600    4.500    0.010     -149.7531431
    8048    3.600    4.500   10.000     -150.3896359
    8049    3.600    4.500   20.000     -150.7284325
    8050    3.600    4.500   30.000     -150.7139098
    8051    3.600    4.500   40.000     -150.6482671
    8052    3.600    4.500   50.000     -150.5997059
    8053    3.600    4.500   60.000     -150.5745821
    8054    3.600    4.500   66.420     -150.5694396
    8055    3.600    4.500   70.000     -150.5703337
    8056    3.600    4.500   80.000     -150.5724266
    8057    3.600    4.500   90.000     -150.5732278
    8058    3.600    4.500  100.000     -150.5733769
    8059    3.600    4.500  110.000     -150.5732023
    8060    3.600    4.500  120.000     -150.5728837
    8061    3.600    4.500  130.000     -150.5725371
    8062    3.600    4.500  140.000     -150.5722395
    8063    3.600    4.500  150.000     -150.5720286
    8064    3.600    4.500  160.000     -150.5719054
    8065    3.600    4.500  170.000     -150.5718507
    8066    3.600    4.500  179.990     -150.5718453
       0    0.000    0.000    0.000        0.0000000
    8067    3.600    5.000    0.010     -150.6040266
    8068    3.600    5.000   10.000     -150.6876533
    8069    3.600    5.000   20.000     -150.7230865
    8070    3.600    5.000   30.000     -150.6750582
    8071    3.600    5.000   40.000     -150.6201216
    8072    3.600    5.000   50.000     -150.5855167
    8073    3.600    5.000   60.000     -150.5718691
    8074    3.600    5.000   68.900     -150.5712618
    8075    3.600    5.000   70.000     -150.5713283
    8076    3.600    5.000   80.000     -150.5718685
    8077    3.600    5.000   90.000     -150.5721265
    8078    3.600    5.000  100.000     -150.5722068
    8079    3.600    5.000  110.000     -150.5722042
    8080    3.600    5.000  120.000     -150.5721676
    8081    3.600    5.000  130.000     -150.5721245
    8082    3.600    5.000  140.000     -150.5720936
    8083    3.600    5.000  150.000     -150.5720803
    8084    3.600    5.000  160.000     -150.5720820
    8085    3.600    5.000  170.000     -150.5720889
    8086    3.600    5.000  179.990     -150.5720932
       0    0.000    0.000    0.000        0.0000000
    8087    3.600    6.000    0.010     -150.6489231
    8088    3.600    6.000   10.000     -150.6485442
    8089    3.600    6.000   20.000     -150.6302607
    8090    3.600    6.000   30.000     -150.6023090
    8091    3.600    6.000   40.000     -150.5810650
    8092    3.600    6.000   50.000     -150.5728046
    8093    3.600    6.000   60.000     -150.5720517
    8094    3.600    6.000   72.540     -150.5721474
    8095    3.600    6.000   80.000     -150.5721620
    8096    3.600    6.000   90.000     -150.5721635
    8097    3.600    6.000  100.000     -150.5721591
    8098    3.600    6.000  110.000     -150.5721529
    8099    3.600    6.000  120.000     -150.5721468
    8100    3.600    6.000  130.000     -150.5721428
    8101    3.600    6.000  140.000     -150.5721430
    8102    3.600    6.000  150.000     -150.5721467
    8103    3.600    6.000  160.000     -150.5721534
    8104    3.600    6.000  170.000     -150.5721594
    8105    3.600    6.000  179.990     -150.5721619
       0    0.000    0.000    0.000        0.0000000
    8106    3.600    7.000    0.010     -150.5615655
    8107    3.600    7.000   10.000     -150.5805110
    8108    3.600    7.000   20.000     -150.5779002
    8109    3.600    7.000   30.000     -150.5739152
    8110    3.600    7.000   40.000     -150.5723038
    8111    3.600    7.000   50.000     -150.5721679
    8112    3.600    7.000   60.000     -150.5721624
    8113    3.600    7.000   75.100     -150.5721167
    8114    3.600    7.000   80.000     -150.5721050
    8115    3.600    7.000   90.000     -150.5720890
    8116    3.600    7.000  100.000     -150.5720792
    8117    3.600    7.000  110.000     -150.5720716
    8118    3.600    7.000  120.000     -150.5720661
    8119    3.600    7.000  130.000     -150.5720634
    8120    3.600    7.000  140.000     -150.5720639
    8121    3.600    7.000  150.000     -150.5720690
    8122    3.600    7.000  160.000     -150.5720726
    8123    3.600    7.000  170.000     -150.5720769
    8124    3.600    7.000  179.990     -150.5720804
       0    0.000    0.000    0.000        0.0000000
    8125    3.600    8.000    0.010     -150.5718082
    8126    3.600    8.000   10.000     -150.5716938
    8127    3.600    8.000   20.000     -150.5716590
    8128    3.600    8.000   30.000     -150.5718692
    8129    3.600    8.000   40.000     -150.5721624
    8130    3.600    8.000   50.000     -150.5721326
    8131    3.600    8.000   60.000     -150.5720904
    8132    3.600    8.000   77.000     -150.5720423
    8133    3.600    8.000   80.000     -150.5720375
    8134    3.600    8.000   90.000     -150.5720261
    8135    3.600    8.000  100.000     -150.5720189
    8136    3.600    8.000  110.000     -150.5720141
    8137    3.600    8.000  120.000     -150.5720111
    8138    3.600    8.000  130.000     -150.5720100
    8139    3.600    8.000  140.000     -150.5720104
    8140    3.600    8.000  150.000     -150.5720125
    8141    3.600    8.000  160.000     -150.5720153
    8142    3.600    8.000  170.000     -150.5720175
    8143    3.600    8.000  179.990     -150.5720195
       0    0.000    0.000    0.000        0.0000000
    8144    3.600   10.000    0.010     -150.5721281
    8145    3.600   10.000   10.000     -150.5721146
    8146    3.600   10.000   20.000     -150.5720846
    8147    3.600   10.000   30.000     -150.5720547
    8148    3.600   10.000   40.000     -150.5720265
    8149    3.600   10.000   50.000     -150.5720067
    8150    3.600   10.000   60.000     -150.5719927
    8151    3.600   10.000   80.000     -150.5719749
    8152    3.600   10.000   90.000     -150.5719710
    8153    3.600   10.000  100.000     -150.5719688
    8154    3.600   10.000  110.000     -150.5719675
    8155    3.600   10.000  120.000     -150.5719668
    8156    3.600   10.000  130.000     -150.5719664
    8157    3.600   10.000  140.000     -150.5719661
    8158    3.600   10.000  150.000     -150.5719661
    8159    3.600   10.000  160.000     -150.5719661
    8160    3.600   10.000  170.000     -150.5719661
    8161    3.600   10.000  179.990     -150.5719678
       0    0.000    0.000    0.000        0.0000000
    8162    3.600   12.000   20.000     -150.5719903
    8163    3.600   12.000   30.000     -150.5719818
    8164    3.600   12.000   40.000     -150.5719708
    8165    3.600   12.000   50.000     -150.5719647
    8166    3.600   12.000   81.370     -150.5719585
    8167    3.600   12.000   90.000     -150.5719564
    8168    3.600   12.000  100.000     -150.5719556
    8169    3.600   12.000  110.000     -150.5719552
    8170    3.600   12.000  120.000     -150.5719550
    8171    3.600   12.000  130.000     -150.5719549
    8172    3.600   12.000  140.000     -150.5719548
    8173    3.600   12.000  150.000     -150.5719548
    8174    3.600   12.000  160.000     -150.5719549
    8175    3.600   12.000  170.000     -150.5719550
    8176    3.600   12.000  179.990     -150.5719535
       0    0.000    0.000    0.000        0.0000000
    8177    3.600   15.000   20.000     -150.5718850
    8178    3.600   15.000   50.000     -150.5718527
    8179    3.600   15.000   90.000     -150.5718502
    8180    3.600   15.000  100.000     -150.5719506
    8181    3.600   15.000  110.000     -150.5719504
    8182    3.600   15.000  120.000     -150.5719528
    8183    3.600   15.000  130.000     -150.5719503
    8184    3.600   15.000  140.000     -150.5719523
    8185    3.600   15.000  150.000     -150.5719532
    8186    3.600   15.000  160.000     -150.5719508
    8187    3.600   15.000  170.000     -150.5719531
    8188    3.600   15.000  179.990     -150.5719507
       0    0.000    0.000    0.000        0.0000000
    8189    3.800    1.200    0.010     -150.4282659
    8190    3.800    1.200   10.000     -150.4301341
    8191    3.800    1.200   20.000     -150.4379462
    8192    3.800    1.200   30.000     -150.4485552
    8193    3.800    1.200   40.000     -150.4596382
    8194    3.800    1.200   50.000     -150.4695574
    8195    3.800    1.200   60.000     -150.4774471
    8196    3.800    1.200   70.000     -150.4829744
    8197    3.800    1.200   80.000     -150.4860920
    8198    3.800    1.200   90.000     -150.4868954
    8199    3.800    1.200  100.000     -150.4855651
    8200    3.800    1.200  110.000     -150.4823532
    8201    3.800    1.200  120.000     -150.4775963
    8202    3.800    1.200  130.000     -150.4717404
    8203    3.800    1.200  140.000     -150.4655021
    8204    3.800    1.200  150.000     -150.4591726
    8205    3.800    1.200  160.000     -150.4539752
    8206    3.800    1.200  170.000     -150.4505298
    8207    3.800    1.200  179.990     -150.4491670
       0    0.000    0.000    0.000        0.0000000
    8208    3.800    1.400    0.010     -150.5803390
    8209    3.800    1.400   10.000     -150.5831937
    8210    3.800    1.400   20.000     -150.5936089
    8211    3.800    1.400   30.000     -150.6071249
    8212    3.800    1.400   40.000     -150.6205438
    8213    3.800    1.400   50.000     -150.6320192
    8214    3.800    1.400   60.000     -150.6408175
    8215    3.800    1.400   70.000     -150.6468157
    8216    3.800    1.400   80.000     -150.6501496
    8217    3.800    1.400   90.000     -150.6510384
    8218    3.800    1.400  100.000     -150.6497337
    8219    3.800    1.400  110.000     -150.6465241
    8220    3.800    1.400  120.000     -150.6417633
    8221    3.800    1.400  130.000     -150.6359013
    8222    3.800    1.400  140.000     -150.6295127
    8223    3.800    1.400  150.000     -150.6233066
    8224    3.800    1.400  160.000     -150.6180903
    8225    3.800    1.400  170.000     -150.6146326
    8226    3.800    1.400  179.990     -150.6134343
       0    0.000    0.000    0.000        0.0000000
    8227    3.800    1.600    0.010     -150.6354529
    8228    3.800    1.600   10.000     -150.6393584
    8229    3.800    1.600   20.000     -150.6524960
    8230    3.800    1.600   30.000     -150.6688206
    8231    3.800    1.600   40.000     -150.6843231
    8232    3.800    1.600   50.000     -150.6970999
    8233    3.800    1.600   60.000     -150.7066157
    8234    3.800    1.600   70.000     -150.7129659
    8235    3.800    1.600   80.000     -150.7164509
    8236    3.800    1.600   90.000     -150.7173981
    8237    3.800    1.600  100.000     -150.7161203
    8238    3.800    1.600  110.000     -150.7129350
    8239    3.800    1.600  120.000     -150.7082032
    8240    3.800    1.600  130.000     -150.7023721
    8241    3.800    1.600  140.000     -150.6960107
    8242    3.800    1.600  150.000     -150.6898251
    8243    3.800    1.600  160.000     -150.6846214
    8244    3.800    1.600  170.000     -150.6811705
    8245    3.800    1.600  179.990     -150.6799757
       0    0.000    0.000    0.000        0.0000000
    8246    3.800    1.700    0.010     -150.6436913
    8247    3.800    1.700   10.000     -150.6492279
    8248    3.800    1.700   20.000     -150.6633449
    8249    3.800    1.700   30.000     -150.6805684
    8250    3.800    1.700   40.000     -150.6967063
    8251    3.800    1.700   50.000     -150.7098889
    8252    3.800    1.700   60.000     -150.7196338
    8253    3.800    1.700   70.000     -150.7260955
    8254    3.800    1.700   80.000     -150.7296249
    8255    3.800    1.700   90.000     -150.7305886
    8256    3.800    1.700  100.000     -150.7293235
    8257    3.800    1.700  110.000     -150.7261568
    8258    3.800    1.700  120.000     -150.7214502
    8259    3.800    1.700  130.000     -150.7156474
    8260    3.800    1.700  140.000     -150.7093128
    8261    3.800    1.700  150.000     -150.7031490
    8262    3.800    1.700  160.000     -150.6979599
    8263    3.800    1.700  170.000     -150.6945172
    8264    3.800    1.700  179.990     -150.6933254
       0    0.000    0.000    0.000        0.0000000
    8265    3.800    1.800    0.010     -150.6486446
    8266    3.800    1.800   10.000     -150.6533876
    8267    3.800    1.800   20.000     -150.6678265
    8268    3.800    1.800   30.000     -150.6851408
    8269    3.800    1.800   40.000     -150.7013658
    8270    3.800    1.800   50.000     -150.7146814
    8271    3.800    1.800   60.000     -150.7245352
    8272    3.800    1.800   70.000     -150.7310561
    8273    3.800    1.800   80.000     -150.7346067
    8274    3.800    1.800   90.000     -150.7355779
    8275    3.800    1.800  100.000     -150.7343246
    8276    3.800    1.800  110.000     -150.7311803
    8277    3.800    1.800  120.000     -150.7265056
    8278    3.800    1.800  130.000     -150.7207394
    8279    3.800    1.800  140.000     -150.7144402
    8280    3.800    1.800  150.000     -150.7083054
    8281    3.800    1.800  160.000     -150.7031365
    8282    3.800    1.800  170.000     -150.6997057
    8283    3.800    1.800  179.990     -150.6985185
       0    0.000    0.000    0.000        0.0000000
    8284    3.800    1.850    0.010     -150.6494065
    8285    3.800    1.850   10.000     -150.6544506
    8286    3.800    1.850   20.000     -150.6687743
    8287    3.800    1.850   30.000     -150.6856739
    8288    3.800    1.850   40.000     -150.7016427
    8289    3.800    1.850   50.000     -150.7148899
    8290    3.800    1.850   60.000     -150.7247448
    8291    3.800    1.850   70.000     -150.7312739
    8292    3.800    1.850   80.000     -150.7348261
    8293    3.800    1.850   90.000     -150.7357979
    8294    3.800    1.850  100.000     -150.7345501
    8295    3.800    1.850  110.000     -150.7314184
    8296    3.800    1.850  120.000     -150.7267622
    8297    3.800    1.850  130.000     -150.7210177
    8298    3.800    1.850  140.000     -150.7147395
    8299    3.800    1.850  150.000     -150.7086222
    8300    3.800    1.850  160.000     -150.7034654
    8301    3.800    1.850  170.000     -150.7000419
    8302    3.800    1.850  179.990     -150.6988948
       0    0.000    0.000    0.000        0.0000000
    8303    3.800    1.900    0.010     -150.6496491
    8304    3.800    1.900   10.000     -150.6551714
    8305    3.800    1.900   20.000     -150.6693692
    8306    3.800    1.900   30.000     -150.6854561
    8307    3.800    1.900   40.000     -150.7009070
    8308    3.800    1.900   50.000     -150.7139758
    8309    3.800    1.900   60.000     -150.7237917
    8310    3.800    1.900   70.000     -150.7303141
    8311    3.800    1.900   80.000     -150.7338620
    8312    3.800    1.900   90.000     -150.7348321
    8313    3.800    1.900  100.000     -150.7335897
    8314    3.800    1.900  110.000     -150.7304717
    8315    3.800    1.900  120.000     -150.7258359
    8316    3.800    1.900  130.000     -150.7201152
    8317    3.800    1.900  140.000     -150.7138605
    8318    3.800    1.900  150.000     -150.7077628
    8319    3.800    1.900  160.000     -150.7026196
    8320    3.800    1.900  170.000     -150.6992042
    8321    3.800    1.900  179.990     -150.6980586
       0    0.000    0.000    0.000        0.0000000
    8322    3.800    2.000    0.010     -150.6476297
    8323    3.800    2.000   10.000     -150.6555214
    8324    3.800    2.000   18.190     -150.6679940
    8325    3.800    2.000   20.000     -150.6706144
    8326    3.800    2.000   30.000     -150.6838707
    8327    3.800    2.000   40.000     -150.6972638
    8328    3.800    2.000   50.000     -150.7095720
    8329    3.800    2.000   60.000     -150.7191761
    8330    3.800    2.000   70.000     -150.7256390
    8331    3.800    2.000   80.000     -150.7291607
    8332    3.800    2.000   90.000     -150.7301214
    8333    3.800    2.000  100.000     -150.7288896
    8334    3.800    2.000  110.000     -150.7258022
    8335    3.800    2.000  120.000     -150.7212128
    8336    3.800    2.000  130.000     -150.7155471
    8337    3.800    2.000  140.000     -150.7093471
    8338    3.800    2.000  150.000     -150.7032956
    8339    3.800    2.000  160.000     -150.6981848
    8340    3.800    2.000  170.000     -150.6947885
    8341    3.800    2.000  179.990     -150.6936469
       0    0.000    0.000    0.000        0.0000000
    8342    3.800    2.100    0.010     -150.6436899
    8343    3.800    2.100   10.000     -150.6547083
    8344    3.800    2.100   20.000     -150.6722134
    8345    3.800    2.100   25.210     -150.6783116
    8346    3.800    2.100   30.000     -150.6823604
    8347    3.800    2.100   40.000     -150.6919177
    8348    3.800    2.100   50.000     -150.7027808
    8349    3.800    2.100   60.000     -150.7119712
    8350    3.800    2.100   70.000     -150.7183127
    8351    3.800    2.100   80.000     -150.7217863
    8352    3.800    2.100   90.000     -150.7227304
    8353    3.800    2.100  100.000     -150.7215092
    8354    3.800    2.100  110.000     -150.7184573
    8355    3.800    2.100  120.000     -150.7139225
    8356    3.800    2.100  130.000     -150.7083221
    8357    3.800    2.100  140.000     -150.7021880
    8358    3.800    2.100  150.000     -150.6961930
    8359    3.800    2.100  160.000     -150.6911226
    8360    3.800    2.100  170.000     -150.6877508
    8361    3.800    2.100  179.990     -150.6866147
       0    0.000    0.000    0.000        0.0000000
    8362    3.800    2.300    0.010     -150.6147501
    8363    3.800    2.300   10.000     -150.6424987
    8364    3.800    2.300   20.000     -150.6779032
    8365    3.800    2.300   30.000     -150.6835230
    8366    3.800    2.300   34.300     -150.6817590
    8367    3.800    2.300   40.000     -150.6806106
    8368    3.800    2.300   50.000     -150.6856281
    8369    3.800    2.300   60.000     -150.6932621
    8370    3.800    2.300   70.000     -150.6991819
    8371    3.800    2.300   80.000     -150.7025050
    8372    3.800    2.300   90.000     -150.7034001
    8373    3.800    2.300  100.000     -150.7022038
    8374    3.800    2.300  110.000     -150.6992395
    8375    3.800    2.300  120.000     -150.6948407
    8376    3.800    2.300  130.000     -150.6894045
    8377    3.800    2.300  140.000     -150.6834400
    8378    3.800    2.300  150.000     -150.6775951
    8379    3.800    2.300  160.000     -150.6726371
    8380    3.800    2.300  170.000     -150.6693345
    8381    3.800    2.300  179.990     -150.6682179
       0    0.000    0.000    0.000        0.0000000
    8382    3.800    2.500    0.010     -150.5203313
    8383    3.800    2.500   10.000     -150.5942298
    8384    3.800    2.500   20.000     -150.6801328
    8385    3.800    2.500   30.000     -150.6911888
    8386    3.800    2.500   40.000     -150.6733692
    8387    3.800    2.500   40.540     -150.6726050
    8388    3.800    2.500   50.000     -150.6675731
    8389    3.800    2.500   60.000     -150.6724214
    8390    3.800    2.500   70.000     -150.6777077
    8391    3.800    2.500   80.000     -150.6808336
    8392    3.800    2.500   90.000     -150.6816716
    8393    3.800    2.500  100.000     -150.6805118
    8394    3.800    2.500  110.000     -150.6776626
    8395    3.800    2.500  120.000     -150.6734409
    8396    3.800    2.500  130.000     -150.6682213
    8397    3.800    2.500  140.000     -150.6624845
    8398    3.800    2.500  150.000     -150.6568483
    8399    3.800    2.500  160.000     -150.6520552
    8400    3.800    2.500  170.000     -150.6488574
    8401    3.800    2.500  179.990     -150.6477761
       0    0.000    0.000    0.000        0.0000000
    8402    3.800    2.700    0.010     -150.2854318
    8403    3.800    2.700   10.000     -150.4767832
    8404    3.800    2.700   20.000     -150.6718527
    8405    3.800    2.700   30.000     -150.7013308
    8406    3.800    2.700   40.000     -150.6713076
    8407    3.800    2.700   45.280     -150.6576590
    8408    3.800    2.700   50.000     -150.6514606
    8409    3.800    2.700   60.000     -150.6519097
    8410    3.800    2.700   70.000     -150.6563930
    8411    3.800    2.700   80.000     -150.6593075
    8412    3.800    2.700   90.000     -150.6600951
    8413    3.800    2.700  100.000     -150.6589923
    8414    3.800    2.700  110.000     -150.6562948
    8415    3.800    2.700  120.000     -150.6523007
    8416    3.800    2.700  130.000     -150.6473600
    8417    3.800    2.700  140.000     -150.6419236
    8418    3.800    2.700  150.000     -150.6365729
    8419    3.800    2.700  160.000     -150.6320152
    8420    3.800    2.700  170.000     -150.6289714
    8421    3.800    2.700  179.990     -150.6279458
       0    0.000    0.000    0.000        0.0000000
    8422    3.800    2.850    0.010     -149.9294715
    8423    3.800    2.850   10.000     -150.3171781
    8424    3.800    2.850   20.000     -150.6575063
    8425    3.800    2.850   30.000     -150.7085032
    8426    3.800    2.850   40.000     -150.6721088
    8427    3.800    2.850   50.000     -150.6415885
    8428    3.800    2.850   60.000     -150.6375400
    8429    3.800    2.850   70.000     -150.6413384
    8430    3.800    2.850   80.000     -150.6441020
    8431    3.800    2.850   90.000     -150.6448632
    8432    3.800    2.850  100.000     -150.6438219
    8433    3.800    2.850  110.000     -150.6412638
    8434    3.800    2.850  120.000     -150.6374793
    8435    3.800    2.850  130.000     -150.6327983
    8436    3.800    2.850  140.000     -150.6276466
    8437    3.800    2.850  150.000     -150.6225752
    8438    3.800    2.850  160.000     -150.6182559
    8439    3.800    2.850  170.000     -150.6153725
    8440    3.800    2.850  179.990     -150.6144060
       0    0.000    0.000    0.000        0.0000000
    8441    3.800    3.000    0.010     -149.2805704
    8442    3.800    3.000   10.000     -150.0718047
    8443    3.800    3.000   20.000     -150.6375562
    8444    3.800    3.000   30.000     -150.7147220
    8445    3.800    3.000   40.000     -150.6734616
    8446    3.800    3.000   50.000     -150.6336674
    8447    3.800    3.000   50.700     -150.6320500
    8448    3.800    3.000   60.000     -150.6243959
    8449    3.800    3.000   70.000     -150.6274542
    8450    3.800    3.000   80.000     -150.6300860
    8451    3.800    3.000   90.000     -150.6308330
    8452    3.800    3.000  100.000     -150.6298677
    8453    3.800    3.000  110.000     -150.6274760
    8454    3.800    3.000  120.000     -150.6239377
    8455    3.800    3.000  130.000     -150.6195656
    8456    3.800    3.000  140.000     -150.6147563
    8457    3.800    3.000  150.000     -150.6100304
    8458    3.800    3.000  160.000     -150.6060148
    8459    3.800    3.000  170.000     -150.6033399
    8460    3.800    3.000  179.990     -150.6024489
       0    0.000    0.000    0.000        0.0000000
    8461    3.800    3.100    0.010     -148.5657392
    8462    3.800    3.100   10.000     -149.8509026
    8463    3.800    3.100   20.000     -150.6226930
    8464    3.800    3.100   30.000     -150.7182806
    8465    3.800    3.100   40.000     -150.6742085
    8466    3.800    3.100   50.000     -150.6292888
    8467    3.800    3.100   60.000     -150.6164107
    8468    3.800    3.100   70.000     -150.6189508
    8469    3.800    3.100   80.000     -150.6215048
    8470    3.800    3.100   90.000     -150.6222487
    8471    3.800    3.100  100.000     -150.6213441
    8472    3.800    3.100  110.000     -150.6190779
    8473    3.800    3.100  120.000     -150.6157244
    8474    3.800    3.100  130.000     -150.6115848
    8475    3.800    3.100  140.000     -150.6070388
    8476    3.800    3.100  150.000     -150.6025827
    8477    3.800    3.100  160.000     -150.5988085
    8478    3.800    3.100  170.000     -150.5963022
    8479    3.800    3.100  179.990     -150.5954708
       0    0.000    0.000    0.000        0.0000000
    8480    3.800    3.200    0.010     -147.4721958
    8481    3.800    3.200   10.000     -149.5819147
    8482    3.800    3.200   20.000     -150.6081435
    8483    3.800    3.200   30.000     -150.7213747
    8484    3.800    3.200   40.000     -150.6746323
    8485    3.800    3.200   50.000     -150.6255453
    8486    3.800    3.200   53.580     -150.6156726
    8487    3.800    3.200   60.000     -150.6090886
    8488    3.800    3.200   70.000     -150.6110923
    8489    3.800    3.200   80.000     -150.6135777
    8490    3.800    3.200   90.000     -150.6143226
    8491    3.800    3.200  100.000     -150.6134852
    8492    3.800    3.200  110.000     -150.6113554
    8493    3.800    3.200  120.000     -150.6082026
    8494    3.800    3.200  130.000     -150.6043167
    8495    3.800    3.200  140.000     -150.6000620
    8496    3.800    3.200  150.000     -150.5959052
    8497    3.800    3.200  160.000     -150.5924027
    8498    3.800    3.200  170.000     -150.5900878
    8499    3.800    3.200  179.990     -150.5893235
       0    0.000    0.000    0.000        0.0000000
    8500    3.800    3.300    0.010     -145.7539345
    8501    3.800    3.300   10.000     -149.2714301
    8502    3.800    3.300   20.000     -150.5954615
    8503    3.800    3.300   30.000     -150.7240131
    8504    3.800    3.300   40.000     -150.6746319
    8505    3.800    3.300   50.000     -150.6222954
    8506    3.800    3.300   54.850     -150.6081254
    8507    3.800    3.300   60.000     -150.6024486
    8508    3.800    3.300   70.000     -150.6038985
    8509    3.800    3.300   80.000     -150.6063224
    8510    3.800    3.300   90.000     -150.6070714
    8511    3.800    3.300  100.000     -150.6063068
    8512    3.800    3.300  110.000     -150.6043234
    8513    3.800    3.300  120.000     -150.6013854
    8514    3.800    3.300  130.000     -150.5977725
    8515    3.800    3.300  140.000     -150.5938320
    8516    3.800    3.300  150.000     -150.5900032
    8517    3.800    3.300  160.000     -150.5867995
    8518    3.800    3.300  170.000     -150.5846959
    8519    3.800    3.300  179.990     -150.5840044
       0    0.000    0.000    0.000        0.0000000
    8520    3.800    3.400    0.010     -142.9329774
    8521    3.800    3.400   10.000     -148.9390651
    8522    3.800    3.400   20.000     -150.5861740
    8523    3.800    3.400   30.000     -150.7261929
    8524    3.800    3.400   40.000     -150.6741451
    8525    3.800    3.400   50.000     -150.6193729
    8526    3.800    3.400   56.030     -150.6011223
    8527    3.800    3.400   60.000     -150.5964956
    8528    3.800    3.400   70.000     -150.5973744
    8529    3.800    3.400   80.000     -150.5997430
    8530    3.800    3.400   90.000     -150.6004976
    8531    3.800    3.400  100.000     -150.5998100
    8532    3.800    3.400  110.000     -150.5979809
    8533    3.800    3.400  120.000     -150.5952697
    8534    3.800    3.400  130.000     -150.5919459
    8535    3.800    3.400  140.000     -150.5883396
    8536    3.800    3.400  150.000     -150.5848625
    8537    3.800    3.400  160.000     -150.5819768
    8538    3.800    3.400  170.000     -150.5800989
    8539    3.800    3.400  179.990     -150.5794848
       0    0.000    0.000    0.000        0.0000000
    8540    3.800    3.500    0.010     -137.8887079
    8541    3.800    3.500   10.000     -148.6214005
    8542    3.800    3.500   20.000     -150.5815441
    8543    3.800    3.500   30.000     -150.7278927
    8544    3.800    3.500   40.000     -150.6731403
    8545    3.800    3.500   50.000     -150.6166363
    8546    3.800    3.500   57.120     -150.5947175
    8547    3.800    3.500   60.000     -150.5912211
    8548    3.800    3.500   70.000     -150.5915126
    8549    3.800    3.500   80.000     -150.5938306
    8550    3.800    3.500   90.000     -150.5945909
    8551    3.800    3.500  100.000     -150.5939830
    8552    3.800    3.500  110.000     -150.5923142
    8553    3.800    3.500  120.000     -150.5898386
    8554    3.800    3.500  130.000     -150.5868157
    8555    3.800    3.500  140.000     -150.5835578
    8556    3.800    3.500  150.000     -150.5804460
    8557    3.800    3.500  160.000     -150.5778940
    8558    3.800    3.500  170.000     -150.5762488
    8559    3.800    3.500  179.990     -150.5757135
       0    0.000    0.000    0.000        0.0000000
    8560    3.800    3.600    0.010     -127.0411899
    8561    3.800    3.600   10.000     -148.3679185
    8562    3.800    3.600   20.000     -150.5823478
    8563    3.800    3.600   30.000     -150.7290720
    8564    3.800    3.600   40.000     -150.6716074
    8565    3.800    3.600   50.000     -150.6139824
    8566    3.800    3.600   58.140     -150.5889396
    8567    3.800    3.600   60.000     -150.5866026
    8568    3.800    3.600   70.000     -150.5862941
    8569    3.800    3.600   80.000     -150.5885655
    8570    3.800    3.600   90.000     -150.5893307
    8571    3.800    3.600  100.000     -150.5888038
    8572    3.800    3.600  110.000     -150.5872985
    8573    3.800    3.600  120.000     -150.5850638
    8574    3.800    3.600  130.000     -150.5823485
    8575    3.800    3.600  140.000     -150.5794464
    8576    3.800    3.600  150.000     -150.5767064
    8577    3.800    3.600  160.000     -150.5744901
    8578    3.800    3.600  170.000     -150.5730811
    8579    3.800    3.600  179.990     -150.5726233
       0    0.000    0.000    0.000        0.0000000
    8580    3.800    3.800   10.000     -148.2449874
    8581    3.800    3.800   20.000     -150.6001711
    8582    3.800    3.800   30.000     -150.7296403
    8583    3.800    3.800   40.000     -150.6669976
    8584    3.800    3.800   50.000     -150.6086821
    8585    3.800    3.800   60.000     -150.5792595
    8586    3.800    3.800   70.000     -150.5776640
    8587    3.800    3.800   80.000     -150.5798586
    8588    3.800    3.800   90.000     -150.5806278
    8589    3.800    3.800  100.000     -150.5802608
    8590    3.800    3.800  110.000     -150.5790823
    8591    3.800    3.800  120.000     -150.5773298
    8592    3.800    3.800  130.000     -150.5752288
    8593    3.800    3.800  140.000     -150.5730328
    8594    3.800    3.800  150.000     -150.5710216
    8595    3.800    3.800  160.000     -150.5694510
    8596    3.800    3.800  170.000     -150.5684835
    8597    3.800    3.800  179.990     -150.5681737
       0    0.000    0.000    0.000        0.0000000
    8598    3.800    4.000    0.010     -127.0409261
    8599    3.800    4.000   10.000     -148.6739257
    8600    3.800    4.000   20.000     -150.6336039
    8601    3.800    4.000   30.000     -150.7274171
    8602    3.800    4.000   40.000     -150.6605092
    8603    3.800    4.000   50.000     -150.6032397
    8604    3.800    4.000   60.000     -150.5737230
    8605    3.800    4.000   61.640     -150.5717728
    8606    3.800    4.000   70.000     -150.5711774
    8607    3.800    4.000   80.000     -150.5733347
    8608    3.800    4.000   90.000     -150.5740993
    8609    3.800    4.000  100.000     -150.5738812
    8610    3.800    4.000  110.000     -150.5730145
    8611    3.800    4.000  120.000     -150.5717219
    8612    3.800    4.000  130.000     -150.5702014
    8613    3.800    4.000  140.000     -150.5686619
    8614    3.800    4.000  150.000     -150.5673092
    8615    3.800    4.000  160.000     -150.5662983
    8616    3.800    4.000  170.000     -150.5656973
    8617    3.800    4.000  179.990     -150.5655079
       0    0.000    0.000    0.000        0.0000000
    8618    3.800    4.500    0.010     -148.5676098
    8619    3.800    4.500   10.000     -150.1194104
    8620    3.800    4.500   20.000     -150.7141293
    8621    3.800    4.500   30.000     -150.7082679
    8622    3.800    4.500   40.000     -150.6383970
    8623    3.800    4.500   50.000     -150.5894391
    8624    3.800    4.500   60.000     -150.5661262
    8625    3.800    4.500   65.030     -150.5608674
    8626    3.800    4.500   70.000     -150.5627273
    8627    3.800    4.500   80.000     -150.5646705
    8628    3.800    4.500   90.000     -150.5652961
    8629    3.800    4.500  100.000     -150.5653381
    8630    3.800    4.500  110.000     -150.5650888
    8631    3.800    4.500  120.000     -150.5646977
    8632    3.800    4.500  130.000     -150.5642660
    8633    3.800    4.500  140.000     -150.5638705
    8634    3.800    4.500  150.000     -150.5635593
    8635    3.800    4.500  160.000     -150.5633493
    8636    3.800    4.500  170.000     -150.5632336
    8637    3.800    4.500  179.990     -150.5631987
       0    0.000    0.000    0.000        0.0000000
    8638    3.800    5.000    0.010     -150.4491680
    8639    3.800    5.000   10.000     -150.6381196
    8640    3.800    5.000   20.000     -150.7258945
    8641    3.800    5.000   30.000     -150.6740068
    8642    3.800    5.000   40.000     -150.6132533
    8643    3.800    5.000   50.000     -150.5773563
    8644    3.800    5.000   60.000     -150.5634591
    8645    3.800    5.000   67.670     -150.5623483
    8646    3.800    5.000   70.000     -150.5624976
    8647    3.800    5.000   80.000     -150.5630565
    8648    3.800    5.000   90.000     -150.5632800
    8649    3.800    5.000  100.000     -150.5633247
    8650    3.800    5.000  110.000     -150.5632907
    8651    3.800    5.000  120.000     -150.5632232
    8652    3.800    5.000  130.000     -150.5631478
    8653    3.800    5.000  140.000     -150.5630814
    8654    3.800    5.000  150.000     -150.5630324
    8655    3.800    5.000  160.000     -150.5630044
    8656    3.800    5.000  170.000     -150.5629912
    8657    3.800    5.000  179.990     -150.5629875
       0    0.000    0.000    0.000        0.0000000
    8658    3.800    6.000    0.010     -150.6763760
    8659    3.800    6.000   10.000     -150.6702848
    8660    3.800    6.000   20.000     -150.6409179
    8661    3.800    6.000   30.000     -150.6023827
    8662    3.800    6.000   40.000     -150.5755268
    8663    3.800    6.000   50.000     -150.5645749
    8664    3.800    6.000   60.000     -150.5630254
    8665    3.800    6.000   71.540     -150.5630075
    8666    3.800    6.000   80.000     -150.5630119
    8667    3.800    6.000   90.000     -150.5630044
    8668    3.800    6.000  100.000     -150.5629948
    8669    3.800    6.000  110.000     -150.5629846
    8670    3.800    6.000  120.000     -150.5629747
    8671    3.800    6.000  130.000     -150.5629670
    8672    3.800    6.000  140.000     -150.5629630
    8673    3.800    6.000  150.000     -150.5629629
    8674    3.800    6.000  160.000     -150.5629653
    8675    3.800    6.000  170.000     -150.5629686
    8676    3.800    6.000  179.990     -150.5629693
       0    0.000    0.000    0.000        0.0000000
    8677    3.800    7.000    0.010     -150.5782815
    8678    3.800    7.000   10.000     -150.5859743
    8679    3.800    7.000   20.000     -150.5772357
    8680    3.800    7.000   30.000     -150.5680962
    8681    3.800    7.000   40.000     -150.5637216
    8682    3.800    7.000   50.000     -150.5630803
    8683    3.800    7.000   60.000     -150.5630004
    8684    3.800    7.000   74.250     -150.5629370
    8685    3.800    7.000   80.000     -150.5629207
    8686    3.800    7.000   90.000     -150.5629031
    8687    3.800    7.000  100.000     -150.5628922
    8688    3.800    7.000  110.000     -150.5628839
    8689    3.800    7.000  120.000     -150.5628779
    8690    3.800    7.000  130.000     -150.5628747
    8691    3.800    7.000  140.000     -150.5628747
    8692    3.800    7.000  150.000     -150.5628771
    8693    3.800    7.000  160.000     -150.5628812
    8694    3.800    7.000  170.000     -150.5628846
    8695    3.800    7.000  179.990     -150.5628861
       0    0.000    0.000    0.000        0.0000000
    8696    3.800    8.000    0.010     -150.5640630
    8697    3.800    8.000   10.000     -150.5632258
    8698    3.800    8.000   20.000     -150.5623823
    8699    3.800    8.000   30.000     -150.5625185
    8700    3.800    8.000   40.000     -150.5630209
    8701    3.800    8.000   50.000     -150.5629617
    8702    3.800    8.000   60.000     -150.5629071
    8703    3.800    8.000   76.260     -150.5628557
    8704    3.800    8.000   80.000     -150.5628493
    8705    3.800    8.000   90.000     -150.5628376
    8706    3.800    8.000  100.000     -150.5628302
    8707    3.800    8.000  110.000     -150.5628254
    8708    3.800    8.000  120.000     -150.5628224
    8709    3.800    8.000  130.000     -150.5628211
    8710    3.800    8.000  140.000     -150.5628213
    8711    3.800    8.000  150.000     -150.5628229
    8712    3.800    8.000  160.000     -150.5628251
    8713    3.800    8.000  170.000     -150.5628271
    8714    3.800    8.000  179.990     -150.5628279
       0    0.000    0.000    0.000        0.0000000
    8715    3.800   10.000    0.010     -150.5629523
    8716    3.800   10.000   10.000     -150.5629352
    8717    3.800   10.000   20.000     -150.5629004
    8718    3.800   10.000   30.000     -150.5628685
    8719    3.800   10.000   40.000     -150.5628452
    8720    3.800   10.000   50.000     -150.5628217
    8721    3.800   10.000   60.000     -150.5628048
    8722    3.800   10.000   79.050     -150.5627874
    8723    3.800   10.000   80.000     -150.5627869
    8724    3.800   10.000   90.000     -150.5627829
    8725    3.800   10.000  100.000     -150.5627807
    8726    3.800   10.000  110.000     -150.5627794
    8727    3.800   10.000  120.000     -150.5627787
    8728    3.800   10.000  130.000     -150.5627783
    8729    3.800   10.000  140.000     -150.5627780
    8730    3.800   10.000  150.000     -150.5627779
    8731    3.800   10.000  160.000     -150.5627778
    8732    3.800   10.000  170.000     -150.5627778
    8733    3.800   10.000  179.990     -150.5627778
       0    0.000    0.000    0.000        0.0000000
    8734    3.800   12.000    0.010     -150.5628182
    8735    3.800   12.000   10.000     -150.5628142
    8736    3.800   12.000   20.000     -150.5628046
    8737    3.800   12.000   30.000     -150.5627948
    8738    3.800   12.000   40.000     -150.5627859
    8739    3.800   12.000   50.000     -150.5627791
    8740    3.800   12.000   60.000     -150.5627745
    8741    3.800   12.000   80.890     -150.5627685
    8742    3.800   12.000   90.000     -150.5627674
    8743    3.800   12.000  100.000     -150.5627667
    8744    3.800   12.000  110.000     -150.5627672
    8745    3.800   12.000  120.000     -150.5627670
    8746    3.800   12.000  130.000     -150.5627669
    8747    3.800   12.000  140.000     -150.5627668
    8748    3.800   12.000  150.000     -150.5627668
    8749    3.800   12.000  160.000     -150.5627668
    8750    3.800   12.000  170.000     -150.5627669
    8751    3.800   12.000  179.990     -150.5627670
       0    0.000    0.000    0.000        0.0000000
    8752    3.800   15.000   50.000     -150.5627640
    8753    3.800   15.000   60.000     -150.5627634
    8754    3.800   15.000   82.720     -150.5627624
    8755    3.800   15.000   90.000     -150.5627622
    8756    3.800   15.000  100.000     -150.5627621
    8757    3.800   15.000  110.000     -150.5627620
    8758    3.800   15.000  120.000     -150.5627620
    8759    3.800   15.000  130.000     -150.5627619
    8760    3.800   15.000  140.000     -150.5627619
    8761    3.800   15.000  150.000     -150.5627619
    8762    3.800   15.000  160.000     -150.5627619
    8763    3.800   15.000  170.000     -150.5627619
    8764    3.800   15.000  179.990     -150.5627619
       0    0.000    0.000    0.000        0.0000000
    8765    4.000    1.200    0.010     -150.4415653
    8766    4.000    1.200   10.000     -150.4427442
    8767    4.000    1.200   20.000     -150.4478378
    8768    4.000    1.200   30.000     -150.4502001
    8769    4.000    1.200   40.000     -150.4623261
    8770    4.000    1.200   50.000     -150.4691031
    8771    4.000    1.200   60.000     -150.4745334
    8772    4.000    1.200   70.000     -150.4783273
    8773    4.000    1.200   80.000     -150.4805607
    8774    4.000    1.200   90.000     -150.4810042
    8775    4.000    1.200  100.000     -150.4799270
    8776    4.000    1.200  110.000     -150.4775399
    8777    4.000    1.200  120.000     -150.4741305
    8778    4.000    1.200  130.000     -150.4699454
    8779    4.000    1.200  140.000     -150.4657194
    8780    4.000    1.200  160.000     -150.4586013
    8781    4.000    1.200  170.000     -150.4565447
    8782    4.000    1.200  179.990     -150.4559077
       0    0.000    0.000    0.000        0.0000000
    8783    4.000    1.400    0.010     -150.5968049
    8784    4.000    1.400   10.000     -150.5986197
    8785    4.000    1.400   20.000     -150.6054851
    8786    4.000    1.400   30.000     -150.6145731
    8787    4.000    1.400   40.000     -150.6237930
    8788    4.000    1.400   50.000     -150.6317953
    8789    4.000    1.400   60.000     -150.6379694
    8790    4.000    1.400   70.000     -150.6421616
    8791    4.000    1.400   80.000     -150.6444356
    8792    4.000    1.400   90.000     -150.6449409
    8793    4.000    1.400  100.000     -150.6438737
    8794    4.000    1.400  110.000     -150.6414784
    8795    4.000    1.400  120.000     -150.6380611
    8796    4.000    1.400  130.000     -150.6340002
    8797    4.000    1.400  140.000     -150.6297418
    8798    4.000    1.400  150.000     -150.6257732
    8799    4.000    1.400  160.000     -150.6225650
    8800    4.000    1.400  170.000     -150.6204940
    8801    4.000    1.400  179.990     -150.6198422
       0    0.000    0.000    0.000        0.0000000
    8802    4.000    1.600    0.010     -150.6539903
    8803    4.000    1.600   10.000     -150.6564768
    8804    4.000    1.600   20.000     -150.6653407
    8805    4.000    1.600   30.000     -150.6766727
    8806    4.000    1.600   40.000     -150.6876886
    8807    4.000    1.600   50.000     -150.6968741
    8808    4.000    1.600   60.000     -150.7037303
    8809    4.000    1.600   70.000     -150.7082706
    8810    4.000    1.600   80.000     -150.7107011
    8811    4.000    1.600   90.000     -150.7112686
    8812    4.000    1.600  100.000     -150.7102250
    8813    4.000    1.600  110.000     -150.7078407
    8814    4.000    1.600  120.000     -150.7044294
    8815    4.000    1.600  130.000     -150.7003690
    8816    4.000    1.600  140.000     -150.6961054
    8817    4.000    1.600  150.000     -150.6921284
    8818    4.000    1.600  160.000     -150.6889122
    8819    4.000    1.600  170.000     -150.6868354
    8820    4.000    1.600  179.990     -150.6861786
       0    0.000    0.000    0.000        0.0000000
    8821    4.000    1.700    0.010     -150.6614319
    8822    4.000    1.700   10.000     -150.6661159
    8823    4.000    1.700   20.000     -150.6758174
    8824    4.000    1.700   30.000     -150.6880947
    8825    4.000    1.700   40.000     -150.6998614
    8826    4.000    1.700   50.000     -150.7095402
    8827    4.000    1.700   60.000     -150.7166795
    8828    4.000    1.700   70.000     -150.7213622
    8829    4.000    1.700   80.000     -150.7238545
    8830    4.000    1.700   90.000     -150.7244469
    8831    4.000    1.700  100.000     -150.7234164
    8832    4.000    1.700  110.000     -150.7210437
    8833    4.000    1.700  120.000     -150.7176439
    8834    4.000    1.700  130.000     -150.7135934
    8835    4.000    1.700  140.000     -150.7093363
    8836    4.000    1.700  150.000     -150.7053618
    8837    4.000    1.700  160.000     -150.7021451
    8838    4.000    1.700  170.000     -150.7000669
    8839    4.000    1.700  179.990     -150.6994075
       0    0.000    0.000    0.000        0.0000000
    8840    4.000    1.800    0.010     -150.6652025
    8841    4.000    1.800   10.000     -150.6689148
    8842    4.000    1.800   20.000     -150.6789957
    8843    4.000    1.800   30.000     -150.6918084
    8844    4.000    1.800   40.000     -150.7040696
    8845    4.000    1.800   50.000     -150.7141125
    8846    4.000    1.800   60.000     -150.7214752
    8847    4.000    1.800   70.000     -150.7262724
    8848    4.000    1.800   80.000     -150.7288135
    8849    4.000    1.800   90.000     -150.7294261
    8850    4.000    1.800  100.000     -150.7284090
    8851    4.000    1.800  110.000     -150.7260510
    8852    4.000    1.800  120.000     -150.7226680
    8853    4.000    1.800  130.000     -150.7186335
    8854    4.000    1.800  140.000     -150.7143885
    8855    4.000    1.800  150.000     -150.7104208
    8856    4.000    1.800  160.000     -150.7072063
    8857    4.000    1.800  170.000     -150.7051284
    8858    4.000    1.800  179.990     -150.7044665
       0    0.000    0.000    0.000        0.0000000
    8859    4.000    1.850    0.010     -150.6652997
    8860    4.000    1.850   10.000     -150.6689121
    8861    4.000    1.850   20.000     -150.6788519
    8862    4.000    1.850   30.000     -150.6916589
    8863    4.000    1.850   40.000     -150.7040141
    8864    4.000    1.850   50.000     -150.7141713
    8865    4.000    1.850   60.000     -150.7216180
    8866    4.000    1.850   70.000     -150.7264606
    8867    4.000    1.850   80.000     -150.7290209
    8868    4.000    1.850   90.000     -150.7296417
    8869    4.000    1.850  100.000     -150.7286313
    8870    4.000    1.850  110.000     -150.7262819
    8871    4.000    1.850  120.000     -150.7229092
    8872    4.000    1.850  130.000     -150.7188851
    8873    4.000    1.850  140.000     -150.7146484
    8874    4.000    1.850  150.000     -150.7106859
    8875    4.000    1.850  160.000     -150.7074737
    8876    4.000    1.850  170.000     -150.7053966
    8877    4.000    1.850  179.990     -150.7047336
       0    0.000    0.000    0.000        0.0000000
    8878    4.000    1.900    0.010     -150.6651265
    8879    4.000    1.900   10.000     -150.6685702
    8880    4.000    1.900   20.000     -150.6780325
    8881    4.000    1.900   30.000     -150.6905588
    8882    4.000    1.900   40.000     -150.7028656
    8883    4.000    1.900   50.000     -150.7130796
    8884    4.000    1.900   60.000     -150.7205890
    8885    4.000    1.900   70.000     -150.7254685
    8886    4.000    1.900   80.000     -150.7280443
    8887    4.000    1.900   90.000     -150.7286721
    8888    4.000    1.900  100.000     -150.7276684
    8889    4.000    1.900  110.000     -150.7253284
    8890    4.000    1.900  120.000     -150.7219675
    8891    4.000    1.900  130.000     -150.7179554
    8892    4.000    1.900  140.000     -150.7137287
    8893    4.000    1.900  150.000     -150.7097726
    8894    4.000    1.900  160.000     -150.7065636
    8895    4.000    1.900  170.000     -150.7044879
    8896    4.000    1.900  179.990     -150.7038239
       0    0.000    0.000    0.000        0.0000000
    8897    4.000    2.000    0.010     -150.6649204
    8898    4.000    2.000   10.000     -150.6682769
    8899    4.000    2.000   20.000     -150.6757582
    8900    4.000    2.000   30.000     -150.6865050
    8901    4.000    2.000   40.000     -150.6981220
    8902    4.000    2.000   50.000     -150.7082330
    8903    4.000    2.000   60.000     -150.7157946
    8904    4.000    2.000   70.000     -150.7207212
    8905    4.000    2.000   80.000     -150.7233172
    8906    4.000    2.000   90.000     -150.7239551
    8907    4.000    2.000  100.000     -150.7229651
    8908    4.000    2.000  110.000     -150.7206467
    8909    4.000    2.000  120.000     -150.7173136
    8910    4.000    2.000  130.000     -150.7133308
    8911    4.000    2.000  140.000     -150.7091294
    8912    4.000    2.000  150.000     -150.7051909
    8913    4.000    2.000  160.000     -150.7019915
    8914    4.000    2.000  170.000     -150.6999205
    8915    4.000    2.000  179.990     -150.6992548
       0    0.000    0.000    0.000        0.0000000
    8916    4.000    2.100    0.010     -150.6651311
    8917    4.000    2.100   10.000     -150.6686770
    8918    4.000    2.100   17.750     -150.6736043
    8919    4.000    2.100   20.000     -150.6748187
    8920    4.000    2.100   30.000     -150.6814951
    8921    4.000    2.100   40.000     -150.6912479
    8922    4.000    2.100   50.000     -150.7008757
    8923    4.000    2.100   60.000     -150.7083778
    8924    4.000    2.100   70.000     -150.7133148
    8925    4.000    2.100   80.000     -150.7159171
    8926    4.000    2.100   90.000     -150.7165604
    8927    4.000    2.100  100.000     -150.7155845
    8928    4.000    2.100  110.000     -150.7132915
    8929    4.000    2.100  120.000     -150.7099924
    8930    4.000    2.100  130.000     -150.7060463
    8931    4.000    2.100  140.000     -150.7018781
    8932    4.000    2.100  150.000     -150.6979643
    8933    4.000    2.100  160.000     -150.6947796
    8934    4.000    2.100  170.000     -150.6927163
    8935    4.000    2.100  179.990     -150.6920500
       0    0.000    0.000    0.000        0.0000000
    8936    4.000    2.300    0.010     -150.6624760
    8937    4.000    2.300   10.000     -150.6711926
    8938    4.000    2.300   20.000     -150.6788877
    8939    4.000    2.300   29.590     -150.6755126
    8940    4.000    2.300   30.000     -150.6753176
    8941    4.000    2.300   40.000     -150.6753009
    8942    4.000    2.300   50.000     -150.6821887
    8943    4.000    2.300   60.000     -150.6891624
    8944    4.000    2.300   70.000     -150.6940126
    8945    4.000    2.300   80.000     -150.6965909
    8946    4.000    2.300   90.000     -150.6972341
    8947    4.000    2.300  100.000     -150.6962897
    8948    4.000    2.300  110.000     -150.6940608
    8949    4.000    2.300  120.000     -150.6908496
    8950    4.000    2.300  130.000     -150.6870016
    8951    4.000    2.300  140.000     -150.6829261
    8952    4.000    2.300  150.000     -150.6790856
    8953    4.000    2.300  160.000     -150.6759497
    8954    4.000    2.300  170.000     -150.6732778
    8955    4.000    2.300  179.990     -150.6732144
       0    0.000    0.000    0.000        0.0000000
    8956    4.000    2.500    0.010     -150.6328536
    8957    4.000    2.500   10.000     -150.6608022
    8958    4.000    2.500   20.000     -150.6881100
    8959    4.000    2.500   30.000     -150.6779770
    8960    4.000    2.500   36.870     -150.6655432
    8961    4.000    2.500   40.000     -150.6619355
    8962    4.000    2.500   50.000     -150.6619977
    8963    4.000    2.500   60.000     -150.6677407
    8964    4.000    2.500   70.000     -150.6723769
    8965    4.000    2.500   80.000     -150.6748972
    8966    4.000    2.500   90.000     -150.6755331
    8967    4.000    2.500  100.000     -150.6746290
    8968    4.000    2.500  110.000     -150.6724853
    8969    4.000    2.500  120.000     -150.6693932
    8970    4.000    2.500  130.000     -150.6656812
    8971    4.000    2.500  140.000     -150.6617379
    8972    4.000    2.500  150.000     -150.6580077
    8973    4.000    2.500  160.000     -150.6549510
    8974    4.000    2.500  170.000     -150.6523328
    8975    4.000    2.500  179.990     -150.6522784
       0    0.000    0.000    0.000        0.0000000
    8976    4.000    2.700    0.010     -150.5355763
    8977    4.000    2.700   10.000     -150.6143950
    8978    4.000    2.700   20.000     -150.6927088
    8979    4.000    2.700   30.000     -150.6872108
    8980    4.000    2.700   40.000     -150.6550703
    8981    4.000    2.700   42.210     -150.6501594
    8982    4.000    2.700   50.000     -150.6430977
    8983    4.000    2.700   60.000     -150.6466207
    8984    4.000    2.700   70.000     -150.6509416
    8985    4.000    2.700   80.000     -150.6533889
    8986    4.000    2.700   90.000     -150.6540190
    8987    4.000    2.700  100.000     -150.6531695
    8988    4.000    2.700  110.000     -150.6511378
    8989    4.000    2.700  120.000     -150.6482029
    8990    4.000    2.700  130.000     -150.6446725
    8991    4.000    2.700  140.000     -150.6409105
    8992    4.000    2.700  150.000     -150.6373384
    8993    4.000    2.700  160.000     -150.6344007
    8994    4.000    2.700  170.000     -150.6318677
    8995    4.000    2.700  179.990     -150.6318247
       0    0.000    0.000    0.000        0.0000000
    8996    4.000    2.850    0.010     -150.3764792
    8997    4.000    2.850   10.000     -150.5391444
    8998    4.000    2.850   20.000     -150.6901146
    8999    4.000    2.850   40.000     -150.6538327
    9000    4.000    2.850   50.000     -150.6308808
    9001    4.000    2.850   60.000     -150.6318048
    9002    4.000    2.850   70.000     -150.6358421
    9003    4.000    2.850   80.000     -150.6382327
    9004    4.000    2.850   90.000     -150.6388629
    9005    4.000    2.850  100.000     -150.6380663
    9006    4.000    2.850  110.000     -150.6361394
    9007    4.000    2.850  120.000     -150.6333513
    9008    4.000    2.850  130.000     -150.6299930
    9009    4.000    2.850  140.000     -150.6264072
    9010    4.000    2.850  150.000     -150.6229945
    9011    4.000    2.850  160.000     -150.6201814
    9012    4.000    2.850  170.000     -150.6183430
    9013    4.000    2.850  179.990     -150.6177421
       0    0.000    0.000    0.000        0.0000000
    9014    4.000    3.000    0.010     -150.0825459
    9015    4.000    3.000   10.000     -150.4090070
    9016    4.000    3.000   20.000     -150.6817780
    9017    4.000    3.000   30.000     -150.7017467
    9018    4.000    3.000   40.000     -150.6545290
    9019    4.000    3.000   48.190     -150.6244042
    9020    4.000    3.000   50.000     -150.6209611
    9021    4.000    3.000   60.000     -150.6182447
    9022    4.000    3.000   70.000     -150.6219628
    9023    4.000    3.000   80.000     -150.6243019
    9024    4.000    3.000   90.000     -150.6249365
    9025    4.000    3.000  100.000     -150.6242027
    9026    4.000    3.000  110.000     -150.6224000
    9027    4.000    3.000  120.000     -150.6197861
    9028    4.000    3.000  130.000     -150.6166343
    9029    4.000    3.000  140.000     -150.6132647
    9030    4.000    3.000  150.000     -150.6100536
    9031    4.000    3.000  160.000     -150.6074034
    9032    4.000    3.000  170.000     -150.6050806
    9033    4.000    3.000  179.990     -150.6050710
       0    0.000    0.000    0.000        0.0000000
    9034    4.000    3.100    0.010     -149.7639916
    9035    4.000    3.100   10.000     -150.2856889
    9036    4.000    3.100   20.000     -150.6734169
    9037    4.000    3.100   30.000     -150.7057556
    9038    4.000    3.100   40.000     -150.6552936
    9039    4.000    3.100   50.000     -150.6157253
    9040    4.000    3.100   60.000     -150.6100076
    9041    4.000    3.100   70.000     -150.6134931
    9042    4.000    3.100   80.000     -150.6157983
    9043    4.000    3.100   90.000     -150.6164375
    9044    4.000    3.100  100.000     -150.6157536
    9045    4.000    3.100  110.000     -150.6140444
    9046    4.000    3.100  120.000     -150.6115607
    9047    4.000    3.100  130.000     -150.6085663
    9048    4.000    3.100  140.000     -150.6053645
    9049    4.000    3.100  150.000     -150.6023133
    9050    4.000    3.100  160.000     -150.5997950
    9051    4.000    3.100  170.000     -150.5981469
    9052    4.000    3.100  179.990     -150.5976110
       0    0.000    0.000    0.000        0.0000000
    9053    4.000    3.200    0.010     -149.2898788
    9054    4.000    3.200   10.000     -150.1260021
    9055    4.000    3.200   20.000     -150.6634749
    9056    4.000    3.200   30.000     -150.7092280
    9057    4.000    3.200   40.000     -150.6559640
    9058    4.000    3.200   50.000     -150.6112548
    9059    4.000    3.200   51.320     -150.6082220
    9060    4.000    3.200   60.000     -150.6024589
    9061    4.000    3.200   70.000     -150.6056940
    9062    4.000    3.200   80.000     -150.6079646
    9063    4.000    3.200   90.000     -150.6086086
    9064    4.000    3.200  100.000     -150.6079773
    9065    4.000    3.200  110.000     -150.6063696
    9066    4.000    3.200  120.000     -150.6040308
    9067    4.000    3.200  130.000     -150.6012079
    9068    4.000    3.200  140.000     -150.5981925
    9069    4.000    3.200  150.000     -150.5953214
    9070    4.000    3.200  160.000     -150.5929541
    9071    4.000    3.200  170.000     -150.5908398
    9072    4.000    3.200  179.990     -150.5908720
       0    0.000    0.000    0.000        0.0000000
    9073    4.000    3.300    0.010     -148.5743541
    9074    4.000    3.300   10.000     -149.9262377
    9075    4.000    3.300   20.000     -150.6528058
    9076    4.000    3.300   30.000     -150.7121560
    9077    4.000    3.300   40.000     -150.6563696
    9078    4.000    3.300   50.000     -150.6076456
    9079    4.000    3.300   52.690     -150.6008544
    9080    4.000    3.300   60.000     -150.5956217
    9081    4.000    3.300   70.000     -150.5985839
    9082    4.000    3.300   80.000     -150.6008176
    9083    4.000    3.300   90.000     -150.6014655
    9084    4.000    3.300  100.000     -150.6008899
    9085    4.000    3.300  110.000     -150.5993909
    9086    4.000    3.300  120.000     -150.5972060
    9087    4.000    3.300  130.000     -150.5945717
    9088    4.000    3.300  140.000     -150.5917585
    9089    4.000    3.300  150.000     -150.5890863
    9090    4.000    3.300  160.000     -150.5868875
    9091    4.000    3.300  170.000     -150.5848993
    9092    4.000    3.300  179.990     -150.5849577
       0    0.000    0.000    0.000        0.0000000
    9093    4.000    3.400    0.010     -147.4783970
    9094    4.000    3.400   10.000     -149.6960058
    9095    4.000    3.400   20.000     -150.6424591
    9096    4.000    3.400   30.000     -150.7145445
    9097    4.000    3.400   40.000     -150.6564063
    9098    4.000    3.400   50.000     -150.6047224
    9099    4.000    3.400   53.970     -150.5940811
    9100    4.000    3.400   60.000     -150.5895040
    9101    4.000    3.400   70.000     -150.5921661
    9102    4.000    3.400   80.000     -150.5943585
    9103    4.000    3.400   90.000     -150.5950084
    9104    4.000    3.400  100.000     -150.5944906
    9105    4.000    3.400  110.000     -150.5931058
    9106    4.000    3.400  120.000     -150.5910839
    9107    4.000    3.400  130.000     -150.5886486
    9108    4.000    3.400  140.000     -150.5860550
    9109    4.000    3.400  150.000     -150.5835960
    9110    4.000    3.400  160.000     -150.5815806
    9111    4.000    3.400  170.000     -150.5797318
    9112    4.000    3.400  179.990     -150.5798176
       0    0.000    0.000    0.000        0.0000000
    9113    4.000    3.500    0.010     -145.7598219
    9114    4.000    3.500   10.000     -149.4264132
    9115    4.000    3.500   20.000     -150.6335743
    9116    4.000    3.500   30.000     -150.7163990
    9117    4.000    3.500   40.000     -150.6560139
    9118    4.000    3.500   50.000     -150.6022465
    9119    4.000    3.500   55.150     -150.5879496
    9120    4.000    3.500   60.000     -150.5841002
    9121    4.000    3.500   70.000     -150.5864299
    9122    4.000    3.500   80.000     -150.5885753
    9123    4.000    3.500   90.000     -150.5892241
    9124    4.000    3.500  100.000     -150.5887649
    9125    4.000    3.500  110.000     -150.5874983
    9126    4.000    3.500  120.000     -150.5856459
    9127    4.000    3.500  130.000     -150.5834184
    9128    4.000    3.500  140.000     -150.5810537
    9129    4.000    3.500  150.000     -150.5788227
    9130    4.000    3.500  160.000     -150.5769998
    9131    4.000    3.500  170.000     -150.5753016
    9132    4.000    3.500  179.990     -150.5754139
       0    0.000    0.000    0.000        0.0000000
    9133    4.000    3.600    0.010     -142.9386629
    9134    4.000    3.600   10.000     -149.1422539
    9135    4.000    3.600   20.000     -150.6272344
    9136    4.000    3.600   30.000     -150.7177180
    9137    4.000    3.600   40.000     -150.6551628
    9138    4.000    3.600   50.000     -150.6000277
    9139    4.000    3.600   56.250     -150.5824791
    9140    4.000    3.600   60.000     -150.5793909
    9141    4.000    3.600   70.000     -150.5813522
    9142    4.000    3.600   80.000     -150.5834440
    9143    4.000    3.600   90.000     -150.5840881
    9144    4.000    3.600  100.000     -150.5836872
    9145    4.000    3.600  110.000     -150.5825408
    9146    4.000    3.600  120.000     -150.5808614
    9147    4.000    3.600  130.000     -150.5788468
    9148    4.000    3.600  140.000     -150.5767172
    9149    4.000    3.600  150.000     -150.5747190
    9150    4.000    3.600  160.000     -150.5730976
    9151    4.000    3.600  170.000     -150.5715566
    9152    4.000    3.600  179.990     -150.5716925
       0    0.000    0.000    0.000        0.0000000
    9153    4.000    3.800    0.010     -127.0469405
    9154    4.000    3.800   10.000     -148.6675998
    9155    4.000    3.800   20.000     -150.6252797
    9156    4.000    3.800   30.000     -150.7186937
    9157    4.000    3.800   40.000     -150.6520638
    9158    4.000    3.800   50.000     -150.5958802
    9159    4.000    3.800   58.240     -150.5733808
    9160    4.000    3.800   60.000     -150.5719144
    9161    4.000    3.800   70.000     -150.5730297
    9162    4.000    3.800   80.000     -150.5749973
    9163    4.000    3.800   90.000     -150.5756200
    9164    4.000    3.800  100.000     -150.5753306
    9165    4.000    3.800  110.000     -150.5744221
    9166    4.000    3.800  120.000     -150.5730875
    9167    4.000    3.800  130.000     -150.5714977
    9168    4.000    3.800  140.000     -150.5698368
    9169    4.000    3.800  150.000     -150.5683016
    9170    4.000    3.800  160.000     -150.5670758
    9171    4.000    3.800  170.000     -150.5658629
    9172    4.000    3.800  179.990     -150.5660305
       0    0.000    0.000    0.000        0.0000000
    9173    4.000    4.000   10.000     -148.5730735
    9174    4.000    4.000   20.000     -150.6386859
    9175    4.000    4.000   30.000     -150.7172803
    9176    4.000    4.000   40.000     -150.6472047
    9177    4.000    4.000   50.000     -150.5917314
    9178    4.000    4.000   60.000     -150.5666876
    9179    4.000    4.000   70.000     -150.5668445
    9180    4.000    4.000   80.000     -150.5686814
    9181    4.000    4.000   90.000     -150.5692702
    9182    4.000    4.000  100.000     -150.5690799
    9183    4.000    4.000  110.000     -150.5683942
    9184    4.000    4.000  120.000     -150.5673844
    9185    4.000    4.000  130.000     -150.5661938
    9186    4.000    4.000  140.000     -150.5649706
    9187    4.000    4.000  150.000     -150.5638634
    9188    4.000    4.000  160.000     -150.5629985
    9189    4.000    4.000  170.000     -150.5621033
    9190    4.000    4.000  179.990     -150.5622770
       0    0.000    0.000    0.000        0.0000000
    9191    4.000    4.500    0.010     -145.7591137
    9192    4.000    4.500   10.000     -149.7582812
    9193    4.000    4.500   20.000     -150.7012265
    9194    4.000    4.500   30.000     -150.7021855
    9195    4.000    4.500   40.000     -150.6291385
    9196    4.000    4.500   50.000     -150.5809680
    9197    4.000    4.500   60.000     -150.5601077
    9198    4.000    4.500   63.610     -150.5564658
    9199    4.000    4.500   70.000     -150.5583516
    9200    4.000    4.500   80.000     -150.5598857
    9201    4.000    4.500   90.000     -150.5603414
    9202    4.000    4.500  100.000     -150.5603275
    9203    4.000    4.500  110.000     -150.5600780
    9204    4.000    4.500  120.000     -150.5597047
    9205    4.000    4.500  130.000     -150.5592840
    9206    4.000    4.500  140.000     -150.5588810
    9207    4.000    4.500  150.000     -150.5585447
    9208    4.000    4.500  160.000     -150.5583018
    9209    4.000    4.500  170.000     -150.5580083
    9210    4.000    4.500  179.990     -150.5581127
       0    0.000    0.000    0.000        0.0000000
    9211    4.000    5.000    0.010     -150.0906920
    9212    4.000    5.000   10.000     -150.5385467
    9213    4.000    5.000   20.000     -150.7256305
    9214    4.000    5.000   30.000     -150.6726073
    9215    4.000    5.000   40.000     -150.6071960
    9216    4.000    5.000   50.000     -150.5710783
    9217    4.000    5.000   60.000     -150.5579354
    9218    4.000    5.000   66.420     -150.5567108
    9219    4.000    5.000   70.000     -150.5569638
    9220    4.000    5.000   80.000     -150.5575242
    9221    4.000    5.000   90.000     -150.5577084
    9222    4.000    5.000  100.000     -150.5577261
    9223    4.000    5.000  110.000     -150.5576762
    9224    4.000    5.000  120.000     -150.5575980
    9225    4.000    5.000  130.000     -150.5575134
    9226    4.000    5.000  140.000     -150.5574378
    9227    4.000    5.000  150.000     -150.5573800
    9228    4.000    5.000  160.000     -150.5573408
    9229    4.000    5.000  170.000     -150.5572777
    9230    4.000    5.000  179.990     -150.5573165
       0    0.000    0.000    0.000        0.0000000
    9231    4.000    6.000    0.010     -150.6982680
    9232    4.000    6.000   10.000     -150.6909264
    9233    4.000    6.000   20.000     -150.6528531
    9234    4.000    6.000   30.000     -150.6038723
    9235    4.000    6.000   40.000     -150.5719490
    9236    4.000    6.000   50.000     -150.5594232
    9237    4.000    6.000   60.000     -150.5573070
    9238    4.000    6.000   70.530     -150.5572430
    9239    4.000    6.000   80.000     -150.5572363
    9240    4.000    6.000   90.000     -150.5572210
    9241    4.000    6.000  100.000     -150.5572071
    9242    4.000    6.000  110.000     -150.5571946
    9243    4.000    6.000  120.000     -150.5571834
    9244    4.000    6.000  130.000     -150.5571735
    9245    4.000    6.000  140.000     -150.5571689
    9246    4.000    6.000  150.000     -150.5571682
    9247    4.000    6.000  160.000     -150.5571699
    9248    4.000    6.000  170.000     -150.5571688
    9249    4.000    6.000  179.990     -150.5571746
       0    0.000    0.000    0.000        0.0000000
    9250    4.000    7.000    0.010     -150.5984798
    9251    4.000    7.000   10.000     -150.5976759
    9252    4.000    7.000   20.000     -150.5808879
    9253    4.000    7.000   30.000     -150.5659152
    9254    4.000    7.000   40.000     -150.5586350
    9255    4.000    7.000   50.000     -150.5573472
    9256    4.000    7.000   60.000     -150.5572185
    9257    4.000    7.000   73.400     -150.5571484
    9258    4.000    7.000   80.000     -150.5571294
    9259    4.000    7.000   90.000     -150.5571105
    9260    4.000    7.000  100.000     -150.5570987
    9261    4.000    7.000  110.000     -150.5570900
    9262    4.000    7.000  120.000     -150.5570839
    9263    4.000    7.000  130.000     -150.5570806
    9264    4.000    7.000  140.000     -150.5570788
    9265    4.000    7.000  150.000     -150.5570810
    9266    4.000    7.000  160.000     -150.5570847
    9267    4.000    7.000  170.000     -150.5570877
    9268    4.000    7.000  179.990     -150.5570894
       0    0.000    0.000    0.000        0.0000000
    9269    4.000    8.000    0.010     -150.5347538
    9270    4.000    8.000   10.000     -150.5600794
    9271    4.000    8.000   20.000     -150.5568935
    9272    4.000    8.000   30.000     -150.5565660
    9273    4.000    8.000   40.000     -150.5572623
    9274    4.000    8.000   50.000     -150.5571768
    9275    4.000    8.000   60.000     -150.5571170
    9276    4.000    8.000   75.520     -150.5570640
    9277    4.000    8.000   80.000     -150.5570558
    9278    4.000    8.000   90.000     -150.5570435
    9279    4.000    8.000  100.000     -150.5570359
    9280    4.000    8.000  110.000     -150.5570312
    9281    4.000    8.000  120.000     -150.5570283
    9282    4.000    8.000  130.000     -150.5570271
    9283    4.000    8.000  140.000     -150.5570274
    9284    4.000    8.000  150.000     -150.5570286
    9285    4.000    8.000  160.000     -150.5570307
    9286    4.000    8.000  170.000     -150.5570325
    9287    4.000    8.000  179.990     -150.5570331
       0    0.000    0.000    0.000        0.0000000
    9288    4.000   10.000    0.010     -150.5571746
    9289    4.000   10.000   10.000     -150.5571527
    9290    4.000   10.000   20.000     -150.5571129
    9291    4.000   10.000   30.000     -150.5570802
    9292    4.000   10.000   40.000     -150.5570572
    9293    4.000   10.000   50.000     -150.5570307
    9294    4.000   10.000   60.000     -150.5570128
    9295    4.000   10.000   78.460     -150.5569950
    9296    4.000   10.000   80.000     -150.5569942
    9297    4.000   10.000   90.000     -150.5569902
    9298    4.000   10.000  100.000     -150.5569879
    9299    4.000   10.000  110.000     -150.5569866
    9300    4.000   10.000  120.000     -150.5569859
    9301    4.000   10.000  130.000     -150.5569855
    9302    4.000   10.000  140.000     -150.5569852
    9303    4.000   10.000  150.000     -150.5569851
    9304    4.000   10.000  160.000     -150.5569851
    9305    4.000   10.000  170.000     -150.5570736
    9306    4.000   10.000  179.990     -150.5569851
       0    0.000    0.000    0.000        0.0000000
    9307    4.000   12.000    0.010     -150.5570331
    9308    4.000   12.000   10.000     -150.5570282
    9309    4.000   12.000   20.000     -150.5570175
    9310    4.000   12.000   30.000     -150.5570062
    9311    4.000   12.000   40.000     -150.5569950
    9312    4.000   12.000   50.000     -150.5569874
    9313    4.000   12.000   60.000     -150.5569822
    9314    4.000   12.000   80.410     -150.5569770
    9315    4.000   12.000   90.000     -150.5569759
    9316    4.000   12.000  100.000     -150.5569751
    9317    4.000   12.000  110.000     -150.5569747
    9318    4.000   12.000  120.000     -150.5569745
    9319    4.000   12.000  130.000     -150.5569744
    9320    4.000   12.000  140.000     -150.5569743
    9321    4.000   12.000  150.000     -150.5569743
    9322    4.000   12.000  160.000     -150.5569744
    9323    4.000   12.000  170.000     -150.5569744
    9324    4.000   12.000  179.990     -150.5569744
       0    0.000    0.000    0.000        0.0000000
    9325    4.000   15.000   40.000     -150.5569738
    9326    4.000   15.000   50.000     -150.5569727
    9327    4.000   15.000   60.000     -150.5569719
    9328    4.000   15.000   82.340     -150.5569709
    9329    4.000   15.000   90.000     -150.5569707
    9330    4.000   15.000  100.000     -150.5569706
    9331    4.000   15.000  110.000     -150.5569705
    9332    4.000   15.000  120.000     -150.5569704
    9333    4.000   15.000  130.000     -150.5569704
    9334    4.000   15.000  140.000     -150.5569704
    9335    4.000   15.000  150.000     -150.5569704
    9336    4.000   15.000  160.000     -150.5569704
    9337    4.000   15.000  170.000     -150.5569704
    9338    4.000   15.000  179.990     -150.5569704
       0    0.000    0.000    0.000        0.0000000
    9339    4.400    1.200    0.010     -150.4560705
    9340    4.400    1.200   10.000     -150.4567236
    9341    4.400    1.200   20.000     -150.4589280
    9342    4.400    1.200   30.000     -150.4620016
    9343    4.400    1.200   40.000     -150.4653166
    9344    4.400    1.200   50.000     -150.4683690
    9345    4.400    1.200   60.000     -150.4708421
    9346    4.400    1.200   70.000     -150.4725733
    9347    4.400    1.200   80.000     -150.4735079
    9348    4.400    1.200   90.000     -150.4736668
    9349    4.400    1.200  100.000     -150.4732205
    9350    4.400    1.200  110.000     -150.4720200
    9351    4.400    1.200  120.000     -150.4705053
    9352    4.400    1.200  130.000     -150.4687746
    9353    4.400    1.200  140.000     -150.4670253
    9354    4.400    1.200  150.000     -150.4654448
    9355    4.400    1.200  160.000     -150.4631326
    9356    4.400    1.200  170.000     -150.4632053
    9357    4.400    1.200  179.990     -150.4632032
       0    0.000    0.000    0.000        0.0000000
    9358    4.400    1.400    0.010     -150.6156087
    9359    4.400    1.400   10.000     -150.6164788
    9360    4.400    1.400   20.000     -150.6195078
    9361    4.400    1.400   30.000     -150.6235796
    9362    4.400    1.400   40.000     -150.6277932
    9363    4.400    1.400   50.000     -150.6315125
    9364    4.400    1.400   60.000     -150.6344092
    9365    4.400    1.400   70.000     -150.6363754
    9366    4.400    1.400   80.000     -150.6374231
    9367    4.400    1.400   90.000     -150.6376223
    9368    4.400    1.400  100.000     -150.6370840
    9369    4.400    1.400  110.000     -150.6359550
    9370    4.400    1.400  120.000     -150.6344105
    9371    4.400    1.400  130.000     -150.6326459
    9372    4.400    1.400  140.000     -150.6308639
    9373    4.400    1.400  150.000     -150.6292574
    9374    4.400    1.400  160.000     -150.6269148
    9375    4.400    1.400  170.000     -150.6269790
    9376    4.400    1.400  179.990     -150.6269783
       0    0.000    0.000    0.000        0.0000000
    9377    4.400    1.600    0.010     -150.6761500
    9378    4.400    1.600   10.000     -150.6777873
    9379    4.400    1.600   20.000     -150.6818584
    9380    4.400    1.600   30.000     -150.6871558
    9381    4.400    1.600   40.000     -150.6924267
    9382    4.400    1.600   50.000     -150.6968936
    9383    4.400    1.600   60.000     -150.7002437
    9384    4.400    1.600   70.000     -150.7024485
    9385    4.400    1.600   80.000     -150.7036049
    9386    4.400    1.600   90.000     -150.7038440
    9387    4.400    1.600  100.000     -150.7033135
    9388    4.400    1.600  110.000     -150.7021778
    9389    4.400    1.600  120.000     -150.7006188
    9390    4.400    1.600  130.000     -150.6988352
    9391    4.400    1.600  140.000     -150.6970333
    9392    4.400    1.600  150.000     -150.6954097
    9393    4.400    1.600  160.000     -150.6941304
    9394    4.400    1.600  170.000     -150.6933160
    9395    4.400    1.600  179.990     -150.6931030
       0    0.000    0.000    0.000        0.0000000
    9396    4.400    1.700    0.010     -150.6898757
    9397    4.400    1.700   10.000     -150.6925224
    9398    4.400    1.700   20.000     -150.6962664
    9399    4.400    1.700   30.000     -150.6997788
    9400    4.400    1.700   40.000     -150.7047642
    9401    4.400    1.700   50.000     -150.7096152
    9402    4.400    1.700   60.000     -150.7131934
    9403    4.400    1.700   70.000     -150.7155149
    9404    4.400    1.700   80.000     -150.7167225
    9405    4.400    1.700   90.000     -150.7169804
    9406    4.400    1.700  100.000     -150.7164554
    9407    4.400    1.700  110.000     -150.7153198
    9408    4.400    1.700  120.000     -150.7137581
    9409    4.400    1.700  130.000     -150.7119699
    9410    4.400    1.700  140.000     -150.7101620
    9411    4.400    1.700  150.000     -150.7085315
    9412    4.400    1.700  160.000     -150.7072453
    9413    4.400    1.700  170.000     -150.7064255
    9414    4.400    1.700  179.990     -150.7062082
       0    0.000    0.000    0.000        0.0000000
    9415    4.400    1.800    0.010     -150.6922437
    9416    4.400    1.800   10.000     -150.6956154
    9417    4.400    1.800   20.000     -150.7000580
    9418    4.400    1.800   30.000     -150.7040441
    9419    4.400    1.800   40.000     -150.7089357
    9420    4.400    1.800   50.000     -150.7141597
    9421    4.400    1.800   60.000     -150.7179596
    9422    4.400    1.800   70.000     -150.7203931
    9423    4.400    1.800   80.000     -150.7216488
    9424    4.400    1.800   90.000     -150.7219245
    9425    4.400    1.800  100.000     -150.7214053
    9426    4.400    1.800  110.000     -150.7202715
    9427    4.400    1.800  120.000     -150.7187096
    9428    4.400    1.800  130.000     -150.7169195
    9429    4.400    1.800  140.000     -150.7151075
    9430    4.400    1.800  150.000     -150.7134712
    9431    4.400    1.800  160.000     -150.7121784
    9432    4.400    1.800  170.000     -150.7113535
    9433    4.400    1.800  179.990     -150.7111315
       0    0.000    0.000    0.000        0.0000000
    9434    4.400    1.850    0.010     -150.6922405
    9435    4.400    1.850   10.000     -150.6949908
    9436    4.400    1.850   20.000     -150.6998046
    9437    4.400    1.850   30.000     -150.7039970
    9438    4.400    1.850   40.000     -150.7087685
    9439    4.400    1.850   50.000     -150.7141692
    9440    4.400    1.850   60.000     -150.7180755
    9441    4.400    1.850   70.000     -150.7205625
    9442    4.400    1.850   80.000     -150.7218409
    9443    4.400    1.850   90.000     -150.7221249
    9444    4.400    1.850  100.000     -150.7216088
    9445    4.400    1.850  110.000     -150.7204764
    9446    4.400    1.850  120.000     -150.7189154
    9447    4.400    1.850  130.000     -150.7171253
    9448    4.400    1.850  140.000     -150.7153121
    9449    4.400    1.850  150.000     -150.7136734
    9450    4.400    1.850  160.000     -150.7123779
    9451    4.400    1.850  170.000     -150.7115508
    9452    4.400    1.850  179.990     -150.7113265
       0    0.000    0.000    0.000        0.0000000
    9453    4.400    1.900    0.010     -150.6890474
    9454    4.400    1.900   10.000     -150.6932809
    9455    4.400    1.900   20.000     -150.6936024
    9456    4.400    1.900   30.000     -150.7028416
    9457    4.400    1.900   40.000     -150.7074357
    9458    4.400    1.900   50.000     -150.7130027
    9459    4.400    1.900   60.000     -150.7170113
    9460    4.400    1.900   70.000     -150.7195498
    9461    4.400    1.900   80.000     -150.7208498
    9462    4.400    1.900   90.000     -150.7211417
    9463    4.400    1.900  100.000     -150.7206287
    9464    4.400    1.900  110.000     -150.7194982
    9465    4.400    1.900  120.000     -150.7179387
    9466    4.400    1.900  130.000     -150.7161493
    9467    4.400    1.900  140.000     -150.7143356
    9468    4.400    1.900  150.000     -150.7126952
    9469    4.400    1.900  160.000     -150.7113974
    9470    4.400    1.900  170.000     -150.7105685
    9471    4.400    1.900  179.990     -150.7103418
       0    0.000    0.000    0.000        0.0000000
    9472    4.400    2.000    0.010     -150.6835962
    9473    4.400    2.000   10.000     -150.6874921
    9474    4.400    2.000   20.000     -150.6934843
    9475    4.400    2.000   30.000     -150.6980339
    9476    4.400    2.000   40.000     -150.7020690
    9477    4.400    2.000   50.000     -150.7079242
    9478    4.400    2.000   60.000     -150.7121222
    9479    4.400    2.000   70.000     -150.7147565
    9480    4.400    2.000   80.000     -150.7160960
    9481    4.400    2.000   90.000     -150.7164024
    9482    4.400    2.000  100.000     -150.7158960
    9483    4.400    2.000  110.000     -150.7147708
    9484    4.400    2.000  120.000     -150.7132163
    9485    4.400    2.000  130.000     -150.7114306
    9486    4.400    2.000  140.000     -150.7096183
    9487    4.400    2.000  150.000     -150.7079765
    9488    4.400    2.000  160.000     -150.7066758
    9489    4.400    2.000  170.000     -150.7058446
    9490    4.400    2.000  179.990     -150.7056135
       0    0.000    0.000    0.000        0.0000000
    9491    4.400    2.100    0.010     -150.6761038
    9492    4.400    2.100   10.000     -150.6766048
    9493    4.400    2.100   20.000     -150.6805374
    9494    4.400    2.100   30.000     -150.6870350
    9495    4.400    2.100   40.000     -150.6941606
    9496    4.400    2.100   50.000     -150.7002176
    9497    4.400    2.100   60.000     -150.7045792
    9498    4.400    2.100   70.000     -150.7072991
    9499    4.400    2.100   80.000     -150.7086730
    9500    4.400    2.100   90.000     -150.7089922
    9501    4.400    2.100  100.000     -150.7084929
    9502    4.400    2.100  110.000     -150.7073751
    9503    4.400    2.100  120.000     -150.7058286
    9504    4.400    2.100  130.000     -150.7040501
    9505    4.400    2.100  140.000     -150.7022428
    9506    4.400    2.100  150.000     -150.7006029
    9507    4.400    2.100  160.000     -150.6993023
    9508    4.400    2.100  170.000     -150.6984708
    9509    4.400    2.100  179.990     -150.6982359
       0    0.000    0.000    0.000        0.0000000
    9510    4.400    2.300    0.010     -150.6761144
    9511    4.400    2.300   10.000     -150.6741698
    9512    4.400    2.300   16.960     -150.6713724
    9513    4.400    2.300   20.000     -150.6697429
    9514    4.400    2.300   30.000     -150.6691123
    9515    4.400    2.300   40.000     -150.6744220
    9516    4.400    2.300   50.000     -150.6804428
    9517    4.400    2.300   60.000     -150.6850318
    9518    4.400    2.300   70.000     -150.6878912
    9519    4.400    2.300   80.000     -150.6893200
    9520    4.400    2.300   90.000     -150.6896606
    9521    4.400    2.300  100.000     -150.6891784
    9522    4.400    2.300  110.000     -150.6880826
    9523    4.400    2.300  120.000     -150.6865621
    9524    4.400    2.300  130.000     -150.6848100
    9525    4.400    2.300  140.000     -150.6830245
    9526    4.400    2.300  150.000     -150.6813995
    9527    4.400    2.300  160.000     -150.6801077
    9528    4.400    2.300  170.000     -150.6792815
    9529    4.400    2.300  179.990     -150.6790417
       0    0.000    0.000    0.000        0.0000000
    9530    4.400    2.500    0.010     -150.6860244
    9531    4.400    2.500   10.000     -150.6845541
    9532    4.400    2.500   20.000     -150.6729120
    9533    4.400    2.500   28.360     -150.6588815
    9534    4.400    2.500   30.000     -150.6566033
    9535    4.400    2.500   40.000     -150.6536924
    9536    4.400    2.500   50.000     -150.6585636
    9537    4.400    2.500   60.000     -150.6632085
    9538    4.400    2.500   70.000     -150.6661705
    9539    4.400    2.500   80.000     -150.6676405
    9540    4.400    2.500   90.000     -150.6679994
    9541    4.400    2.500  100.000     -150.6675399
    9542    4.400    2.500  110.000     -150.6664777
    9543    4.400    2.500  120.000     -150.6649996
    9544    4.400    2.500  130.000     -150.6632919
    9545    4.400    2.500  140.000     -150.6615457
    9546    4.400    2.500  150.000     -150.6599504
    9547    4.400    2.500  160.000     -150.6586792
    9548    4.400    2.500  170.000     -150.6578650
    9549    4.400    2.500  179.990     -150.6576240
       0    0.000    0.000    0.000        0.0000000
    9550    4.400    2.700    0.010     -150.6866107
    9551    4.400    2.700   10.000     -150.6931789
    9552    4.400    2.700   20.000     -150.6862091
    9553    4.400    2.700   30.000     -150.6562526
    9554    4.400    2.700   35.430     -150.6420813
    9555    4.400    2.700   40.000     -150.6360152
    9556    4.400    2.700   50.000     -150.6372025
    9557    4.400    2.700   60.000     -150.6416677
    9558    4.400    2.700   70.000     -150.6447057
    9559    4.400    2.700   80.000     -150.6462083
    9560    4.400    2.700   90.000     -150.6465851
    9561    4.400    2.700  100.000     -150.6461557
    9562    4.400    2.700  110.000     -150.6451420
    9563    4.400    2.700  120.000     -150.6437263
    9564    4.400    2.700  130.000     -150.6420852
    9565    4.400    2.700  140.000     -150.6403995
    9566    4.400    2.700  150.000     -150.6388530
    9567    4.400    2.700  160.000     -150.6376163
    9568    4.400    2.700  170.000     -150.6368225
    9569    4.400    2.700  179.990     -150.6365855
       0    0.000    0.000    0.000        0.0000000
    9570    4.400    2.850    0.010     -150.6702835
    9571    4.400    2.850   10.000     -150.6890763
    9572    4.400    2.850   20.000     -150.6960422
    9573    4.400    2.850   30.000     -150.6622088
    9574    4.400    2.850   40.000     -150.6274893
    9575    4.400    2.850   50.000     -150.6224552
    9576    4.400    2.850   60.000     -150.6265578
    9577    4.400    2.850   70.000     -150.6296400
    9578    4.400    2.850   80.000     -150.6311613
    9579    4.400    2.850   90.000     -150.6315515
    9580    4.400    2.850  100.000     -150.6311506
    9581    4.400    2.850  110.000     -150.6301846
    9582    4.400    2.850  120.000     -150.6288310
    9583    4.400    2.850  130.000     -150.6272570
    9584    4.400    2.850  140.000     -150.6256347
    9585    4.400    2.850  150.000     -150.6241416
    9586    4.400    2.850  160.000     -150.6229445
    9587    4.400    2.850  170.000     -150.6221744
    9588    4.400    2.850  179.990     -150.6219446
       0    0.000    0.000    0.000        0.0000000
    9589    4.400    3.000    0.010     -150.6182866
    9590    4.400    3.000   10.000     -150.6712882
    9591    4.400    3.000   20.000     -150.7043420
    9592    4.400    3.000   30.000     -150.6696094
    9593    4.400    3.000   40.000     -150.6234604
    9594    4.400    3.000   42.830     -150.6155022
    9595    4.400    3.000   50.000     -150.6093131
    9596    4.400    3.000   60.000     -150.6127390
    9597    4.400    3.000   70.000     -150.6158533
    9598    4.400    3.000   80.000     -150.6173909
    9599    4.400    3.000   90.000     -150.6177936
    9600    4.400    3.000  100.000     -150.6174263
    9601    4.400    3.000  110.000     -150.6165186
    9602    4.400    3.000  120.000     -150.6152398
    9603    4.400    3.000  130.000     -150.6137499
    9604    4.400    3.000  140.000     -150.6122095
    9605    4.400    3.000  150.000     -150.6107880
    9606    4.400    3.000  160.000     -150.6086233
    9607    4.400    3.000  170.000     -150.6086897
    9608    4.400    3.000  179.990     -150.6086899
       0    0.000    0.000    0.000        0.0000000
    9609    4.400    3.100    0.010     -150.5527083
    9610    4.400    3.100   10.000     -150.6443984
    9611    4.400    3.100   20.000     -150.7059478
    9612    4.400    3.100   30.000     -150.6744811
    9613    4.400    3.100   40.000     -150.6229256
    9614    4.400    3.100   50.000     -150.6016509
    9615    4.400    3.100   60.000     -150.6043548
    9616    4.400    3.100   70.000     -150.6074803
    9617    4.400    3.100   80.000     -150.6090230
    9618    4.400    3.100   90.000     -150.6094328
    9619    4.400    3.100  100.000     -150.6090905
    9620    4.400    3.100  110.000     -150.6082273
    9621    4.400    3.100  120.000     -150.6070091
    9622    4.400    3.100  130.000     -150.6055836
    9623    4.400    3.100  140.000     -150.6041091
    9624    4.400    3.100  150.000     -150.6027463
    9625    4.400    3.100  160.000     -150.6016493
    9626    4.400    3.100  170.000     -150.6009414
    9627    4.400    3.100  179.990     -150.6007317
       0    0.000    0.000    0.000        0.0000000
    9628    4.400    3.200    0.010     -150.4559860
    9629    4.400    3.200   10.000     -150.6039684
    9630    4.400    3.200   20.000     -150.7058918
    9631    4.400    3.200   30.000     -150.6790203
    9632    4.400    3.200   40.000     -150.6232854
    9633    4.400    3.200   46.570     -150.5994277
    9634    4.400    3.200   50.000     -150.5950175
    9635    4.400    3.200   60.000     -150.5966810
    9636    4.400    3.200   70.000     -150.5998053
    9637    4.400    3.200   80.000     -150.6013474
    9638    4.400    3.200   90.000     -150.6017624
    9639    4.400    3.200  100.000     -150.6014467
    9640    4.400    3.200  110.000     -150.6006324
    9641    4.400    3.200  120.000     -150.5994795
    9642    4.400    3.200  130.000     -150.5981297
    9643    4.400    3.200  140.000     -150.5967282
    9644    4.400    3.200  150.000     -150.5954332
    9645    4.400    3.200  160.000     -150.5933940
    9646    4.400    3.200  170.000     -150.5935014
    9647    4.400    3.200  179.990     -150.5935166
       0    0.000    0.000    0.000        0.0000000
    9648    4.400    3.300    0.010     -150.3133510
    9649    4.400    3.300   10.000     -150.5465941
    9650    4.400    3.300   20.000     -150.7041660
    9651    4.400    3.300   30.000     -150.6831022
    9652    4.400    3.300   40.000     -150.6239864
    9653    4.400    3.300   48.190     -150.5922774
    9654    4.400    3.300   50.000     -150.5895332
    9655    4.400    3.300   60.000     -150.5897392
    9656    4.400    3.300   70.000     -150.5928446
    9657    4.400    3.300   80.000     -150.5943786
    9658    4.400    3.300   90.000     -150.5947962
    9659    4.400    3.300  100.000     -150.5945082
    9660    4.400    3.300  110.000     -150.5937467
    9661    4.400    3.300  120.000     -150.5926649
    9662    4.400    3.300  130.000     -150.5913963
    9663    4.400    3.300  140.000     -150.5900782
    9664    4.400    3.300  150.000     -150.5888595
    9665    4.400    3.300  160.000     -150.5868960
    9666    4.400    3.300  170.000     -150.5870295
    9667    4.400    3.300  179.990     -150.5870548
       0    0.000    0.000    0.000        0.0000000
    9668    4.400    3.400    0.010     -150.0942440
    9669    4.400    3.400   10.000     -150.4685660
    9670    4.400    3.400   20.000     -150.7008953
    9671    4.400    3.400   30.000     -150.6866591
    9672    4.400    3.400   40.000     -150.6247011
    9673    4.400    3.400   49.680     -150.5858122
    9674    4.400    3.400   50.000     -150.5852804
    9675    4.400    3.400   60.000     -150.5835345
    9676    4.400    3.400   70.000     -150.5865978
    9677    4.400    3.400   80.000     -150.5881150
    9678    4.400    3.400   90.000     -150.5885319
    9679    4.400    3.400  100.000     -150.5882723
    9680    4.400    3.400  110.000     -150.5875661
    9681    4.400    3.400  120.000     -150.5865602
    9682    4.400    3.400  130.000     -150.5853794
    9683    4.400    3.400  140.000     -150.5841519
    9684    4.400    3.400  150.000     -150.5830177
    9685    4.400    3.400  160.000     -150.5811380
    9686    4.400    3.400  170.000     -150.5812995
    9687    4.400    3.400  179.990     -150.5813368
       0    0.000    0.000    0.000        0.0000000
    9688    4.400    3.500    0.010     -149.7738457
    9689    4.400    3.500   10.000     -150.3661973
    9690    4.400    3.500   20.000     -150.6963369
    9691    4.400    3.500   30.000     -150.6896575
    9692    4.400    3.500   40.000     -150.6252413
    9693    4.400    3.500   50.000     -150.5820359
    9694    4.400    3.500   51.060     -150.5800624
    9695    4.400    3.500   60.000     -150.5780569
    9696    4.400    3.500   70.000     -150.5810499
    9697    4.400    3.500   80.000     -150.5825397
    9698    4.400    3.500   90.000     -150.5829522
    9699    4.400    3.500  100.000     -150.5827207
    9700    4.400    3.500  110.000     -150.5820721
    9701    4.400    3.500  120.000     -150.5811458
    9702    4.400    3.500  130.000     -150.5800577
    9703    4.400    3.500  140.000     -150.5789284
    9704    4.400    3.500  150.000     -150.5778821
    9705    4.400    3.500  160.000     -150.5760945
    9706    4.400    3.500  170.000     -150.5762861
    9707    4.400    3.500  179.990     -150.5763356
       0    0.000    0.000    0.000        0.0000000
    9708    4.400    3.600    0.010     -149.2970642
    9709    4.400    3.600   10.000     -150.2364506
    9710    4.400    3.600   20.000     -150.6908941
    9711    4.400    3.600   30.000     -150.6920841
    9712    4.400    3.600   40.000     -150.6255009
    9713    4.400    3.600   50.000     -150.5797314
    9714    4.400    3.600   52.330     -150.5750287
    9715    4.400    3.600   60.000     -150.5732816
    9716    4.400    3.600   70.000     -150.5761716
    9717    4.400    3.600   80.000     -150.5776234
    9718    4.400    3.600   90.000     -150.5780274
    9719    4.400    3.600  100.000     -150.5778232
    9720    4.400    3.600  110.000     -150.5772332
    9721    4.400    3.600  120.000     -150.5763886
    9722    4.400    3.600  130.000     -150.5753964
    9723    4.400    3.600  140.000     -150.5743674
    9724    4.400    3.600  150.000     -150.5734169
    9725    4.400    3.600  160.000     -150.5717260
    9726    4.400    3.600  170.000     -150.5719470
    9727    4.400    3.600  179.990     -150.5720094
       0    0.000    0.000    0.000        0.0000000
    9728    4.400    3.800    0.010     -147.4883527
    9729    4.400    3.800   10.000     -149.8930419
    9730    4.400    3.800   20.000     -150.6795106
    9731    4.400    3.800   30.000     -150.6952194
    9732    4.400    3.800   40.000     -150.6249793
    9733    4.400    3.800   50.000     -150.5767205
    9734    4.400    3.800   54.620     -150.5669769
    9735    4.400    3.800   60.000     -150.5656764
    9736    4.400    3.800   70.000     -150.5682566
    9737    4.400    3.800   80.000     -150.5696021
    9738    4.400    3.800   90.000     -150.5699777
    9739    4.400    3.800  100.000     -150.5698237
    9740    4.400    3.800  110.000     -150.5693490
    9741    4.400    3.800  120.000     -150.5686674
    9742    4.400    3.800  130.000     -150.5678677
    9743    4.400    3.800  140.000     -150.5670416
    9744    4.400    3.800  150.000     -150.5662820
    9745    4.400    3.800  160.000     -150.5648013
    9746    4.400    3.800  170.000     -150.5650752
    9747    4.400    3.800  179.990     -150.5651609
       0    0.000    0.000    0.000        0.0000000
    9748    4.400    4.000    0.010     -142.9461264
    9749    4.400    4.000   10.000     -149.4876949
    9750    4.400    4.000   20.000     -150.6801706
    9751    4.400    4.000   30.000     -150.6960889
    9752    4.400    4.000   40.000     -150.6229827
    9753    4.400    4.000   50.000     -150.5744671
    9754    4.400    4.000   56.630     -150.5612163
    9755    4.400    4.000   60.000     -150.5603028
    9756    4.400    4.000   70.000     -150.5624471
    9757    4.400    4.000   80.000     -150.5636583
    9758    4.400    4.000   90.000     -150.5639940
    9759    4.400    4.000  100.000     -150.5638827
    9760    4.400    4.000  110.000     -150.5635147
    9761    4.400    4.000  120.000     -150.5629856
    9762    4.400    4.000  130.000     -150.5623671
    9763    4.400    4.000  140.000     -150.5617319
    9764    4.400    4.000  150.000     -150.5611503
    9765    4.400    4.000  160.000     -150.5598883
    9766    4.400    4.000  170.000     -150.5601987
    9767    4.400    4.000  179.990     -150.5603003
       0    0.000    0.000    0.000        0.0000000
    9768    4.400    4.500    0.010      -90.9390810
    9769    4.400    4.500   10.000     -149.2004562
    9770    4.400    4.500   20.000     -150.6927750
    9771    4.400    4.500   30.000     -150.6884836
    9772    4.400    4.500   40.000     -150.6123416
    9773    4.400    4.500   50.000     -150.5687107
    9774    4.400    4.500   60.000     -150.5536296
    9775    4.400    4.500   60.730     -150.5533219
    9776    4.400    4.500   70.000     -150.5543109
    9777    4.400    4.500   80.000     -150.5551837
    9778    4.400    4.500   90.000     -150.5554088
    9779    4.400    4.500  100.000     -150.5553684
    9780    4.400    4.500  110.000     -150.5552012
    9781    4.400    4.500  120.000     -150.5549624
    9782    4.400    4.500  130.000     -150.5546894
    9783    4.400    4.500  140.000     -150.5544153
    9784    4.400    4.500  150.000     -150.5529586
    9785    4.400    4.500  160.000     -150.5534340
    9786    4.400    4.500  170.000     -150.5537335
    9787    4.400    4.500  179.990     -150.5538340
       0    0.000    0.000    0.000        0.0000000
    9788    4.400    5.000    0.010     -147.4854127
    9789    4.400    5.000   10.000     -150.1411742
    9790    4.400    5.000   20.000     -150.7190401
    9791    4.400    5.000   30.000     -150.6678967
    9792    4.400    5.000   40.000     -150.5967975
    9793    4.400    5.000   50.000     -150.5626742
    9794    4.400    5.000   60.000     -150.5519653
    9795    4.400    5.000   63.900     -150.5507815
    9796    4.400    5.000   70.000     -150.5514979
    9797    4.400    5.000   80.000     -150.5520193
    9798    4.400    5.000   90.000     -150.5521354
    9799    4.400    5.000  100.000     -150.5521244
    9800    4.400    5.000  110.000     -150.5520670
    9801    4.400    5.000  120.000     -150.5519873
    9802    4.400    5.000  130.000     -150.5519033
    9803    4.400    5.000  140.000     -150.5518252
    9804    4.400    5.000  150.000     -150.5512337
    9805    4.400    5.000  160.000     -150.5514666
    9806    4.400    5.000  170.000     -150.5516264
    9807    4.400    5.000  179.990     -150.5516817
       0    0.000    0.000    0.000        0.0000000
    9808    4.400    6.000    0.010     -150.6927901
    9809    4.400    6.000   10.000     -150.7144724
    9810    4.400    6.000   20.000     -150.6685509
    9811    4.400    6.000   30.000     -150.6084187
    9812    4.400    6.000   40.000     -150.5679296
    9813    4.400    6.000   50.000     -150.5541106
    9814    4.400    6.000   60.000     -150.5513076
    9815    4.400    6.000   68.490     -150.5511828
    9816    4.400    6.000   70.000     -150.5511808
    9817    4.400    6.000   80.000     -150.5511636
    9818    4.400    6.000   90.000     -150.5511411
    9819    4.400    6.000  100.000     -150.5511240
    9820    4.400    6.000  110.000     -150.5511099
    9821    4.400    6.000  120.000     -150.5510984
    9822    4.400    6.000  130.000     -150.5510902
    9823    4.400    6.000  140.000     -150.5510857
    9824    4.400    6.000  150.000     -150.5510399
    9825    4.400    6.000  160.000     -150.5510650
    9826    4.400    6.000  170.000     -150.5510827
    9827    4.400    6.000  179.990     -150.5510893
       0    0.000    0.000    0.000        0.0000000
    9828    4.400    7.000    0.010     -150.6441249
    9829    4.400    7.000   10.000     -150.6308962
    9830    4.400    7.000   20.000     -150.5901016
    9831    4.400    7.000   30.000     -150.5595721
    9832    4.400    7.000   40.000     -150.5542878
    9833    4.400    7.000   50.000     -150.5514156
    9834    4.400    7.000   60.000     -150.5511387
    9835    4.400    7.000   70.000     -150.5510745
    9836    4.400    7.000   71.680     -150.5510668
    9837    4.400    7.000   80.000     -150.5510384
    9838    4.400    7.000   90.000     -150.5510185
    9839    4.400    7.000  100.000     -150.5510061
    9840    4.400    7.000  110.000     -150.5509975
    9841    4.400    7.000  120.000     -150.5509916
    9842    4.400    7.000  130.000     -150.5509884
    9843    4.400    7.000  140.000     -150.5509878
    9844    4.400    7.000  150.000     -150.5509862
    9845    4.400    7.000  160.000     -150.5509911
    9846    4.400    7.000  170.000     -150.5509951
    9847    4.400    7.000  179.990     -150.5509967
       0    0.000    0.000    0.000        0.0000000
    9848    4.400    8.000    0.010     -150.5566816
    9849    4.400    8.000   10.000     -150.5664014
    9850    4.400    8.000   20.000     -150.5559134
    9851    4.400    8.000   30.000     -150.5503370
    9852    4.400    8.000   40.000     -150.5513236
    9853    4.400    8.000   50.000     -150.5511007
    9854    4.400    8.000   60.000     -150.5510294
    9855    4.400    8.000   70.000     -150.5509888
    9856    4.400    8.000   74.040     -150.5509783
    9857    4.400    8.000   80.000     -150.5509667
    9858    4.400    8.000   90.000     -150.5509542
    9859    4.400    8.000  100.000     -150.5509467
    9860    4.400    8.000  110.000     -150.5509421
    9861    4.400    8.000  120.000     -150.5509393
    9862    4.400    8.000  130.000     -150.5509380
    9863    4.400    8.000  140.000     -150.5509380
    9864    4.400    8.000  150.000     -150.5509407
    9865    4.400    8.000  160.000     -150.5509418
    9866    4.400    8.000  170.000     -150.5509428
    9867    4.400    8.000  179.990     -150.5509433
       0    0.000    0.000    0.000        0.0000000
    9868    4.400   10.000    0.010     -150.5112628
    9869    4.400   10.000   10.000     -150.5511002
    9870    4.400   10.000   20.000     -150.5510274
    9871    4.400   10.000   30.000     -150.5509968
    9872    4.400   10.000   40.000     -150.5509798
    9873    4.400   10.000   50.000     -150.5509473
    9874    4.400   10.000   60.000     -150.5509268
    9875    4.400   10.000   77.290     -150.5509089
    9876    4.400   10.000   80.000     -150.5509073
    9877    4.400   10.000   90.000     -150.5509032
    9878    4.400   10.000  100.000     -150.5509010
    9879    4.400   10.000  110.000     -150.5508997
    9880    4.400   10.000  120.000     -150.5508989
    9881    4.400   10.000  130.000     -150.5508985
    9882    4.400   10.000  140.000     -150.5508984
    9883    4.400   10.000  150.000     -150.5508987
    9884    4.400   10.000  160.000     -150.5508986
    9885    4.400   10.000  170.000     -150.5508985
    9886    4.400   10.000  179.990     -150.5508984
       0    0.000    0.000    0.000        0.0000000
    9887    4.400   12.000    0.010     -150.5223727
    9888    4.400   12.000   10.000     -150.5509547
    9889    4.400   12.000   20.000     -150.5509403
    9890    4.400   12.000   30.000     -150.5509259
    9891    4.400   12.000   40.000     -150.5509118
    9892    4.400   12.000   50.000     -150.5509022
    9893    4.400   12.000   60.000     -150.5508963
    9894    4.400   12.000   79.440     -150.5508906
    9895    4.400   12.000   80.000     -150.5508905
    9896    4.400   12.000   90.000     -150.5508893
    9897    4.400   12.000  100.000     -150.5508885
    9898    4.400   12.000  110.000     -150.5508881
    9899    4.400   12.000  120.000     -150.5508879
    9900    4.400   12.000  130.000     -150.5508878
    9901    4.400   12.000  140.000     -150.5508878
    9902    4.400   12.000  150.000     -150.5508880
    9903    4.400   12.000  160.000     -150.5508880
    9904    4.400   12.000  170.000     -150.5508880
    9905    4.400   12.000  179.990     -150.5508880
       0    0.000    0.000    0.000        0.0000000
    9906    4.400   15.000    0.010     -150.5508939
    9907    4.400   15.000   40.000     -150.5508879
    9908    4.400   15.000   50.000     -150.5508865
    9909    4.400   15.000   81.570     -150.5508844
    9910    4.400   15.000   90.000     -150.5508842
    9911    4.400   15.000  100.000     -150.5508841
    9912    4.400   15.000  110.000     -150.5508840
    9913    4.400   15.000  120.000     -150.5508839
    9914    4.400   15.000  130.000     -150.5508839
    9915    4.400   15.000  140.000     -150.5508839
    9916    4.400   15.000  150.000     -150.5508700
    9917    4.400   15.000  160.000     -150.5508537
    9918    4.400   15.000  170.000     -150.5508839
    9919    4.400   15.000  179.990     -150.5508839
       0    0.000    0.000    0.000        0.0000000
    9920    4.800    1.200    0.010     -150.4624766
    9921    4.800    1.200   10.000     -150.4664709
    9922    4.800    1.200   20.000     -150.4636752
    9923    4.800    1.200   30.000     -150.4650253
    9924    4.800    1.200   40.000     -150.4665410
    9925    4.800    1.200   50.000     -150.4666466
    9926    4.800    1.200   60.000     -150.4689823
    9927    4.800    1.200   70.000     -150.4697829
    9928    4.800    1.200   80.000     -150.4702316
    9929    4.800    1.200   90.000     -150.4703382
    9930    4.800    1.200  100.000     -150.4702201
    9931    4.800    1.200  110.000     -150.4694410
    9932    4.800    1.200  120.000     -150.4691015
    9933    4.800    1.200  130.000     -150.4684144
    9934    4.800    1.200  140.000     -150.4677228
    9935    4.800    1.200  150.000     -150.4671834
    9936    4.800    1.200  160.000     -150.4666053
    9937    4.800    1.200  170.000     -150.4662897
    9938    4.800    1.200  179.990     -150.4662641
       0    0.000    0.000    0.000        0.0000000
    9939    4.800    1.400    0.010     -150.6241330
    9940    4.800    1.400   10.000     -150.6245318
    9941    4.800    1.400   20.000     -150.6258790
    9942    4.800    1.400   30.000     -150.6276998
    9943    4.800    1.400   40.000     -150.6297471
    9944    4.800    1.400   50.000     -150.6312972
    9945    4.800    1.400   60.000     -150.6326323
    9946    4.800    1.400   70.000     -150.6335511
    9947    4.800    1.400   80.000     -150.6340552
    9948    4.800    1.400   90.000     -150.6341779
    9949    4.800    1.400  100.000     -150.6339757
    9950    4.800    1.400  110.000     -150.6335206
    9951    4.800    1.400  120.000     -150.6328942
    9952    4.800    1.400  130.000     -150.6321824
    9953    4.800    1.400  140.000     -150.6314691
    9954    4.800    1.400  150.000     -150.6309039
    9955    4.800    1.400  160.000     -150.6303289
    9956    4.800    1.400  170.000     -150.6300108
    9957    4.800    1.400  179.990     -150.6299739
       0    0.000    0.000    0.000        0.0000000
    9958    4.800    1.600    0.010     -150.6928519
    9959    4.800    1.600   10.000     -150.6931661
    9960    4.800    1.600   20.000     -150.6938984
    9961    4.800    1.600   30.000     -150.6946766
    9962    4.800    1.600   40.000     -150.6952840
    9963    4.800    1.600   50.000     -150.6969787
    9964    4.800    1.600   60.000     -150.6985598
    9965    4.800    1.600   70.000     -150.6996081
    9966    4.800    1.600   80.000     -150.7001692
    9967    4.800    1.600   90.000     -150.7003092
    9968    4.800    1.600  100.000     -150.7001055
    9969    4.800    1.600  110.000     -150.6996398
    9970    4.800    1.600  120.000     -150.6989979
    9971    4.800    1.600  130.000     -150.6982689
    9972    4.800    1.600  140.000     -150.6975395
    9973    4.800    1.600  150.000     -150.6968877
    9974    4.800    1.600  160.000     -150.6963778
    9975    4.800    1.600  170.000     -150.6960554
    9976    4.800    1.600  179.990     -150.6960132
       0    0.000    0.000    0.000        0.0000000
    9977    4.800    1.700    0.010     -150.7049722
    9978    4.800    1.700   20.000     -150.7063415
    9979    4.800    1.700   30.000     -150.7073370
    9980    4.800    1.700   40.000     -150.7081104
    9981    4.800    1.700   50.000     -150.7098370
    9982    4.800    1.700   60.000     -150.7115535
    9983    4.800    1.700   70.000     -150.7126705
    9984    4.800    1.700   80.000     -150.7132602
    9985    4.800    1.700   90.000     -150.7134086
    9986    4.800    1.700  100.000     -150.7132045
    9987    4.800    1.700  110.000     -150.7127349
    9988    4.800    1.700  120.000     -150.7120876
    9989    4.800    1.700  130.000     -150.7113524
    9990    4.800    1.700  140.000     -150.7106163
    9991    4.800    1.700  150.000     -150.7099578
    9992    4.800    1.700  160.000     -150.7094418
    9993    4.800    1.700  170.000     -150.7091147
    9994    4.800    1.700  179.990     -150.7090683
       0    0.000    0.000    0.000        0.0000000
    9995    4.800    1.800    0.010     -150.7089260
    9996    4.800    1.800   10.000     -150.7094562
    9997    4.800    1.800   20.000     -150.7106413
    9998    4.800    1.800   30.000     -150.7118485
    9999    4.800    1.800   40.000     -150.7127744
   10000    4.800    1.800   50.000     -150.7145007
   10001    4.800    1.800   60.000     -150.7163590
   10002    4.800    1.800   70.000     -150.7175463
   10003    4.800    1.800   80.000     -150.7181645
   10004    4.800    1.800   90.000     -150.7183207
   10005    4.800    1.800  100.000     -150.7181162
   10006    4.800    1.800  110.000     -150.7176433
   10007    4.800    1.800  120.000     -150.7169916
   10008    4.800    1.800  130.000     -150.7162510
   10009    4.800    1.800  140.000     -150.7155087
   10010    4.800    1.800  150.000     -150.7148432
   10011    4.800    1.800  160.000     -150.7143202
   10012    4.800    1.800  170.000     -150.7139878
   10013    4.800    1.800  179.990     -150.7139363
       0    0.000    0.000    0.000        0.0000000
   10014    4.800    1.850    0.010     -150.7086511
   10015    4.800    1.850   10.000     -150.7092436
   10016    4.800    1.850   20.000     -150.7105493
   10017    4.800    1.850   30.000     -150.7118565
   10018    4.800    1.850   40.000     -150.7128498
   10019    4.800    1.850   50.000     -150.7145615
   10020    4.800    1.850   60.000     -150.7164923
   10021    4.800    1.850   70.000     -150.7177149
   10022    4.800    1.850   80.000     -150.7183471
   10023    4.800    1.850   90.000     -150.7185071
   10024    4.800    1.850  100.000     -150.7183023
   10025    4.800    1.850  110.000     -150.7178280
   10026    4.800    1.850  120.000     -150.7171744
   10027    4.800    1.850  130.000     -150.7164314
   10028    4.800    1.850  140.000     -150.7156862
   10029    4.800    1.850  150.000     -150.7150174
   10030    4.800    1.850  160.000     -150.7144910
   10031    4.800    1.850  170.000     -150.7141559
   10032    4.800    1.850  179.990     -150.7141017
       0    0.000    0.000    0.000        0.0000000
   10033    4.800    1.900    0.010     -150.7072116
   10034    4.800    1.900   10.000     -150.7078715
   10035    4.800    1.900   20.000     -150.7093001
   10036    4.800    1.900   30.000     -150.7107001
   10037    4.800    1.900   40.000     -150.7117523
   10038    4.800    1.900   50.000     -150.7134398
   10039    4.800    1.900   60.000     -150.7154437
   10040    4.800    1.900   70.000     -150.7167016
   10041    4.800    1.900   80.000     -150.7173475
   10042    4.800    1.900   90.000     -150.7175111
   10043    4.800    1.900  100.000     -150.7173061
   10044    4.800    1.900  110.000     -150.7168305
   10045    4.800    1.900  120.000     -150.7161752
   10046    4.800    1.900  130.000     -150.7154301
   10047    4.800    1.900  140.000     -150.7146822
   10048    4.800    1.900  150.000     -150.7140103
   10049    4.800    1.900  160.000     -150.7134807
   10050    4.800    1.900  170.000     -150.7131432
   10051    4.800    1.900  179.990     -150.7130863
       0    0.000    0.000    0.000        0.0000000
   10052    4.800    2.000    0.010     -150.7016341
   10053    4.800    2.000   10.000     -150.7024498
   10054    4.800    2.000   20.000     -150.7041342
   10055    4.800    2.000   30.000     -150.7056890
   10056    4.800    2.000   40.000     -150.7068233
   10057    4.800    2.000   50.000     -150.7084289
   10058    4.800    2.000   60.000     -150.7105800
   10059    4.800    2.000   70.000     -150.7119077
   10060    4.800    2.000   80.000     -150.7125798
   10061    4.800    2.000   90.000     -150.7127502
   10062    4.800    2.000  100.000     -150.7125450
   10063    4.800    2.000  110.000     -150.7120672
   10064    4.800    2.000  120.000     -150.7114092
   10065    4.800    2.000  130.000     -150.7106609
   10066    4.800    2.000  140.000     -150.7099087
   10067    4.800    2.000  150.000     -150.7092315
   10068    4.800    2.000  160.000     -150.7086967
   10069    4.800    2.000  170.000     -150.7083555
   10070    4.800    2.000  179.990     -150.7082933
       0    0.000    0.000    0.000        0.0000000
   10071    4.800    2.100    0.010     -150.6935109
   10072    4.800    2.100   10.000     -150.6945284
   10073    4.800    2.100   20.000     -150.6964857
   10074    4.800    2.100   30.000     -150.6981315
   10075    4.800    2.100   40.000     -150.6992831
   10076    4.800    2.100   50.000     -150.7007574
   10077    4.800    2.100   60.000     -150.7030549
   10078    4.800    2.100   70.000     -150.7044506
   10079    4.800    2.100   80.000     -150.7051475
   10080    4.800    2.100   90.000     -150.7053241
   10081    4.800    2.100  100.000     -150.7051190
   10082    4.800    2.100  110.000     -150.7046399
   10083    4.800    2.100  120.000     -150.7039803
   10084    4.800    2.100  130.000     -150.7032301
   10085    4.800    2.100  140.000     -150.7024752
   10086    4.800    2.100  150.000     -150.7017945
   10087    4.800    2.100  160.000     -150.7012565
   10088    4.800    2.100  170.000     -150.7009130
   10089    4.800    2.100  179.990     -150.7008461
       0    0.000    0.000    0.000        0.0000000
   10090    4.800    2.300    0.010     -150.6689223
   10091    4.800    2.300   10.000     -150.6680488
   10092    4.800    2.300   20.000     -150.6692954
   10093    4.800    2.300   30.000     -150.6728075
   10094    4.800    2.300   40.000     -150.6771929
   10095    4.800    2.300   50.000     -150.6809415
   10096    4.800    2.300   60.000     -150.6835244
   10097    4.800    2.300   70.000     -150.6850507
   10098    4.800    2.300   80.000     -150.6857923
   10099    4.800    2.300   90.000     -150.6859799
   10100    4.800    2.300  100.000     -150.6857766
   10101    4.800    2.300  110.000     -150.6852979
   10102    4.800    2.300  120.000     -150.6846397
   10103    4.800    2.300  130.000     -150.6838909
   10104    4.800    2.300  140.000     -150.6831358
   10105    4.800    2.300  150.000     -150.6824535
   10106    4.800    2.300  160.000     -150.6819139
   10107    4.800    2.300  170.000     -150.6815698
   10108    4.800    2.300  179.990     -150.6814956
       0    0.000    0.000    0.000        0.0000000
   10109    4.800    2.500    0.010     -150.6728769
   10110    4.800    2.500   10.000     -150.6636625
   10111    4.800    2.500   16.260     -150.6583368
   10112    4.800    2.500   20.000     -150.6545702
   10113    4.800    2.500   30.000     -150.6515541
   10114    4.800    2.500   40.000     -150.6548703
   10115    4.800    2.500   50.000     -150.6588537
   10116    4.800    2.500   60.000     -150.6617052
   10117    4.800    2.500   70.000     -150.6633575
   10118    4.800    2.500   80.000     -150.6641398
   10119    4.800    2.500   90.000     -150.6643375
   10120    4.800    2.500  100.000     -150.6641387
   10121    4.800    2.500  110.000     -150.6636664
   10122    4.800    2.500  120.000     -150.6630172
   10123    4.800    2.500  130.000     -150.6622777
   10124    4.800    2.500  140.000     -150.6615298
   10125    4.800    2.500  150.000     -150.6608523
   10126    4.800    2.500  160.000     -150.6603161
   10127    4.800    2.500  170.000     -150.6599743
   10128    4.800    2.500  179.990     -150.6598955
       0    0.000    0.000    0.000        0.0000000
   10129    4.800    2.700    0.010     -150.6931833
   10130    4.800    2.700   10.000     -150.6779034
   10131    4.800    2.700   20.000     -150.6566040
   10132    4.800    2.700   27.270     -150.6401649
   10133    4.800    2.700   30.000     -150.6358539
   10134    4.800    2.700   40.000     -150.6333586
   10135    4.800    2.700   50.000     -150.6370803
   10136    4.800    2.700   60.000     -150.6401745
   10137    4.800    2.700   70.000     -150.6419524
   10138    4.800    2.700   80.000     -150.6427728
   10139    4.800    2.700   90.000     -150.6429805
   10140    4.800    2.700  100.000     -150.6428219
   10141    4.800    2.700  110.000     -150.6423317
   10142    4.800    2.700  120.000     -150.6417014
   10143    4.800    2.700  130.000     -150.6409812
   10144    4.800    2.700  140.000     -150.6402497
   10145    4.800    2.700  150.000     -150.6395852
   10146    4.800    2.700  160.000     -150.6390581
   10147    4.800    2.700  170.000     -150.6387217
   10148    4.800    2.700  179.990     -150.6386414
       0    0.000    0.000    0.000        0.0000000
   10149    4.800    2.850    0.010     -150.7048138
   10150    4.800    2.850   10.000     -150.6912038
   10151    4.800    2.850   20.000     -150.6670544
   10152    4.800    2.850   30.000     -150.6325096
   10153    4.800    2.850   40.000     -150.6190816
   10154    4.800    2.850   50.000     -150.6218399
   10155    4.800    2.850   60.000     -150.6250867
   10156    4.800    2.850   70.000     -150.6269591
   10157    4.800    2.850   80.000     -150.6278041
   10158    4.800    2.850   90.000     -150.6280190
   10159    4.800    2.850  100.000     -150.6278378
   10160    4.800    2.850  110.000     -150.6273962
   10161    4.800    2.850  120.000     -150.6267875
   10162    4.800    2.850  130.000     -150.6260899
   10163    4.800    2.850  140.000     -150.6253792
   10164    4.800    2.850  150.000     -150.6247319
   10165    4.800    2.850  160.000     -150.6242175
   10166    4.800    2.850  170.000     -150.6238886
   10167    4.800    2.850  179.990     -150.6238100
       0    0.000    0.000    0.000        0.0000000
   10168    4.800    3.000    0.010     -150.7088421
   10169    4.800    3.000   10.000     -150.7079644
   10170    4.800    3.000   20.000     -150.6856367
   10171    4.800    3.000   30.000     -150.6360840
   10172    4.800    3.000   36.870     -150.6125968
   10173    4.800    3.000   40.000     -150.6077287
   10174    4.800    3.000   50.000     -150.6078740
   10175    4.800    3.000   60.000     -150.6113064
   10176    4.800    3.000   70.000     -150.6132707
   10177    4.800    3.000   80.000     -150.6141396
   10178    4.800    3.000   90.000     -150.6143606
   10179    4.800    3.000  100.000     -150.6142226
   10180    4.800    3.000  110.000     -150.6137721
   10181    4.800    3.000  120.000     -150.6131908
   10182    4.800    3.000  130.000     -150.6125240
   10183    4.800    3.000  140.000     -150.6118430
   10184    4.800    3.000  150.000     -150.6112214
   10185    4.800    3.000  160.000     -150.6103731
   10186    4.800    3.000  170.000     -150.6104091
   10187    4.800    3.000  179.990     -150.6103343
       0    0.000    0.000    0.000        0.0000000
   10188    4.800    3.100    0.010     -150.7049005
   10189    4.800    3.100   10.000     -150.7103596
   10190    4.800    3.100   20.000     -150.6922883
   10191    4.800    3.100   30.000     -150.6403296
   10192    4.800    3.100   40.000     -150.6026969
   10193    4.800    3.100   50.000     -150.5995061
   10194    4.800    3.100   60.000     -150.6029562
   10195    4.800    3.100   70.000     -150.6049772
   10196    4.800    3.100   80.000     -150.6058574
   10197    4.800    3.100   90.000     -150.6060816
   10198    4.800    3.100  100.000     -150.6059221
   10199    4.800    3.100  110.000     -150.6055204
   10200    4.800    3.100  120.000     -150.6049640
   10201    4.800    3.100  130.000     -150.6043213
   10202    4.800    3.100  140.000     -150.6036653
   10203    4.800    3.100  150.000     -150.6030659
   10204    4.800    3.100  160.000     -150.6025880
   10205    4.800    3.100  170.000     -150.6022815
   10206    4.800    3.100  179.990     -150.6022101
       0    0.000    0.000    0.000        0.0000000
   10207    4.800    3.200    0.010     -150.6874301
   10208    4.800    3.200   10.000     -150.7087118
   10209    4.800    3.200   20.000     -150.6982660
   10210    4.800    3.200   30.000     -150.6449906
   10211    4.800    3.200   40.000     -150.5998031
   10212    4.800    3.200   41.410     -150.5963765
   10213    4.800    3.200   50.000     -150.5919249
   10214    4.800    3.200   60.000     -150.5953209
   10215    4.800    3.200   70.000     -150.5973916
   10216    4.800    3.200   80.000     -150.5982791
   10217    4.800    3.200   90.000     -150.5985051
   10218    4.800    3.200  100.000     -150.5983897
   10219    4.800    3.200  110.000     -150.5979744
   10220    4.800    3.200  120.000     -150.5974447
   10221    4.800    3.200  130.000     -150.5968316
   10222    4.800    3.200  140.000     -150.5962053
   10223    4.800    3.200  150.000     -150.5956323
   10224    4.800    3.200  160.000     -150.5948401
   10225    4.800    3.200  170.000     -150.5948817
   10226    4.800    3.200  179.990     -150.5948141
       0    0.000    0.000    0.000        0.0000000
   10227    4.800    3.300    0.010     -150.6641244
   10228    4.800    3.300   10.000     -150.7016801
   10229    4.800    3.300   20.000     -150.7033926
   10230    4.800    3.300   30.000     -150.6496478
   10231    4.800    3.300   40.000     -150.5986510
   10232    4.800    3.300   43.340     -150.5892619
   10233    4.800    3.300   50.000     -150.5851867
   10234    4.800    3.300   60.000     -150.5884187
   10235    4.800    3.300   70.000     -150.5905283
   10236    4.800    3.300   80.000     -150.5914177
   10237    4.800    3.300   90.000     -150.5916440
   10238    4.800    3.300  100.000     -150.5915408
   10239    4.800    3.300  110.000     -150.5911465
   10240    4.800    3.300  120.000     -150.5906464
   10241    4.800    3.300  130.000     -150.5900683
   10242    4.800    3.300  140.000     -150.5894742
   10243    4.800    3.300  150.000     -150.5889319
   10244    4.800    3.300  160.000     -150.5881718
   10245    4.800    3.300  170.000     -150.5882209
   10246    4.800    3.300  179.990     -150.5881575
       0    0.000    0.000    0.000        0.0000000
   10247    4.800    3.400    0.010     -150.6240686
   10248    4.800    3.400   10.000     -150.6876285
   10249    4.800    3.400   20.000     -150.7075254
   10250    4.800    3.400   30.000     -150.6540745
   10251    4.800    3.400   40.000     -150.5987294
   10252    4.800    3.400   45.100     -150.5828862
   10253    4.800    3.400   50.000     -150.5793485
   10254    4.800    3.400   60.000     -150.5822510
   10255    4.800    3.400   70.000     -150.5843848
   10256    4.800    3.400   80.000     -150.5852696
   10257    4.800    3.400   90.000     -150.5854942
   10258    4.800    3.400  100.000     -150.5854032
   10259    4.800    3.400  110.000     -150.5850319
   10260    4.800    3.400  120.000     -150.5845641
   10261    4.800    3.400  130.000     -150.5840228
   10262    4.800    3.400  140.000     -150.5834662
   10263    4.800    3.400  150.000     -150.5829584
   10264    4.800    3.400  160.000     -150.5822325
   10265    4.800    3.400  170.000     -150.5822923
   10266    4.800    3.400  179.990     -150.5822329
       0    0.000    0.000    0.000        0.0000000
   10267    4.800    3.500    0.010     -150.5602067
   10268    4.800    3.500   10.000     -150.6645909
   10269    4.800    3.500   20.000     -150.7105635
   10270    4.800    3.500   30.000     -150.6581410
   10271    4.800    3.500   40.000     -150.5993652
   10272    4.800    3.500   46.710     -150.5772664
   10273    4.800    3.500   50.000     -150.5744722
   10274    4.800    3.500   60.000     -150.5768034
   10275    4.800    3.500   70.000     -150.5789427
   10276    4.800    3.500   80.000     -150.5798157
   10277    4.800    3.500   90.000     -150.5800362
   10278    4.800    3.500  100.000     -150.5799570
   10279    4.800    3.500  110.000     -150.5796105
   10280    4.800    3.500  120.000     -150.5791771
   10281    4.800    3.500  130.000     -150.5786753
   10282    4.800    3.500  140.000     -150.5781609
   10283    4.800    3.500  150.000     -150.5776889
   10284    4.800    3.500  160.000     -150.5769992
   10285    4.800    3.500  170.000     -150.5770723
   10286    4.800    3.500  179.990     -150.5770167
       0    0.000    0.000    0.000        0.0000000
   10287    4.800    3.600    0.010     -150.4624131
   10288    4.800    3.600   10.000     -150.6302735
   10289    4.800    3.600   20.000     -150.7124641
   10290    4.800    3.600   30.000     -150.6617707
   10291    4.800    3.600   40.000     -150.6001377
   10292    4.800    3.600   48.190     -150.5723892
   10293    4.800    3.600   50.000     -150.5706104
   10294    4.800    3.600   60.000     -150.5720471
   10295    4.800    3.600   70.000     -150.5741701
   10296    4.800    3.600   80.000     -150.5750236
   10297    4.800    3.600   90.000     -150.5752377
   10298    4.800    3.600  100.000     -150.5751696
   10299    4.800    3.600  110.000     -150.5748491
   10300    4.800    3.600  120.000     -150.5744514
   10301    4.800    3.600  130.000     -150.5739910
   10302    4.800    3.600  140.000     -150.5735194
   10303    4.800    3.600  150.000     -150.5730868
   10304    4.800    3.600  160.000     -150.5724326
   10305    4.800    3.600  170.000     -150.5725231
   10306    4.800    3.600  179.990     -150.5724713
       0    0.000    0.000    0.000        0.0000000
   10307    4.800    3.800    0.010     -150.1030961
   10308    4.800    3.800   10.000     -150.5175051
   10309    4.800    3.800   20.000     -150.7130026
   10310    4.800    3.800   30.000     -150.6675580
   10311    4.800    3.800   40.000     -150.6013121
   10312    4.800    3.800   50.000     -150.5656959
   10313    4.800    3.800   50.830     -150.5646831
   10314    4.800    3.800   60.000     -150.5644355
   10315    4.800    3.800   70.000     -150.5664546
   10316    4.800    3.800   80.000     -150.5672471
   10317    4.800    3.800   90.000     -150.5674413
   10318    4.800    3.800  100.000     -150.5673922
   10319    4.800    3.800  110.000     -150.5671249
   10320    4.800    3.800  120.000     -150.5667994
   10321    4.800    3.800  130.000     -150.5664233
   10322    4.800    3.800  140.000     -150.5660393
   10323    4.800    3.800  150.000     -150.5656897
   10324    4.800    3.800  160.000     -150.5651056
   10325    4.800    3.800  170.000     -150.5652333
   10326    4.800    3.800  179.990     -150.5651889
       0    0.000    0.000    0.000        0.0000000
   10327    4.800    4.000    0.010     -149.3045134
   10328    4.800    4.000   10.000     -150.3302014
   10329    4.800    4.000   20.000     -150.7101812
   10330    4.800    4.000   30.000     -150.6712676
   10331    4.800    4.000   40.000     -150.6014847
   10332    4.800    4.000   50.000     -150.5635193
   10333    4.800    4.000   53.130     -150.5592557
   10334    4.800    4.000   60.000     -150.5589877
   10335    4.800    4.000   70.000     -150.5608140
   10336    4.800    4.000   80.000     -150.5615234
   10337    4.800    4.000   90.000     -150.5616912
   10338    4.800    4.000  100.000     -150.5616559
   10339    4.800    4.000  110.000     -150.5614402
   10340    4.800    4.000  120.000     -150.5611827
   10341    4.800    4.000  130.000     -150.5608865
   10342    4.800    4.000  140.000     -150.5605843
   10343    4.800    4.000  150.000     -150.5603122
   10344    4.800    4.000  160.000     -150.5598002
   10345    4.800    4.000  170.000     -150.5599611
   10346    4.800    4.000  179.990     -150.5599241
       0    0.000    0.000    0.000        0.0000000
   10347    4.800    4.500    0.010     -137.9035601
   10348    4.800    4.500   10.000     -149.6316380
   10349    4.800    4.500   20.000     -150.7026151
   10350    4.800    4.500   30.000     -150.6714028
   10351    4.800    4.500   40.000     -150.5970120
   10352    4.800    4.500   50.000     -150.5606835
   10353    4.800    4.500   60.000     -150.5517687
   10354    4.800    4.500   70.000     -150.5528846
   10355    4.800    4.500   80.000     -150.5533635
   10356    4.800    4.500   90.000     -150.5534613
   10357    4.800    4.500  100.000     -150.5534244
   10358    4.800    4.500  110.000     -150.5533292
   10359    4.800    4.500  120.000     -150.5531998
   10360    4.800    4.500  130.000     -150.5530565
   10361    4.800    4.500  140.000     -150.5529147
   10362    4.800    4.500  150.000     -150.5527898
   10363    4.800    4.500  160.000     -150.5524258
   10364    4.800    4.500  170.000     -150.5526346
   10365    4.800    4.500  179.990     -150.5526147
       0    0.000    0.000    0.000        0.0000000
   10366    4.800    5.000    0.010     -127.0526610
   10367    4.800    5.000   10.000     -149.6898656
   10368    4.800    5.000   20.000     -150.7101206
   10369    4.800    5.000   30.000     -150.6593465
   10370    4.800    5.000   40.000     -150.5873381
   10371    4.800    5.000   50.000     -150.5574431
   10372    4.800    5.000   60.000     -150.5494389
   10373    4.800    5.000   61.310     -150.5491257
   10374    4.800    5.000   70.000     -150.5497094
   10375    4.800    5.000   80.000     -150.5500164
   10376    4.800    5.000   90.000     -150.5500632
   10377    4.800    5.000  100.000     -150.5500412
   10378    4.800    5.000  110.000     -150.5499957
   10379    4.800    5.000  120.000     -150.5499391
   10380    4.800    5.000  130.000     -150.5498796
   10381    4.800    5.000  140.000     -150.5498239
   10382    4.800    5.000  150.000     -150.5497774
   10383    4.800    5.000  160.000     -150.5495409
   10384    4.800    5.000  170.000     -150.5497245
   10385    4.800    5.000  179.990     -150.5497172
       0    0.000    0.000    0.000        0.0000000
   10386    4.800    6.000    0.010     -150.4663804
   10387    4.800    6.000   10.000     -150.6795649
   10388    4.800    6.000   20.000     -150.6900509
   10389    4.800    6.000   30.000     -150.6120403
   10390    4.800    6.000   40.000     -150.5654715
   10391    4.800    6.000   50.000     -150.5516720
   10392    4.800    6.000   60.000     -150.5487233
   10393    4.800    6.000   66.420     -150.5485516
   10394    4.800    6.000   70.000     -150.5485497
   10395    4.800    6.000   80.000     -150.5485399
   10396    4.800    6.000   90.000     -150.5485206
   10397    4.800    6.000  100.000     -150.5483248
   10398    4.800    6.000  110.000     -150.5483181
   10399    4.800    6.000  120.000     -150.5483256
   10400    4.800    6.000  130.000     -150.5484714
   10401    4.800    6.000  140.000     -150.5484668
   10402    4.800    6.000  150.000     -150.5484650
   10403    4.800    6.000  160.000     -150.5484373
   10404    4.800    6.000  170.000     -150.5484666
   10405    4.800    6.000  179.990     -150.5484680
       0    0.000    0.000    0.000        0.0000000
   10406    4.800    7.000    0.010     -150.6903135
   10407    4.800    7.000   10.000     -150.6694700
   10408    4.800    7.000   20.000     -150.6117197
   10409    4.800    7.000   30.000     -150.5665790
   10410    4.800    7.000   40.000     -150.5531216
   10411    4.800    7.000   50.000     -150.5490245
   10412    4.800    7.000   60.000     -150.5485018
   10413    4.800    7.000   69.950     -150.5484290
   10414    4.800    7.000   70.000     -150.5484288
   10415    4.800    7.000   80.000     -150.5483936
   10416    4.800    7.000   90.000     -150.5483741
   10417    4.800    7.000  100.000     -150.5483485
   10418    4.800    7.000  110.000     -150.5483404
   10419    4.800    7.000  120.000     -150.5483369
   10420    4.800    7.000  130.000     -150.5483457
   10421    4.800    7.000  140.000     -150.5483449
   10422    4.800    7.000  150.000     -150.5483459
   10423    4.800    7.000  160.000     -150.5483467
   10424    4.800    7.000  170.000     -150.5483501
   10425    4.800    7.000  179.990     -150.5483518
       0    0.000    0.000    0.000        0.0000000
   10426    4.800    8.000    0.010     -150.5869201
   10427    4.800    8.000   10.000     -150.5834785
   10428    4.800    8.000   20.000     -150.5628559
   10429    4.800    8.000   30.000     -150.5506228
   10430    4.800    8.000   40.000     -150.5490953
   10431    4.800    8.000   50.000     -150.5484807
   10432    4.800    8.000   60.000     -150.5483881
   10433    4.800    8.000   70.000     -150.5483466
   10434    4.800    8.000   72.540     -150.5483396
   10435    4.800    8.000   80.000     -150.5483245
   10436    4.800    8.000   90.000     -150.5483119
   10437    4.800    8.000  100.000     -150.5483092
   10438    4.800    8.000  110.000     -150.5483041
   10439    4.800    8.000  120.000     -150.5483010
   10440    4.800    8.000  130.000     -150.5482966
   10441    4.800    8.000  140.000     -150.5482963
   10442    4.800    8.000  150.000     -150.5482970
   10443    4.800    8.000  160.000     -150.5482994
   10444    4.800    8.000  170.000     -150.5482993
   10445    4.800    8.000  179.990     -150.5483006
       0    0.000    0.000    0.000        0.0000000
   10446    4.800   10.000    0.010     -150.5124351
   10447    4.800   10.000   10.000     -150.5487990
   10448    4.800   10.000   20.000     -150.5483966
   10449    4.800   10.000   30.000     -150.5483528
   10450    4.800   10.000   40.000     -150.5483499
   10451    4.800   10.000   50.000     -150.5483106
   10452    4.800   10.000   60.000     -150.5482875
   10453    4.800   10.000   76.110     -150.5482687
   10454    4.800   10.000   80.000     -150.5482662
   10455    4.800   10.000   90.000     -150.5482621
   10456    4.800   10.000  100.000     -150.5482625
   10457    4.800   10.000  110.000     -150.5482608
   10458    4.800   10.000  120.000     -150.5482597
   10459    4.800   10.000  130.000     -150.5482577
   10460    4.800   10.000  140.000     -150.5482576
   10461    4.800   10.000  150.000     -150.5482577
   10462    4.800   10.000  160.000     -150.5482582
   10463    4.800   10.000  170.000     -150.5482581
   10464    4.800   10.000  179.990     -150.5482581
       0    0.000    0.000    0.000        0.0000000
   10465    4.800   12.000    0.010     -150.5192725
   10466    4.800   12.000   10.000     -150.5483296
   10467    4.800   12.000   20.000     -150.5483106
   10468    4.800   12.000   30.000     -150.5482926
   10469    4.800   12.000   40.000     -150.5482753
   10470    4.800   12.000   50.000     -150.5482630
   10471    4.800   12.000   60.000     -150.5482564
   10472    4.800   12.000   78.460     -150.5482507
   10473    4.800   12.000   80.000     -150.5482505
   10474    4.800   12.000   90.000     -150.5482492
   10475    4.800   12.000  100.000     -150.5482491
   10476    4.800   12.000  110.000     -150.5482485
   10477    4.800   12.000  120.000     -150.5482478
   10478    4.800   12.000  130.000     -150.5482477
   10479    4.800   12.000  140.000     -150.5482477
   10480    4.800   12.000  150.000     -150.5482478
   10481    4.800   12.000  160.000     -150.5482479
   10482    4.800   12.000  170.000     -150.5482479
   10483    4.800   12.000  179.990     -150.5482662
       0    0.000    0.000    0.000        0.0000000
   10484    4.800   15.000   10.000     -150.5482556
   10485    4.800   15.000   20.000     -150.5482536
   10486    4.800   15.000   30.000     -150.5482512
   10487    4.800   15.000   40.000     -150.5482485
   10488    4.800   15.000   50.000     -150.5482469
   10489    4.800   15.000   60.000     -150.5482457
   10490    4.800   15.000   80.790     -150.5482445
   10491    4.800   15.000   90.000     -150.5482443
   10492    4.800   15.000  100.000     -150.5482277
   10493    4.800   15.000  110.000     -150.5482440
   10494    4.800   15.000  120.000     -150.5482225
   10495    4.800   15.000  130.000     -150.5482439
   10496    4.800   15.000  140.000     -150.5482439
   10497    4.800   15.000  150.000     -150.5482439
   10498    4.800   15.000  160.000     -150.5482442
   10499    4.800   15.000  170.000     -150.5482439
   10500    4.800   15.000  179.990     -150.5482442
       0    0.000    0.000    0.000        0.0000000
   10501    5.300    1.200    0.010     -150.4653924
   10502    5.300    1.200   10.000     -150.4655182
   10503    5.300    1.200   20.000     -150.4658678
   10504    5.300    1.200   30.000     -150.4663628
   10505    5.300    1.200   40.000     -150.4669089
   10506    5.300    1.200   50.000     -150.4674290
   10507    5.300    1.200   60.000     -150.4678682
   10508    5.300    1.200   70.000     -150.4681972
   10509    5.300    1.200   80.000     -150.4684062
   10510    5.300    1.200   90.000     -150.4684995
   10511    5.300    1.200  100.000     -150.4684901
   10512    5.300    1.200  110.000     -150.4683976
   10513    5.300    1.200  120.000     -150.4682471
   10514    5.300    1.200  130.000     -150.4680657
   10515    5.300    1.200  140.000     -150.4678774
   10516    5.300    1.200  150.000     -150.4677042
   10517    5.300    1.200  160.000     -150.4675654
   10518    5.300    1.200  170.000     -150.4674754
   10519    5.300    1.200  179.990     -150.4675101
       0    0.000    0.000    0.000        0.0000000
   10520    5.300    1.400    0.010     -150.6327758
   10521    5.300    1.400   10.000     -150.6327095
   10522    5.300    1.400   20.000     -150.6325329
   10523    5.300    1.400   30.000     -150.6322774
   10524    5.300    1.400   40.000     -150.6319978
   10525    5.300    1.400   50.000     -150.6317324
   10526    5.300    1.400   60.000     -150.6315561
   10527    5.300    1.400   70.000     -150.6319294
   10528    5.300    1.400   80.000     -150.6321567
   10529    5.300    1.400   90.000     -150.6322523
   10530    5.300    1.400  100.000     -150.6322362
   10531    5.300    1.400  110.000     -150.6321320
   10532    5.300    1.400  120.000     -150.6319680
   10533    5.300    1.400  130.000     -150.6317731
   10534    5.300    1.400  140.000     -150.6315741
   10535    5.300    1.400  150.000     -150.6313943
   10536    5.300    1.400  160.000     -150.6312534
   10537    5.300    1.400  170.000     -150.6311651
   10538    5.300    1.400  179.990     -150.6312079
       0    0.000    0.000    0.000        0.0000000
   10539    5.300    1.600    0.010     -150.6984974
   10540    5.300    1.600   10.000     -150.6984583
   10541    5.300    1.600   20.000     -150.6983391
   10542    5.300    1.600   30.000     -150.6981548
   10543    5.300    1.600   40.000     -150.6979394
   10544    5.300    1.600   50.000     -150.6977297
   10545    5.300    1.600   60.000     -150.6975616
   10546    5.300    1.600   70.000     -150.6979692
   10547    5.300    1.600   80.000     -150.6982163
   10548    5.300    1.600   90.000     -150.6983146
   10549    5.300    1.600  100.000     -150.6982929
   10550    5.300    1.600  110.000     -150.6981796
   10551    5.300    1.600  120.000     -150.6980045
   10552    5.300    1.600  130.000     -150.6977984
   10553    5.300    1.600  140.000     -150.6975898
   10554    5.300    1.600  150.000     -150.6974039
   10555    5.300    1.600  160.000     -150.6972608
   10556    5.300    1.600  170.000     -150.6971728
   10557    5.300    1.600  179.990     -150.6972117
       0    0.000    0.000    0.000        0.0000000
   10558    5.300    1.700    0.010     -150.7113894
   10559    5.300    1.700   10.000     -150.7113653
   10560    5.300    1.700   20.000     -150.7112765
   10561    5.300    1.700   30.000     -150.7111290
   10562    5.300    1.700   40.000     -150.7109468
   10563    5.300    1.700   50.000     -150.7107673
   10564    5.300    1.700   60.000     -150.7106206
   10565    5.300    1.700   70.000     -150.7110282
   10566    5.300    1.700   80.000     -150.7112859
   10567    5.300    1.700   90.000     -150.7113851
   10568    5.300    1.700  100.000     -150.7113605
   10569    5.300    1.700  110.000     -150.7112428
   10570    5.300    1.700  120.000     -150.7110630
   10571    5.300    1.700  130.000     -150.7108519
   10572    5.300    1.700  140.000     -150.7106385
   10573    5.300    1.700  150.000     -150.7104485
   10574    5.300    1.700  160.000     -150.7103021
   10575    5.300    1.700  170.000     -150.7102116
   10576    5.300    1.700  179.990     -150.7102469
       0    0.000    0.000    0.000        0.0000000
   10577    5.300    1.800    0.010     -150.7160991
   10578    5.300    1.800   10.000     -150.7160892
   10579    5.300    1.800   20.000     -150.7160312
   10580    5.300    1.800   30.000     -150.7159171
   10581    5.300    1.800   40.000     -150.7157678
   10582    5.300    1.800   50.000     -150.7156149
   10583    5.300    1.800   60.000     -150.7154899
   10584    5.300    1.800   70.000     -150.7159035
   10585    5.300    1.800   80.000     -150.7161719
   10586    5.300    1.800   90.000     -150.7162718
   10587    5.300    1.800  100.000     -150.7162440
   10588    5.300    1.800  110.000     -150.7161222
   10589    5.300    1.800  120.000     -150.7159378
   10590    5.300    1.800  130.000     -150.7157218
   10591    5.300    1.800  140.000     -150.7155033
   10592    5.300    1.800  150.000     -150.7153080
   10593    5.300    1.800  160.000     -150.7151565
   10594    5.300    1.800  170.000     -150.7150620
   10595    5.300    1.800  179.990     -150.7150924
       0    0.000    0.000    0.000        0.0000000
   10596    5.300    1.850    0.010     -150.7161888
   10597    5.300    1.850   10.000     -150.7161850
   10598    5.300    1.850   20.000     -150.7161442
   10599    5.300    1.850   30.000     -150.7160432
   10600    5.300    1.850   40.000     -150.7159096
   10601    5.300    1.850   50.000     -150.7157754
   10602    5.300    1.850   60.000     -150.7156558
   10603    5.300    1.850   65.000     -150.7159125
   10604    5.300    1.850   70.000     -150.7161335
   10605    5.300    1.850   80.000     -150.7164103
   10606    5.300    1.850   90.000     -150.7165122
   10607    5.300    1.850  100.000     -150.7164835
   10608    5.300    1.850  110.000     -150.7163594
   10609    5.300    1.850  120.000     -150.7161720
   10610    5.300    1.850  130.000     -150.7159522
   10611    5.300    1.850  140.000     -150.7157293
   10612    5.300    1.850  150.000     -150.7155292
   10613    5.300    1.850  160.000     -150.7153731
   10614    5.300    1.850  170.000     -150.7152751
   10615    5.300    1.850  179.990     -150.7152418
       0    0.000    0.000    0.000        0.0000000
   10616    5.300    1.900    0.010     -150.7151013
   10617    5.300    1.900   10.000     -150.7151035
   10618    5.300    1.900   20.000     -150.7150731
   10619    5.300    1.900   30.000     -150.7149886
   10620    5.300    1.900   40.000     -150.7148695
   10621    5.300    1.900   50.000     -150.7147470
   10622    5.300    1.900   60.000     -150.7146403
   10623    5.300    1.900   65.000     -150.7148916
   10624    5.300    1.900   70.000     -150.7150607
   10625    5.300    1.900   80.000     -150.7153399
   10626    5.300    1.900   90.000     -150.7154403
   10627    5.300    1.900  100.000     -150.7154093
   10628    5.300    1.900  110.000     -150.7152831
   10629    5.300    1.900  120.000     -150.7150942
   10630    5.300    1.900  130.000     -150.7148734
   10631    5.300    1.900  140.000     -150.7146496
   10632    5.300    1.900  150.000     -150.7144486
   10633    5.300    1.900  160.000     -150.7142914
   10634    5.300    1.900  170.000     -150.7141923
   10635    5.300    1.900  179.990     -150.7142171
       0    0.000    0.000    0.000        0.0000000
   10636    5.300    2.000    0.010     -150.7101801
   10637    5.300    2.000   10.000     -150.7101922
   10638    5.300    2.000   20.000     -150.7101824
   10639    5.300    2.000   30.000     -150.7101184
   10640    5.300    2.000   40.000     -150.7100243
   10641    5.300    2.000   50.000     -150.7099303
   10642    5.300    2.000   60.000     -150.7098455
   10643    5.300    2.000   65.000     -150.7100831
   10644    5.300    2.000   70.000     -150.7102708
   10645    5.300    2.000   80.000     -150.7105606
   10646    5.300    2.000   90.000     -150.7106614
   10647    5.300    2.000  100.000     -150.7106269
   10648    5.300    2.000  110.000     -150.7104963
   10649    5.300    2.000  120.000     -150.7103029
   10650    5.300    2.000  130.000     -150.7100775
   10651    5.300    2.000  140.000     -150.7098487
   10652    5.300    2.000  150.000     -150.7096422
   10653    5.300    2.000  160.000     -150.7094798
   10654    5.300    2.000  170.000     -150.7093768
   10655    5.300    2.000  179.990     -150.7093961
       0    0.000    0.000    0.000        0.0000000
   10656    5.300    2.100    0.010     -150.7026301
   10657    5.300    2.100   10.000     -150.7026535
   10658    5.300    2.100   20.000     -150.7026550
   10659    5.300    2.100   30.000     -150.7025974
   10660    5.300    2.100   40.000     -150.7025185
   10661    5.300    2.100   50.000     -150.7024504
   10662    5.300    2.100   60.000     -150.7023843
   10663    5.300    2.100   65.000     -150.7026131
   10664    5.300    2.100   70.000     -150.7028201
   10665    5.300    2.100   80.000     -150.7031202
   10666    5.300    2.100   90.000     -150.7032211
   10667    5.300    2.100  100.000     -150.7031831
   10668    5.300    2.100  110.000     -150.7030482
   10669    5.300    2.100  120.000     -150.7028505
   10670    5.300    2.100  130.000     -150.7026209
   10671    5.300    2.100  140.000     -150.7023875
   10672    5.300    2.100  150.000     -150.7021764
   10673    5.300    2.100  160.000     -150.7020098
   10674    5.300    2.100  170.000     -150.7019040
   10675    5.300    2.100  179.990     -150.7019182
       0    0.000    0.000    0.000        0.0000000
   10676    5.300    2.300    0.100     -150.6831696
   10677    5.300    2.300   10.000     -150.6832243
   10678    5.300    2.300   20.000     -150.6832301
   10679    5.300    2.300   30.000     -150.6831148
   10680    5.300    2.300   40.000     -150.6830242
   10681    5.300    2.300   50.000     -150.6830003
   10682    5.300    2.300   65.000     -150.6831967
   10683    5.300    2.300   70.000     -150.6834426
   10684    5.300    2.300   80.000     -150.6837620
   10685    5.300    2.300   90.000     -150.6838623
   10686    5.300    2.300  100.000     -150.6838172
   10687    5.300    2.300  110.000     -150.6836741
   10688    5.300    2.300  120.000     -150.6834690
   10689    5.300    2.300  130.000     -150.6832322
   10690    5.300    2.300  140.000     -150.6829916
   10691    5.300    2.300  150.000     -150.6827736
   10692    5.300    2.300  160.000     -150.6826018
   10693    5.300    2.300  170.000     -150.6824932
   10694    5.300    2.300  179.990     -150.6824990
       0    0.000    0.000    0.000        0.0000000
   10695    5.300    2.500    0.010     -150.6616000
   10696    5.300    2.500   10.000     -150.6617565
   10697    5.300    2.500   20.000     -150.6617324
   10698    5.300    2.500   30.000     -150.6614040
   10699    5.300    2.500   40.000     -150.6612147
   10700    5.300    2.500   50.000     -150.6612350
   10701    5.300    2.500   70.000     -150.6617902
   10702    5.300    2.500   80.000     -150.6621278
   10703    5.300    2.500   90.000     -150.6622265
   10704    5.300    2.500  100.000     -150.6621748
   10705    5.300    2.500  110.000     -150.6620256
   10706    5.300    2.500  120.000     -150.6618157
   10707    5.300    2.500  130.000     -150.6615743
   10708    5.300    2.500  140.000     -150.6613287
   10709    5.300    2.500  150.000     -150.6611064
   10710    5.300    2.500  160.000     -150.6609319
   10711    5.300    2.500  170.000     -150.6608219
   10712    5.300    2.500  179.990     -150.6608216
       0    0.000    0.000    0.000        0.0000000
   10713    5.300    2.700    0.010     -150.6508575
   10714    5.300    2.700    2.000     -150.6505234
   10715    5.300    2.700    5.000     -150.6487877
   10716    5.300    2.700   10.000     -150.6416450
   10717    5.300    2.700   20.000     -150.6410330
   10718    5.300    2.700   30.000     -150.6400667
   10719    5.300    2.700   40.000     -150.6396315
   10720    5.300    2.700   60.000     -150.6396371
   10721    5.300    2.700   70.000     -150.6404492
   10722    5.300    2.700   80.000     -150.6408046
   10723    5.300    2.700   90.000     -150.6409011
   10724    5.300    2.700  100.000     -150.6408445
   10725    5.300    2.700  110.000     -150.6406925
   10726    5.300    2.700  120.000     -150.6404815
   10727    5.300    2.700  130.000     -150.6402390
   10728    5.300    2.700  140.000     -150.6399923
   10729    5.300    2.700  150.000     -150.6397690
   10730    5.300    2.700  160.000     -150.6395936
   10731    5.300    2.700  170.000     -150.6394829
   10732    5.300    2.700  179.990     -150.6394793
       0    0.000    0.000    0.000        0.0000000
   10733    5.300    2.850    0.010     -150.6664021
   10734    5.300    2.850    5.000     -150.6544876
   10735    5.300    2.850   10.000     -150.6480193
   10736    5.300    2.850   20.000     -150.6288052
   10737    5.300    2.850   30.000     -150.6186253
   10738    5.300    2.850   40.000     -150.6201600
   10739    5.300    2.850   50.000     -150.6228944
   10740    5.300    2.850   60.000     -150.6246414
   10741    5.300    2.850   70.000     -150.6255189
   10742    5.300    2.850   80.000     -150.6258872
   10743    5.300    2.850   90.000     -150.6259821
   10744    5.300    2.850  100.000     -150.6259233
   10745    5.300    2.850  110.000     -150.6257719
   10746    5.300    2.850  120.000     -150.6255630
   10747    5.300    2.850  130.000     -150.6253232
   10748    5.300    2.850  140.000     -150.6250791
   10749    5.300    2.850  150.000     -150.6248582
   10750    5.300    2.850  160.000     -150.6246840
   10751    5.300    2.850  170.000     -150.6245742
   10752    5.300    2.850  179.990     -150.6245699
       0    0.000    0.000    0.000        0.0000000
   10753    5.300    3.000    0.010     -150.6829632
   10754    5.300    3.000   10.000     -150.6623214
   10755    5.300    3.000   20.000     -150.6341608
   10756    5.300    3.000   27.950     -150.6121557
   10757    5.300    3.000   30.000     -150.6088013
   10758    5.300    3.000   40.000     -150.6061863
   10759    5.300    3.000   50.000     -150.6089793
   10760    5.300    3.000   60.000     -150.6109659
   10761    5.300    3.000   70.000     -150.6119109
   10762    5.300    3.000   80.000     -150.6122907
   10763    5.300    3.000   90.000     -150.6123837
   10764    5.300    3.000  100.000     -150.6123243
   10765    5.300    3.000  110.000     -150.6121744
   10766    5.300    3.000  120.000     -150.6119707
   10767    5.300    3.000  130.000     -150.6117371
   10768    5.300    3.000  140.000     -150.6114995
   10769    5.300    3.000  150.000     -150.6112842
   10770    5.300    3.000  160.000     -150.6111143
   10771    5.300    3.000  170.000     -150.6110065
   10772    5.300    3.000  179.990     -150.6110030
       0    0.000    0.000    0.000        0.0000000
   10773    5.300    3.100    0.010     -150.6933886
   10774    5.300    3.100   10.000     -150.6727662
   10775    5.300    3.100   20.000     -150.6412445
   10776    5.300    3.100   30.000     -150.6063033
   10777    5.300    3.100   40.000     -150.5978801
   10778    5.300    3.100   50.000     -150.6006120
   10779    5.300    3.100   60.000     -150.6026866
   10780    5.300    3.100   70.000     -150.6036762
   10781    5.300    3.100   80.000     -150.6040625
   10782    5.300    3.100   90.000     -150.6041543
   10783    5.300    3.100  100.000     -150.6040953
   10784    5.300    3.100  110.000     -150.6039504
   10785    5.300    3.100  120.000     -150.6037505
   10786    5.300    3.100  130.000     -150.6035231
   10787    5.300    3.100  140.000     -150.6032920
   10788    5.300    3.100  150.000     -150.6030826
   10789    5.300    3.100  160.000     -150.6029172
   10790    5.300    3.100  170.000     -150.6028122
   10791    5.300    3.100  179.990     -150.6028096
       0    0.000    0.000    0.000        0.0000000
   10792    5.300    3.200    0.010     -150.7023119
   10793    5.300    3.200   10.000     -150.6830338
   10794    5.300    3.200   20.000     -150.6491884
   10795    5.300    3.200   30.000     -150.6070176
   10796    5.300    3.200   34.090     -150.5956129
   10797    5.300    3.200   40.000     -150.5904941
   10798    5.300    3.200   50.000     -150.5929209
   10799    5.300    3.200   60.000     -150.5951220
   10800    5.300    3.200   70.000     -150.5961540
   10801    5.300    3.200   80.000     -150.5965450
   10802    5.300    3.200   90.000     -150.5966350
   10803    5.300    3.200  100.000     -150.5965770
   10804    5.300    3.200  110.000     -150.5964366
   10805    5.300    3.200  120.000     -150.5962451
   10806    5.300    3.200  130.000     -150.5960243
   10807    5.300    3.200  140.000     -150.5958016
   10808    5.300    3.200  150.000     -150.5954635
   10809    5.300    3.200  160.000     -150.5954403
   10810    5.300    3.200  170.000     -150.5953389
   10811    5.300    3.200  179.990     -150.5953373
       0    0.000    0.000    0.000        0.0000000
   10812    5.300    3.300    0.010     -150.7101674
   10813    5.300    3.300   10.000     -150.6925544
   10814    5.300    3.300   20.000     -150.6573752
   10815    5.300    3.300   30.000     -150.6099929
   10816    5.300    3.300   36.580     -150.5884140
   10817    5.300    3.300   40.000     -150.5845157
   10818    5.300    3.300   50.000     -150.5859724
   10819    5.300    3.300   60.000     -150.5882863
   10820    5.300    3.300   70.000     -150.5893565
   10821    5.300    3.300   80.000     -150.5897499
   10822    5.300    3.300   90.000     -150.5898378
   10823    5.300    3.300  100.000     -150.5897814
   10824    5.300    3.300  110.000     -150.5896465
   10825    5.300    3.300  120.000     -150.5894632
   10826    5.300    3.300  130.000     -150.5892538
   10827    5.300    3.300  140.000     -150.5890398
   10828    5.300    3.300  150.000     -150.5887201
   10829    5.300    3.300  160.000     -150.5886952
   10830    5.300    3.300  170.000     -150.5885984
   10831    5.300    3.300  179.990     -150.5885973
       0    0.000    0.000    0.000        0.0000000
   10832    5.300    3.400    0.010     -150.7150911
   10833    5.300    3.400   10.000     -150.7007725
   10834    5.300    3.400   20.000     -150.6654705
   10835    5.300    3.400   30.000     -150.6138602
   10836    5.300    3.400   38.790     -150.5819913
   10837    5.300    3.400   40.000     -150.5802238
   10838    5.300    3.400   50.000     -150.5797766
   10839    5.300    3.400   60.000     -150.5821775
   10840    5.300    3.400   70.000     -150.5832794
   10841    5.300    3.400   80.000     -150.5836725
   10842    5.300    3.400   90.000     -150.5837577
   10843    5.300    3.400  100.000     -150.5837032
   10844    5.300    3.400  110.000     -150.5835748
   10845    5.300    3.400  120.000     -150.5834011
   10846    5.300    3.400  130.000     -150.5832030
   10847    5.300    3.400  140.000     -150.5830010
   10848    5.300    3.400  150.000     -150.5827026
   10849    5.300    3.400  160.000     -150.5826760
   10850    5.300    3.400  170.000     -150.5825848
   10851    5.300    3.400  179.990     -150.5825841
       0    0.000    0.000    0.000        0.0000000
   10852    5.300    3.500    0.010     -150.7160049
   10853    5.300    3.500   10.000     -150.7070712
   10854    5.300    3.500   20.000     -150.6732615
   10855    5.300    3.500   30.000     -150.6179989
   10856    5.300    3.500   40.000     -150.5777521
   10857    5.300    3.500   40.790     -150.5763531
   10858    5.300    3.500   50.000     -150.5743307
   10859    5.300    3.500   60.000     -150.5767779
   10860    5.300    3.500   70.000     -150.5779028
   10861    5.300    3.500   80.000     -150.5782923
   10862    5.300    3.500   90.000     -150.5783739
   10863    5.300    3.500  100.000     -150.5783217
   10864    5.300    3.500  110.000     -150.5782007
   10865    5.300    3.500  120.000     -150.5780376
   10866    5.300    3.500  130.000     -150.5778522
   10867    5.300    3.500  140.000     -150.5776633
   10868    5.300    3.500  150.000     -150.5773883
   10869    5.300    3.500  160.000     -150.5773605
   10870    5.300    3.500  170.000     -150.5772756
   10871    5.300    3.500  179.990     -150.5772748
       0    0.000    0.000    0.000        0.0000000
   10872    5.300    3.600    0.010     -150.7056534
   10873    5.300    3.600   10.000     -150.7107236
   10874    5.300    3.600   20.000     -150.6805956
   10875    5.300    3.600   30.000     -150.6221136
   10876    5.300    3.600   40.000     -150.5768683
   10877    5.300    3.600   42.600     -150.5714793
   10878    5.300    3.600   50.000     -150.5696219
   10879    5.300    3.600   60.000     -150.5720557
   10880    5.300    3.600   70.000     -150.5731930
   10881    5.300    3.600   80.000     -150.5735752
   10882    5.300    3.600   90.000     -150.5736526
   10883    5.300    3.600  100.000     -150.5736029
   10884    5.300    3.600  110.000     -150.5734898
   10885    5.300    3.600  120.000     -150.5733382
   10886    5.300    3.600  130.000     -150.5731664
   10887    5.300    3.600  140.000     -150.5729933
   10888    5.300    3.600  150.000     -150.5727393
   10889    5.300    3.600  160.000     -150.5727129
   10890    5.300    3.600  170.000     -150.5726349
   10891    5.300    3.600  179.990     -150.5726338
       0    0.000    0.000    0.000        0.0000000
   10892    5.300    3.800    0.010     -150.6738705
   10893    5.300    3.800   10.000     -150.7064299
   10894    5.300    3.800   20.000     -150.6968645
   10895    5.300    3.800   30.000     -150.6296958
   10896    5.300    3.800   40.000     -150.5776706
   10897    5.300    3.800   45.780     -150.5638278
   10898    5.300    3.800   50.000     -150.5623312
   10899    5.300    3.800   60.000     -150.5644629
   10900    5.300    3.800   70.000     -150.5655882
   10901    5.300    3.800   80.000     -150.5659451
   10902    5.300    3.800   90.000     -150.5660116
   10903    5.300    3.800  100.000     -150.5659672
   10904    5.300    3.800  110.000     -150.5658708
   10905    5.300    3.800  120.000     -150.5657432
   10906    5.300    3.800  130.000     -150.5656001
   10907    5.300    3.800  140.000     -150.5654569
   10908    5.300    3.800  150.000     -150.5652451
   10909    5.300    3.800  160.000     -150.5652269
   10910    5.300    3.800  170.000     -150.5651636
   10911    5.300    3.800  179.990     -150.5651606
       0    0.000    0.000    0.000        0.0000000
   10912    5.300    4.000    0.010     -150.5637810
   10913    5.300    4.000   10.000     -150.6786971
   10914    5.300    4.000   20.000     -150.7056963
   10915    5.300    4.000   30.000     -150.6359606
   10916    5.300    4.000   40.000     -150.5790531
   10917    5.300    4.000   48.510     -150.5584910
   10918    5.300    4.000   50.000     -150.5577173
   10919    5.300    4.000   60.000     -150.5589690
   10920    5.300    4.000   70.000     -150.5600331
   10921    5.300    4.000   80.000     -150.5603526
   10922    5.300    4.000   90.000     -150.5604059
   10923    5.300    4.000  100.000     -150.5603666
   10924    5.300    4.000  110.000     -150.5602864
   10925    5.300    4.000  120.000     -150.5601824
   10926    5.300    4.000  130.000     -150.5600671
   10927    5.300    4.000  140.000     -150.5599516
   10928    5.300    4.000  150.000     -150.5597793
   10929    5.300    4.000  160.000     -150.5597718
   10930    5.300    4.000  170.000     -150.5597229
   10931    5.300    4.000  179.990     -150.5597182
       0    0.000    0.000    0.000        0.0000000
   10932    5.300    4.500    0.010     -149.3050695
   10933    5.300    4.500   10.000     -150.4275599
   10934    5.300    4.500   20.000     -150.7153302
   10935    5.300    4.500   30.000     -150.6444847
   10936    5.300    4.500   40.000     -150.5797063
   10937    5.300    4.500   53.920     -150.5501629
   10938    5.300    4.500   60.000     -150.5514375
   10939    5.300    4.500   70.000     -150.5522017
   10940    5.300    4.500   80.000     -150.5524086
   10941    5.300    4.500   90.000     -150.5524296
   10942    5.300    4.500  100.000     -150.5524001
   10943    5.300    4.500  110.000     -150.5523521
   10944    5.300    4.500  120.000     -150.5522933
   10945    5.300    4.500  130.000     -150.5522327
   10946    5.300    4.500  140.000     -150.5521751
   10947    5.300    4.500  150.000     -150.5520710
   10948    5.300    4.500  160.000     -150.5520897
   10949    5.300    4.500  170.000     -150.5520679
   10950    5.300    4.500  179.990     -150.5520625
       0    0.000    0.000    0.000        0.0000000
   10951    5.300    5.000    0.010     -137.9037631
   10952    5.300    5.000   10.000     -150.2784040
   10953    5.300    5.000   15.000     -150.6175235
   10954    5.300    5.000   20.000     -150.7155475
   10955    5.300    5.000   30.000     -150.6422949
   10956    5.300    5.000   40.000     -150.5758409
   10957    5.300    5.000   50.000     -150.5530519
   10958    5.300    5.000   57.990     -150.5478455
   10959    5.300    5.000   60.000     -150.5485646
   10960    5.300    5.000   70.000     -150.5489704
   10961    5.300    5.000   80.000     -150.5490861
   10962    5.300    5.000   90.000     -150.5490865
   10963    5.300    5.000  100.000     -150.5490636
   10964    5.300    5.000  110.000     -150.5490346
   10965    5.300    5.000  120.000     -150.5490036
   10966    5.300    5.000  130.000     -150.5489736
   10967    5.300    5.000  140.000     -150.5489468
   10968    5.300    5.000  150.000     -150.5488747
   10969    5.300    5.000  160.000     -150.5489106
   10970    5.300    5.000  170.000     -150.5489026
   10971    5.300    5.000  179.990     -150.5489012
       0    0.000    0.000    0.000        0.0000000
   10972    5.300    6.000    0.010     -148.5857150
   10973    5.300    6.000    7.000     -150.2942998
   10974    5.300    6.000   10.000     -150.4754539
   10975    5.300    6.000   15.000     -150.7029709
   10976    5.300    6.000   20.000     -150.7037782
   10977    5.300    6.000   30.000     -150.6122263
   10978    5.300    6.000   40.000     -150.5623586
   10979    5.300    6.000   50.000     -150.5499010
   10980    5.300    6.000   60.000     -150.5473101
   10981    5.300    6.000   63.790     -150.5468922
   10982    5.300    6.000   70.000     -150.5469283
   10983    5.300    6.000   80.000     -150.5469066
   10984    5.300    6.000   90.000     -150.5471495
   10985    5.300    6.000  100.000     -150.5471346
   10986    5.300    6.000  110.000     -150.5471221
   10987    5.300    6.000  120.000     -150.5471124
   10988    5.300    6.000  130.000     -150.5471051
   10989    5.300    6.000  140.000     -150.5471001
   10990    5.300    6.000  150.000     -150.5470312
   10991    5.300    6.000  160.000     -150.5470965
   10992    5.300    6.000  170.000     -150.5470967
   10993    5.300    6.000  179.990     -150.5470977
       0    0.000    0.000    0.000        0.0000000
   10994    5.300    7.000    0.010     -150.7101817
   10995    5.300    7.000   10.000     -150.7095137
   10996    5.300    7.000   20.000     -150.6382380
   10997    5.300    7.000   30.000     -150.5743824
   10998    5.300    7.000   40.000     -150.5515969
   10999    5.300    7.000   50.000     -150.5478420
   11000    5.300    7.000   60.000     -150.5470560
   11001    5.300    7.000   67.750     -150.5469567
   11002    5.300    7.000   70.000     -150.5469733
   11003    5.300    7.000   80.000     -150.5469259
   11004    5.300    7.000   90.000     -150.5469235
   11005    5.300    7.000  100.000     -150.5469127
   11006    5.300    7.000  110.000     -150.5469058
   11007    5.300    7.000  120.000     -150.5469013
   11008    5.300    7.000  130.000     -150.5468986
   11009    5.300    7.000  140.000     -150.5468976
   11010    5.300    7.000  150.000     -150.5468889
   11011    5.300    7.000  160.000     -150.5468990
   11012    5.300    7.000  170.000     -150.5469002
   11013    5.300    7.000  179.990     -150.5469020
       0    0.000    0.000    0.000        0.0000000
   11014    5.300    8.000    0.010     -150.6394466
   11015    5.300    8.000   10.000     -150.6175054
   11016    5.300    8.000   20.000     -150.5762694
   11017    5.300    8.000   30.000     -150.5544621
   11018    5.300    8.000   40.000     -150.5476192
   11019    5.300    8.000   50.000     -150.5470884
   11020    5.300    8.000   60.000     -150.5469384
   11021    5.300    8.000   70.000     -150.5468960
   11022    5.300    8.000   70.660     -150.5468992
   11023    5.300    8.000   80.000     -150.5468796
   11024    5.300    8.000   90.000     -150.5468626
   11025    5.300    8.000  100.000     -150.5468560
   11026    5.300    8.000  110.000     -150.5468522
   11027    5.300    8.000  120.000     -150.5468498
   11028    5.300    8.000  130.000     -150.5468485
   11029    5.300    8.000  140.000     -150.5468481
   11030    5.300    8.000  150.000     -150.5468500
   11031    5.300    8.000  160.000     -150.5468505
   11032    5.300    8.000  170.000     -150.5468501
   11033    5.300    8.000  179.990     -150.5468516
       0    0.000    0.000    0.000        0.0000000
   11034    5.300   10.000    0.010     -150.5504575
   11035    5.300   10.000   10.000     -150.5494998
   11036    5.300   10.000   20.000     -150.5477685
   11037    5.300   10.000   40.000     -150.5468932
   11038    5.300   10.000   50.000     -150.5468676
   11039    5.300   10.000   74.630     -150.5468253
   11040    5.300   10.000   80.000     -150.5468220
   11041    5.300   10.000   90.000     -150.5468171
   11042    5.300   10.000  100.000     -150.5468148
   11043    5.300   10.000  110.000     -150.5468133
   11044    5.300   10.000  120.000     -150.5468131
   11045    5.300   10.000  130.000     -150.5468118
   11046    5.300   10.000  140.000     -150.5468102
   11047    5.300   10.000  150.000     -150.5468115
   11048    5.300   10.000  160.000     -150.5468101
   11049    5.300   10.000  170.000     -150.5468105
   11050    5.300   10.000  179.990     -150.5468113
       0    0.000    0.000    0.000        0.0000000
   11051    5.300   12.000    0.010     -150.5469282
   11052    5.300   12.000   10.000     -150.5469119
   11053    5.300   12.000   20.000     -150.5468753
   11054    5.300   12.000   40.000     -150.5468355
   11055    5.300   12.000   60.000     -150.5468098
   11056    5.300   12.000   80.000     -150.5468035
   11057    5.300   12.000   90.000     -150.5468022
   11058    5.300   12.000  100.000     -150.5468015
   11059    5.300   12.000  110.000     -150.5468011
   11060    5.300   12.000  120.000     -150.5468009
   11061    5.300   12.000  130.000     -150.5468008
   11062    5.300   12.000  140.000     -150.5468008
   11063    5.300   12.000  150.000     -150.5468014
   11064    5.300   12.000  160.000     -150.5468012
   11065    5.300   12.000  170.000     -150.5468013
   11066    5.300   12.000  179.990     -150.5468014
       0    0.000    0.000    0.000        0.0000000
   11067    5.300   15.000    0.010     -150.5468143
   11068    5.300   15.000   10.000     -150.5468118
   11069    5.300   15.000   20.000     -150.5468098
   11070    5.300   15.000   30.000     -150.5468061
   11071    5.300   15.000   40.000     -150.5468035
   11072    5.300   15.000   50.000     -150.5468005
   11073    5.300   15.000   60.000     -150.5467996
   11074    5.300   15.000   80.000     -150.5467984
   11075    5.300   15.000   90.000     -150.5467981
   11076    5.300   15.000  100.000     -150.5467980
   11077    5.300   15.000  110.000     -150.5467979
   11078    5.300   15.000  120.000     -150.5467978
   11079    5.300   15.000  130.000     -150.5467978
   11080    5.300   15.000  140.000     -150.5467978
   11081    5.300   15.000  150.000     -150.5467978
   11082    5.300   15.000  160.000     -150.5467978
   11083    5.300   15.000  170.000     -150.5467978
   11084    5.300   15.000  179.990     -150.5467978
       0    0.000    0.000    0.000        0.0000000
   11085    6.000    1.200    0.010     -150.4694022
   11086    6.000    1.200   10.000     -150.4693349
   11087    6.000    1.200   20.000     -150.4691496
   11088    6.000    1.200   30.000     -150.4688832
   11089    6.000    1.200   40.000     -150.4685990
   11090    6.000    1.200   50.000     -150.4683248
   11091    6.000    1.200   60.000     -150.4681045
   11092    6.000    1.200   70.000     -150.4679570
   11093    6.000    1.200   80.000     -150.4678683
   11094    6.000    1.200   90.000     -150.4678228
   11095    6.000    1.200  100.000     -150.4678016
   11096    6.000    1.200  110.000     -150.4677840
   11097    6.000    1.200  120.000     -150.4677725
   11098    6.000    1.200  130.000     -150.4677612
   11099    6.000    1.200  140.000     -150.4677486
   11100    6.000    1.200  150.000     -150.4677356
   11101    6.000    1.200  160.000     -150.4677220
   11102    6.000    1.200  170.000     -150.4677193
   11103    6.000    1.200  179.990     -150.4677177
       0    0.000    0.000    0.000        0.0000000
   11104    6.000    1.400    0.010     -150.6332942
   11105    6.000    1.400   10.000     -150.6332165
   11106    6.000    1.400   20.000     -150.6330031
   11107    6.000    1.400   30.000     -150.6327026
   11108    6.000    1.400   40.000     -150.6323732
   11109    6.000    1.400   50.000     -150.6320748
   11110    6.000    1.400   60.000     -150.6318377
   11111    6.000    1.400   70.000     -150.6316732
   11112    6.000    1.400   80.000     -150.6315721
   11113    6.000    1.400   90.000     -150.6315164
   11114    6.000    1.400  100.000     -150.6314843
   11115    6.000    1.400  110.000     -150.6314632
   11116    6.000    1.400  120.000     -150.6314670
   11117    6.000    1.400  130.000     -150.6314301
   11118    6.000    1.400  140.000     -150.6314147
   11119    6.000    1.400  150.000     -150.6314014
   11120    6.000    1.400  160.000     -150.6313921
   11121    6.000    1.400  170.000     -150.6313875
   11122    6.000    1.400  179.990     -150.6313871
       0    0.000    0.000    0.000        0.0000000
   11123    6.000    1.600    0.010     -150.6995401
   11124    6.000    1.600   10.000     -150.6994495
   11125    6.000    1.600   20.000     -150.6992022
   11126    6.000    1.600   30.000     -150.6988573
   11127    6.000    1.600   40.000     -150.6984867
   11128    6.000    1.600   50.000     -150.6981548
   11129    6.000    1.600   60.000     -150.6978928
   11130    6.000    1.600   70.000     -150.6977141
   11131    6.000    1.600   80.000     -150.6975973
   11132    6.000    1.600   90.000     -150.6975335
   11133    6.000    1.600  100.000     -150.6974937
   11134    6.000    1.600  110.000     -150.6974662
   11135    6.000    1.600  120.000     -150.6974595
   11136    6.000    1.600  130.000     -150.6974219
   11137    6.000    1.600  140.000     -150.6974032
   11138    6.000    1.600  150.000     -150.6973892
   11139    6.000    1.600  160.000     -150.6973811
   11140    6.000    1.600  170.000     -150.6973781
   11141    6.000    1.600  179.990     -150.6973862
       0    0.000    0.000    0.000        0.0000000
   11142    6.000    1.700    0.010     -150.7127221
   11143    6.000    1.700   10.000     -150.7126227
   11144    6.000    1.700   20.000     -150.7123530
   11145    6.000    1.700   30.000     -150.7119800
   11146    6.000    1.700   40.000     -150.7115844
   11147    6.000    1.700   50.000     -150.7112351
   11148    6.000    1.700   60.000     -150.7109644
   11149    6.000    1.700   70.000     -150.7107744
   11150    6.000    1.700   80.000     -150.7106550
   11151    6.000    1.700   90.000     -150.7105834
   11152    6.000    1.700  100.000     -150.7105396
   11153    6.000    1.700  110.000     -150.7105088
   11154    6.000    1.700  130.000     -150.7104591
   11155    6.000    1.700  140.000     -150.7104385
   11156    6.000    1.700  150.000     -150.7104231
   11157    6.000    1.700  160.000     -150.7104140
   11158    6.000    1.700  170.000     -150.7104100
   11159    6.000    1.700  179.990     -150.7104100
       0    0.000    0.000    0.000        0.0000000
   11160    6.000    1.800    0.010     -150.7177301
   11161    6.000    1.800   10.000     -150.7176199
   11162    6.000    1.800   20.000     -150.7173228
   11163    6.000    1.800   30.000     -150.7169178
   11164    6.000    1.800   40.000     -150.7164957
   11165    6.000    1.800   50.000     -150.7161311
   11166    6.000    1.800   60.000     -150.7158506
   11167    6.000    1.800   70.000     -150.7156537
   11168    6.000    1.800   80.000     -150.7155270
   11169    6.000    1.800   90.000     -150.7154502
   11170    6.000    1.800  100.000     -150.7154025
   11171    6.000    1.800  110.000     -150.7153684
   11172    6.000    1.800  130.000     -150.7153131
   11173    6.000    1.800  140.000     -150.7152902
   11174    6.000    1.800  150.000     -150.7152724
   11175    6.000    1.800  160.000     -150.7152606
   11176    6.000    1.800  170.000     -150.7152543
   11177    6.000    1.800  179.990     -150.7152533
       0    0.000    0.000    0.000        0.0000000
   11178    6.000    1.850    0.010     -150.7179689
   11179    6.000    1.850   10.000     -150.7178524
   11180    6.000    1.850   20.000     -150.7175402
   11181    6.000    1.850   30.000     -150.7171182
   11182    6.000    1.850   40.000     -150.7166825
   11183    6.000    1.850   50.000     -150.7163072
   11184    6.000    1.850   60.000     -150.7160241
   11185    6.000    1.850   70.000     -150.7158244
   11186    6.000    1.850   80.000     -150.7156946
   11187    6.000    1.850   90.000     -150.7156152
   11188    6.000    1.850  100.000     -150.7155658
   11189    6.000    1.850  110.000     -150.7155301
   11190    6.000    1.850  130.000     -150.7154718
   11191    6.000    1.850  140.000     -150.7154477
   11192    6.000    1.850  150.000     -150.7154284
   11193    6.000    1.850  160.000     -150.7154148
   11194    6.000    1.850  170.000     -150.7154071
   11195    6.000    1.850  179.990     -150.7154054
       0    0.000    0.000    0.000        0.0000000
   11196    6.000    1.900    0.010     -150.7170284
   11197    6.000    1.900   10.000     -150.7169049
   11198    6.000    1.900   20.000     -150.7165759
   11199    6.000    1.900   30.000     -150.7161352
   11200    6.000    1.900   40.000     -150.7156861
   11201    6.000    1.900   50.000     -150.7153030
   11202    6.000    1.900   60.000     -150.7150166
   11203    6.000    1.900   70.000     -150.7148131
   11204    6.000    1.900   80.000     -150.7146809
   11205    6.000    1.900   90.000     -150.7145996
   11206    6.000    1.900  100.000     -150.7145479
   11207    6.000    1.900  110.000     -150.7145104
   11208    6.000    1.900  130.000     -150.7144493
   11209    6.000    1.900  140.000     -150.7144237
   11210    6.000    1.900  150.000     -150.7144028
   11211    6.000    1.900  160.000     -150.7143875
   11212    6.000    1.900  170.000     -150.7143783
   11213    6.000    1.900  179.990     -150.7143801
       0    0.000    0.000    0.000        0.0000000
   11214    6.000    2.000    0.010     -150.7123881
   11215    6.000    2.000   10.000     -150.7122485
   11216    6.000    2.000   20.000     -150.7118816
   11217    6.000    2.000   30.000     -150.7114009
   11218    6.000    2.000   40.000     -150.7109223
   11219    6.000    2.000   50.000     -150.7105256
   11220    6.000    2.000   60.000     -150.7102322
   11221    6.000    2.000   70.000     -150.7100253
   11222    6.000    2.000   80.000     -150.7098885
   11223    6.000    2.000   90.000     -150.7098022
   11224    6.000    2.000  100.000     -150.7097468
   11225    6.000    2.000  110.000     -150.7097059
   11226    6.000    2.000  130.000     -150.7096389
   11227    6.000    2.000  140.000     -150.7096104
   11228    6.000    2.000  150.000     -150.7095862
   11229    6.000    2.000  160.000     -150.7095673
   11230    6.000    2.000  170.000     -150.7095553
   11231    6.000    2.000  179.990     -150.7095516
       0    0.000    0.000    0.000        0.0000000
   11232    6.000    2.100    0.010     -150.7050953
   11233    6.000    2.100   10.000     -150.7049363
   11234    6.000    2.100   20.000     -150.7045256
   11235    6.000    2.100   30.000     -150.7040012
   11236    6.000    2.100   40.000     -150.7034963
   11237    6.000    2.100   50.000     -150.7030849
   11238    6.000    2.100   60.000     -150.7027885
   11239    6.000    2.100   70.000     -150.7025768
   11240    6.000    2.100   80.000     -150.7024351
   11241    6.000    2.100   90.000     -150.7023451
   11242    6.000    2.100  100.000     -150.7022857
   11243    6.000    2.100  110.000     -150.7022413
   11244    6.000    2.100  130.000     -150.7021687
   11245    6.000    2.100  140.000     -150.7021373
   11246    6.000    2.100  150.000     -150.7021098
   11247    6.000    2.100  160.000     -150.7020878
   11248    6.000    2.100  170.000     -150.7020736
   11249    6.000    2.100  179.990     -150.7020685
       0    0.000    0.000    0.000        0.0000000
   11250    6.000    2.300    0.010     -150.6860438
   11251    6.000    2.300   10.000     -150.6858362
   11252    6.000    2.300   20.000     -150.6853190
   11253    6.000    2.300   30.000     -150.6846971
   11254    6.000    2.300   40.000     -150.6841404
   11255    6.000    2.300   50.000     -150.6837145
   11256    6.000    2.300   60.000     -150.6834130
   11257    6.000    2.300   70.000     -150.6832003
   11258    6.000    2.300   80.000     -150.6830546
   11259    6.000    2.300   90.000     -150.6829576
   11260    6.000    2.300  100.000     -150.6828916
   11261    6.000    2.300  110.000     -150.6828409
   11262    6.000    2.300  130.000     -150.6827578
   11263    6.000    2.300  140.000     -150.6827206
   11264    6.000    2.300  150.000     -150.6826872
   11265    6.000    2.300  160.000     -150.6826600
   11266    6.000    2.300  170.000     -150.6826420
   11267    6.000    2.300  179.990     -150.6826341
       0    0.000    0.000    0.000        0.0000000
   11268    6.000    2.500    0.010     -150.6646753
   11269    6.000    2.500   10.000     -150.6644072
   11270    6.000    2.500   20.000     -150.6637628
   11271    6.000    2.500   30.000     -150.6630419
   11272    6.000    2.500   40.000     -150.6624561
   11273    6.000    2.500   50.000     -150.6620462
   11274    6.000    2.500   60.000     -150.6617471
   11275    6.000    2.500   70.000     -150.6615502
   11276    6.000    2.500   80.000     -150.6614048
   11277    6.000    2.500   90.000     -150.6613043
   11278    6.000    2.500  110.000     -150.6611782
   11279    6.000    2.500  130.000     -150.6610711
   11280    6.000    2.500  140.000     -150.6610488
   11281    6.000    2.500  150.000     -150.6610052
   11282    6.000    2.500  160.000     -150.6609724
   11283    6.000    2.500  170.000     -150.6609497
   11284    6.000    2.500  179.990     -150.6609419
       0    0.000    0.000    0.000        0.0000000
   11285    6.000    2.700    0.010     -150.6434410
   11286    6.000    2.700   10.000     -150.6431135
   11287    6.000    2.700   20.000     -150.6423450
   11288    6.000    2.700   30.000     -150.6415462
   11289    6.000    2.700   40.000     -150.6409853
   11290    6.000    2.700   50.000     -150.6406400
   11291    6.000    2.700   60.000     -150.6403949
   11292    6.000    2.700   70.000     -150.6402159
   11293    6.000    2.700   80.000     -150.6400743
   11294    6.000    2.700  100.000     -150.6399033
   11295    6.000    2.700  120.000     -150.6397894
   11296    6.000    2.700  130.000     -150.6397423
   11297    6.000    2.700  140.000     -150.6396947
   11298    6.000    2.700  150.000     -150.6396593
   11299    6.000    2.700  160.000     -150.6396198
   11300    6.000    2.700  170.000     -150.6395908
   11301    6.000    2.700  179.990     -150.6395791
       0    0.000    0.000    0.000        0.0000000
   11302    6.000    2.850    0.010     -150.6283792
   11303    6.000    2.850   10.000     -150.6280244
   11304    6.000    2.850   20.000     -150.6271647
   11305    6.000    2.850   30.000     -150.6263491
   11306    6.000    2.850   40.000     -150.6258734
   11307    6.000    2.850   50.000     -150.6256238
   11308    6.000    2.850   60.000     -150.6254472
   11309    6.000    2.850   70.000     -150.6252914
   11310    6.000    2.850   80.000     -150.6251613
   11311    6.000    2.850  100.000     -150.6249919
   11312    6.000    2.850  110.000     -150.6249318
   11313    6.000    2.850  120.000     -150.6248800
   11314    6.000    2.850  130.000     -150.6248353
   11315    6.000    2.850  140.000     -150.6247821
   11316    6.000    2.850  150.000     -150.6247452
   11317    6.000    2.850  160.000     -150.6247009
   11318    6.000    2.850  170.000     -150.6246661
   11319    6.000    2.850  179.990     -150.6246511
       0    0.000    0.000    0.000        0.0000000
   11320    6.000    3.000    0.010     -150.6143103
   11321    6.000    3.000   10.000     -150.6140106
   11322    6.000    3.000   20.000     -150.6130993
   11323    6.000    3.000   30.000     -150.6123000
   11324    6.000    3.000   40.000     -150.6119835
   11325    6.000    3.000   50.000     -150.6118900
   11326    6.000    3.000   60.000     -150.6118082
   11327    6.000    3.000   70.000     -150.6116908
   11328    6.000    3.000   80.000     -150.6115756
   11329    6.000    3.000  100.000     -150.6114127
   11330    6.000    3.000  110.000     -150.6113569
   11331    6.000    3.000  120.000     -150.6113075
   11332    6.000    3.000  130.000     -150.6112573
   11333    6.000    3.000  140.000     -150.6112079
   11334    6.000    3.000  150.000     -150.6111602
   11335    6.000    3.000  160.000     -150.6111204
   11336    6.000    3.000  170.000     -150.6110793
   11337    6.000    3.000  179.990     -150.6110605
       0    0.000    0.000    0.000        0.0000000
   11338    6.000    3.100    0.010     -150.6159058
   11339    6.000    3.100   10.000     -150.6137329
   11340    6.000    3.100   20.000     -150.6044725
   11341    6.000    3.100   30.000     -150.6036749
   11342    6.000    3.100   40.000     -150.6035160
   11343    6.000    3.100   50.000     -150.6035557
   11344    6.000    3.100   60.000     -150.6035504
   11345    6.000    3.100   70.000     -150.6034634
   11346    6.000    3.100   80.000     -150.6033603
   11347    6.000    3.100   90.000     -150.6030845
   11348    6.000    3.100  100.000     -150.6030735
   11349    6.000    3.100  110.000     -150.6031514
   11350    6.000    3.100  120.000     -150.6031009
   11351    6.000    3.100  130.000     -150.6029585
   11352    6.000    3.100  140.000     -150.6029123
   11353    6.000    3.100  150.000     -150.6029018
   11354    6.000    3.100  160.000     -150.6028687
   11355    6.000    3.100  170.000     -150.6028482
   11356    6.000    3.100  179.990     -150.6028479
       0    0.000    0.000    0.000        0.0000000
   11357    6.000    3.200    0.010     -150.6271747
   11358    6.000    3.200   10.000     -150.6146544
   11359    6.000    3.200   20.000     -150.5964625
   11360    6.000    3.200   20.360     -150.5967871
   11361    6.000    3.200   30.000     -150.5956781
   11362    6.000    3.200   40.000     -150.5957126
   11363    6.000    3.200   50.000     -150.5959216
   11364    6.000    3.200   60.000     -150.5951491
   11365    6.000    3.200   70.000     -150.5954703
   11366    6.000    3.200   80.000     -150.5955747
   11367    6.000    3.200   90.000     -150.5955959
   11368    6.000    3.200  100.000     -150.5955834
   11369    6.000    3.200  110.000     -150.5955516
   11370    6.000    3.200  120.000     -150.5956213
   11371    6.000    3.200  130.000     -150.5954639
   11372    6.000    3.200  140.000     -150.5955323
   11373    6.000    3.200  150.000     -150.5954075
   11374    6.000    3.200  160.000     -150.5953744
   11375    6.000    3.200  170.000     -150.5953538
   11376    6.000    3.200  179.990     -150.5953532
       0    0.000    0.000    0.000        0.0000000
   11377    6.000    3.300    0.010     -150.6427320
   11378    6.000    3.300   10.000     -150.6229556
   11379    6.000    3.300   20.000     -150.5979993
   11380    6.000    3.300   24.620     -150.5894202
   11381    6.000    3.300   30.000     -150.5883725
   11382    6.000    3.300   40.000     -150.5886004
   11383    6.000    3.300   50.000     -150.5890084
   11384    6.000    3.300   60.000     -150.5883742
   11385    6.000    3.300   70.000     -150.5887118
   11386    6.000    3.300   80.000     -150.5888152
   11387    6.000    3.300   90.000     -150.5888329
   11388    6.000    3.300  100.000     -150.5888179
   11389    6.000    3.300  110.000     -150.5887863
   11390    6.000    3.300  120.000     -150.5888597
   11391    6.000    3.300  130.000     -150.5886971
   11392    6.000    3.300  140.000     -150.5887755
   11393    6.000    3.300  150.000     -150.5886419
   11394    6.000    3.300  160.000     -150.5886093
   11395    6.000    3.300  170.000     -150.5885889
   11396    6.000    3.300  179.990     -150.5885881
       0    0.000    0.000    0.000        0.0000000
   11397    6.000    3.400    0.010     -150.6533251
   11398    6.000    3.400   10.000     -150.6324881
   11399    6.000    3.400   20.000     -150.6029181
   11400    6.000    3.400   28.070     -150.5827595
   11401    6.000    3.400   30.000     -150.5797592
   11402    6.000    3.400   40.000     -150.5792900
   11403    6.000    3.400   50.000     -150.5813357
   11404    6.000    3.400   60.000     -150.5823212
   11405    6.000    3.400   70.000     -150.5826739
   11406    6.000    3.400   80.000     -150.5827758
   11407    6.000    3.400   90.000     -150.5827901
   11408    6.000    3.400  100.000     -150.5827730
   11409    6.000    3.400  110.000     -150.5827405
   11410    6.000    3.400  120.000     -150.5828203
   11411    6.000    3.400  130.000     -150.5826525
   11412    6.000    3.400  140.000     -150.5827423
   11413    6.000    3.400  150.000     -150.5825990
   11414    6.000    3.400  160.000     -150.5825665
   11415    6.000    3.400  170.000     -150.5825462
   11416    6.000    3.400  179.990     -150.5825465
       0    0.000    0.000    0.000        0.0000000
   11417    6.000    3.500    0.010     -150.6644468
   11418    6.000    3.500   10.000     -150.6426287
   11419    6.000    3.500   20.000     -150.6091916
   11420    6.000    3.500   30.000     -150.5779700
   11421    6.000    3.500   31.000     -150.5768650
   11422    6.000    3.500   40.000     -150.5737743
   11423    6.000    3.500   50.000     -150.5759094
   11424    6.000    3.500   60.000     -150.5769697
   11425    6.000    3.500   70.000     -150.5773353
   11426    6.000    3.500   80.000     -150.5774350
   11427    6.000    3.500   90.000     -150.5774461
   11428    6.000    3.500  100.000     -150.5774271
   11429    6.000    3.500  110.000     -150.5773944
   11430    6.000    3.500  120.000     -150.5774808
   11431    6.000    3.500  130.000     -150.5773102
   11432    6.000    3.500  140.000     -150.5774092
   11433    6.000    3.500  150.000     -150.5772569
   11434    6.000    3.500  160.000     -150.5772014
   11435    6.000    3.500  170.000     -150.5772306
   11436    6.000    3.500  179.990     -150.5772067
       0    0.000    0.000    0.000        0.0000000
   11437    6.000    3.600    0.010     -150.6676494
   11438    6.000    3.600   10.000     -150.6530477
   11439    6.000    3.600   20.000     -150.6160686
   11440    6.000    3.600   30.000     -150.5787015
   11441    6.000    3.600   33.560     -150.5717456
   11442    6.000    3.600   40.000     -150.5690519
   11443    6.000    3.600   50.000     -150.5711577
   11444    6.000    3.600   60.000     -150.5722852
   11445    6.000    3.600   70.000     -150.5726612
   11446    6.000    3.600   80.000     -150.5727579
   11447    6.000    3.600   90.000     -150.5727659
   11448    6.000    3.600  100.000     -150.5727456
   11449    6.000    3.600  110.000     -150.5727130
   11450    6.000    3.600  120.000     -150.5728066
   11451    6.000    3.600  130.000     -150.5726321
   11452    6.000    3.600  140.000     -150.5727444
   11453    6.000    3.600  150.000     -150.5726981
   11454    6.000    3.600  160.000     -150.5725293
   11455    6.000    3.600  170.000     -150.5725789
   11456    6.000    3.600  179.990     -150.5725334
       0    0.000    0.000    0.000        0.0000000
   11457    6.000    3.800    0.010     -150.6959506
   11458    6.000    3.800   10.000     -150.6737994
   11459    6.000    3.800   20.000     -150.6359776
   11460    6.000    3.800   30.000     -150.5838808
   11461    6.000    3.800   37.860     -150.5636749
   11462    6.000    3.800   40.000     -150.5622476
   11463    6.000    3.800   50.000     -150.5635080
   11464    6.000    3.800   60.000     -150.5647312
   11465    6.000    3.800   70.000     -150.5651169
   11466    6.000    3.800   80.000     -150.5652052
   11467    6.000    3.800   90.000     -150.5652074
   11468    6.000    3.800  100.000     -150.5651857
   11469    6.000    3.800  110.000     -150.5651545
   11470    6.000    3.800  120.000     -150.5652626
   11471    6.000    3.800  130.000     -150.5650820
   11472    6.000    3.800  140.000     -150.5652145
   11473    6.000    3.800  150.000     -150.5651863
   11474    6.000    3.800  160.000     -150.5649937
   11475    6.000    3.800  170.000     -150.5649997
   11476    6.000    3.800  179.990     -150.5649949
       0    0.000    0.000    0.000        0.0000000
   11477    6.000    4.000    0.010     -150.7070332
   11478    6.000    4.000   10.000     -150.6928407
   11479    6.000    4.000   20.000     -150.6492953
   11480    6.000    4.000   30.000     -150.5900439
   11481    6.000    4.000   40.000     -150.5596901
   11482    6.000    4.000   41.410     -150.5580448
   11483    6.000    4.000   50.000     -150.5579872
   11484    6.000    4.000   60.000     -150.5592258
   11485    6.000    4.000   70.000     -150.5596050
   11486    6.000    4.000   80.000     -150.5596816
   11487    6.000    4.000   90.000     -150.5596787
   11488    6.000    4.000  100.000     -150.5596564
   11489    6.000    4.000  110.000     -150.5596275
   11490    6.000    4.000  120.000     -150.5597493
   11491    6.000    4.000  130.000     -150.5595634
   11492    6.000    4.000  140.000     -150.5597167
   11493    6.000    4.000  150.000     -150.5597107
   11494    6.000    4.000  160.000     -150.5594918
   11495    6.000    4.000  170.000     -150.5594941
   11496    6.000    4.000  179.990     -150.5594903
       0    0.000    0.000    0.000        0.0000000
   11497    6.000    4.500    0.010     -150.6746400
   11498    6.000    4.500   10.000     -150.7155561
   11499    6.000    4.500   30.000     -150.6031531
   11500    6.000    4.500   40.000     -150.5614282
   11501    6.000    4.500   48.190     -150.5506919
   11502    6.000    4.500   50.000     -150.5508682
   11503    6.000    4.500   60.000     -150.5515111
   11504    6.000    4.500   70.000     -150.5518149
   11505    6.000    4.500   80.000     -150.5518569
   11506    6.000    4.500   90.000     -150.5518430
   11507    6.000    4.500  100.000     -150.5518219
   11508    6.000    4.500  110.000     -150.5517997
   11509    6.000    4.500  120.000     -150.5519541
   11510    6.000    4.500  130.000     -150.5517589
   11511    6.000    4.500  140.000     -150.5519452
   11512    6.000    4.500  150.000     -150.5519475
   11513    6.000    4.500  160.000     -150.5517192
   11514    6.000    4.500  170.000     -150.5446714
   11515    6.000    4.500  179.990     -150.5517156
       0    0.000    0.000    0.000        0.0000000
   11516    6.000    5.000    0.010     -150.3082056
   11517    6.000    5.000   10.000     -150.6229655
   11518    6.000    5.000   20.000     -150.6986759
   11519    6.000    5.000   30.000     -150.6101228
   11520    6.000    5.000   40.000     -150.5620166
   11521    6.000    5.000   50.000     -150.5495288
   11522    6.000    5.000   53.130     -150.5481658
   11523    6.000    5.000   60.000     -150.5483803
   11524    6.000    5.000   70.000     -150.5485704
   11525    6.000    5.000   80.000     -150.5485827
   11526    6.000    5.000   90.000     -150.5485649
   11527    6.000    5.000  100.000     -150.5485559
   11528    6.000    5.000  110.000     -150.5485296
   11529    6.000    5.000  120.000     -150.5487056
   11530    6.000    5.000  130.000     -150.5485034
   11531    6.000    5.000  140.000     -150.5487080
   11532    6.000    5.000  150.000     -150.5484901
   11533    6.000    5.000  160.000     -150.5484818
   11534    6.000    5.000  170.000     -150.5484797
   11535    6.000    5.000  179.990     -150.5484798
       0    0.000    0.000    0.000        0.0000000
   11536    6.000    6.000    0.010        0.0000000
   11537    6.000    6.000    8.000     -150.2676997
   11538    6.000    6.000   10.000     -150.3343963
   11539    6.000    6.000   15.000     -150.6914250
   11540    6.000    6.000   17.000     -150.7149015
   11541    6.000    6.000   20.000     -150.7037921
   11542    6.000    6.000   25.000     -150.6509163
   11543    6.000    6.000   30.000     -150.6025664
   11544    6.000    6.000   40.000     -150.5573825
   11545    6.000    6.000   50.000     -150.5482452
   11546    6.000    6.000   60.000     -150.5467597
   11547    6.000    6.000   70.000     -150.5465711
   11548    6.000    6.000   80.000     -150.5465577
   11549    6.000    6.000   90.000     -150.5465402
   11550    6.000    6.000  100.000     -150.5465384
   11551    6.000    6.000  110.000     -150.5465181
   11552    6.000    6.000  120.000     -150.5467038
   11553    6.000    6.000  130.000     -150.5465065
   11554    6.000    6.000  140.000     -150.5467182
   11555    6.000    6.000  150.000     -150.5465039
   11556    6.000    6.000  160.000     -150.5465000
   11557    6.000    6.000  170.000     -150.5464999
   11558    6.000    6.000  179.990     -150.5465000
       0    0.000    0.000    0.000        0.0000000
   11559    6.000    7.000    0.010     -150.3078538
   11560    6.000    7.000   10.000     -150.6753535
   11561    6.000    7.000   20.000     -150.6652709
   11562    6.000    7.000   30.000     -150.5774175
   11563    6.000    7.000   40.000     -150.5514365
   11564    6.000    7.000   50.000     -150.5470723
   11565    6.000    7.000   64.620     -150.5462464
   11566    6.000    7.000   70.000     -150.5463143
   11567    6.000    7.000   80.000     -150.5463075
   11568    6.000    7.000   90.000     -150.5462751
   11569    6.000    7.000  100.000     -150.5462697
   11570    6.000    7.000  110.000     -150.5462906
   11571    6.000    7.000  120.000     -150.5462826
   11572    6.000    7.000  130.000     -150.5461298
   11573    6.000    7.000  140.000     -150.5463045
   11574    6.000    7.000  150.000     -150.5463021
   11575    6.000    7.000  160.000     -150.5461423
   11576    6.000    7.000  170.000     -150.5461456
   11577    6.000    7.000  179.990     -150.5461467
       0    0.000    0.000    0.000        0.0000000
   11578    6.000    8.000    0.010     -150.7095021
   11579    6.000    8.000   10.000     -150.6787794
   11580    6.000    8.000   20.000     -150.6008872
   11581    6.000    8.000   30.000     -150.5573771
   11582    6.000    8.000   40.000     -150.5480334
   11583    6.000    8.000   50.000     -150.5464222
   11584    6.000    8.000   67.980     -150.5462917
   11585    6.000    8.000   70.000     -150.5462059
   11586    6.000    8.000   80.000     -150.5462561
   11587    6.000    8.000   90.000     -150.5461787
   11588    6.000    8.000  100.000     -150.5461718
   11589    6.000    8.000  110.000     -150.5462135
   11590    6.000    8.000  120.000     -150.5462392
   11591    6.000    8.000  130.000     -150.5462433
   11592    6.000    8.000  140.000     -150.5462261
   11593    6.000    8.000  150.000     -150.5462286
   11594    6.000    8.000  160.000     -150.5460916
   11595    6.000    8.000  170.000     -150.5462291
   11596    6.000    8.000  179.990     -150.5460909
       0    0.000    0.000    0.000        0.0000000
   11597    6.000   10.000    0.010     -150.5594775
   11598    6.000   10.000   10.000     -150.5552130
   11599    6.000   10.000   20.000     -150.5495577
   11600    6.000   10.000   30.000     -150.5468693
   11601    6.000   10.000   72.540     -150.5462132
   11602    6.000   10.000   80.000     -150.5462038
   11603    6.000   10.000   90.000     -150.5461298
   11604    6.000   10.000  100.000     -150.5461436
   11605    6.000   10.000  110.000     -150.5461866
   11606    6.000   10.000  120.000     -150.5461357
   11607    6.000   10.000  130.000     -150.5461427
   11608    6.000   10.000  140.000     -150.5461900
   11609    6.000   10.000  150.000     -150.5460527
   11610    6.000   10.000  160.000     -150.5461915
   11611    6.000   10.000  170.000     -150.5460532
   11612    6.000   10.000  179.990     -150.5460524
       0    0.000    0.000    0.000        0.0000000
   11613    6.000   12.000    0.010     -150.5464993
   11614    6.000   12.000   10.000     -150.5463789
   11615    6.000   12.000   20.000     -150.5463736
   11616    6.000   12.000   75.520     -150.5461876
   11617    6.000   12.000   80.000     -150.5461240
   11618    6.000   12.000   90.000     -150.5461169
   11619    6.000   12.000  100.000     -150.5460534
   11620    6.000   12.000  110.000     -150.5460437
   11621    6.000   12.000  120.000     -150.5461269
   11622    6.000   12.000  140.000     -150.5461809
   11623    6.000   12.000  150.000     -150.5460427
   11624    6.000   12.000  160.000     -150.5461823
   11625    6.000   12.000  170.000     -150.5460415
   11626    6.000   12.000  179.990     -150.5460424
       0    0.000    0.000    0.000        0.0000000
   11627    6.000   15.000    0.010     -150.5460656
   11628    6.000   15.000   80.000     -150.5460394
   11629    6.000   15.000   90.000     -150.5460391
   11630    6.000   15.000  100.000     -150.5460495
   11631    6.000   15.000  110.000     -150.5460389
   11632    6.000   15.000  120.000     -150.5461755
   11633    6.000   15.000  130.000     -150.5460388
   11634    6.000   15.000  140.000     -150.5461077
   11635    6.000   15.000  150.000     -150.5460390
   11636    6.000   15.000  160.000     -150.5460388
   11637    6.000   15.000  170.000     -150.5460388
   11638    6.000   15.000  179.990     -150.5460388
       0    0.000    0.000    0.000        0.0000000
   11639    6.500    1.200    0.010     -150.4689112
   11640    6.500    1.200   10.000     -150.4688625
   11641    6.500    1.200   20.000     -150.4687315
   11642    6.500    1.200   30.000     -150.4685420
   11643    6.500    1.200   40.000     -150.4683279
   11644    6.500    1.200   50.000     -150.4681231
   11645    6.500    1.200   60.000     -150.4679565
   11646    6.500    1.200   70.000     -150.4678322
   11647    6.500    1.200   80.000     -150.4677555
   11648    6.500    1.200   90.000     -150.4677116
   11649    6.500    1.200  100.000     -150.4676856
   11650    6.500    1.200  110.000     -150.4676726
   11651    6.500    1.200  120.000     -150.4676619
   11652    6.500    1.200  130.000     -150.4676496
   11653    6.500    1.200  140.000     -150.4676377
   11654    6.500    1.200  150.000     -150.4676259
   11655    6.500    1.200  160.000     -150.4676152
   11656    6.500    1.200  170.000     -150.4676148
   11657    6.500    1.200  179.990     -150.4676146
       0    0.000    0.000    0.000        0.0000000
   11658    6.500    1.400    0.010     -150.6328007
   11659    6.500    1.400   10.000     -150.6327426
   11660    6.500    1.400   20.000     -150.6325817
   11661    6.500    1.400   30.000     -150.6323521
   11662    6.500    1.400   40.000     -150.6321098
   11663    6.500    1.400   50.000     -150.6318732
   11664    6.500    1.400   60.000     -150.6316772
   11665    6.500    1.400   70.000     -150.6315383
   11666    6.500    1.400   80.000     -150.6314497
   11667    6.500    1.400   90.000     -150.6313994
   11668    6.500    1.400  100.000     -150.6313732
   11669    6.500    1.400  110.000     -150.6313437
   11670    6.500    1.400  120.000     -150.6313287
   11671    6.500    1.400  130.000     -150.6313136
   11672    6.500    1.400  140.000     -150.6312982
   11673    6.500    1.400  150.000     -150.6312845
   11674    6.500    1.400  160.000     -150.6312715
   11675    6.500    1.400  170.000     -150.6312708
   11676    6.500    1.400  179.990     -150.6312707
       0    0.000    0.000    0.000        0.0000000
   11677    6.500    1.600    0.010     -150.6990744
   11678    6.500    1.600   10.000     -150.6990023
   11679    6.500    1.600   20.000     -150.6988043
   11680    6.500    1.600   30.000     -150.6985269
   11681    6.500    1.600   40.000     -150.6982244
   11682    6.500    1.600   50.000     -150.6979479
   11683    6.500    1.600   60.000     -150.6977224
   11684    6.500    1.600   70.000     -150.6975626
   11685    6.500    1.600   80.000     -150.6974605
   11686    6.500    1.600   90.000     -150.6974018
   11687    6.500    1.600  100.000     -150.6973640
   11688    6.500    1.600  110.000     -150.6973401
   11689    6.500    1.600  120.000     -150.6973197
   11690    6.500    1.600  130.000     -150.6973002
   11691    6.500    1.600  140.000     -150.6972824
   11692    6.500    1.600  150.000     -150.6972681
   11693    6.500    1.600  160.000     -150.6972590
   11694    6.500    1.600  170.000     -150.6972547
   11695    6.500    1.600  179.990     -150.6972610
       0    0.000    0.000    0.000        0.0000000
   11696    6.500    1.700    0.010     -150.7122665
   11697    6.500    1.700   10.000     -150.7121859
   11698    6.500    1.700   20.000     -150.7119653
   11699    6.500    1.700   30.000     -150.7116574
   11700    6.500    1.700   40.000     -150.7113259
   11701    6.500    1.700   50.000     -150.7110276
   11702    6.500    1.700   60.000     -150.7107876
   11703    6.500    1.700   70.000     -150.7106167
   11704    6.500    1.700   80.000     -150.7105075
   11705    6.500    1.700   90.000     -150.7104452
   11706    6.500    1.700  100.000     -150.7104060
   11707    6.500    1.700  110.000     -150.7103794
   11708    6.500    1.700  120.000     -150.7103565
   11709    6.500    1.700  130.000     -150.7103351
   11710    6.500    1.700  140.000     -150.7103157
   11711    6.500    1.700  150.000     -150.7103004
   11712    6.500    1.700  160.000     -150.7102902
   11713    6.500    1.700  170.000     -150.7102850
   11714    6.500    1.700  179.990     -150.7102942
       0    0.000    0.000    0.000        0.0000000
   11715    6.500    1.800    0.010     -150.7172852
   11716    6.500    1.800   10.000     -150.7171944
   11717    6.500    1.800   20.000     -150.7169471
   11718    6.500    1.800   30.000     -150.7166071
   11719    6.500    1.800   40.000     -150.7162450
   11720    6.500    1.800   50.000     -150.7159218
   11721    6.500    1.800   60.000     -150.7156670
   11722    6.500    1.800   70.000     -150.7154849
   11723    6.500    1.800   80.000     -150.7153710
   11724    6.500    1.800   90.000     -150.7153050
   11725    6.500    1.800  100.000     -150.7152650
   11726    6.500    1.800  110.000     -150.7152357
   11727    6.500    1.800  120.000     -150.7152104
   11728    6.500    1.800  130.000     -150.7151868
   11729    6.500    1.800  140.000     -150.7151658
   11730    6.500    1.800  150.000     -150.7151487
   11731    6.500    1.800  160.000     -150.7151366
   11732    6.500    1.800  170.000     -150.7151298
   11733    6.500    1.800  179.990     -150.7151372
       0    0.000    0.000    0.000        0.0000000
   11734    6.500    1.850    0.010     -150.7175304
   11735    6.500    1.850   10.000     -150.7174338
   11736    6.500    1.850   20.000     -150.7171720
   11737    6.500    1.850   30.000     -150.7168124
   11738    6.500    1.850   40.000     -150.7164344
   11739    6.500    1.850   50.000     -150.7161011
   11740    6.500    1.850   60.000     -150.7158395
   11741    6.500    1.850   70.000     -150.7156567
   11742    6.500    1.850   80.000     -150.7155341
   11743    6.500    1.850   90.000     -150.7154667
   11744    6.500    1.850  100.000     -150.7154263
   11745    6.500    1.850  110.000     -150.7153957
   11746    6.500    1.850  120.000     -150.7153691
   11747    6.500    1.850  130.000     -150.7153446
   11748    6.500    1.850  140.000     -150.7153226
   11749    6.500    1.850  150.000     -150.7153045
   11750    6.500    1.850  160.000     -150.7152912
   11751    6.500    1.850  170.000     -150.7152834
   11752    6.500    1.850  179.990     -150.7152897
       0    0.000    0.000    0.000        0.0000000
   11753    6.500    1.900    0.010     -150.7165962
   11754    6.500    1.900   10.000     -150.7164934
   11755    6.500    1.900   20.000     -150.7162161
   11756    6.500    1.900   30.000     -150.7158371
   11757    6.500    1.900   40.000     -150.7154432
   11758    6.500    1.900   50.000     -150.7150983
   11759    6.500    1.900   60.000     -150.7148305
   11760    6.500    1.900   70.000     -150.7146426
   11761    6.500    1.900   80.000     -150.7145182
   11762    6.500    1.900   90.000     -150.7144472
   11763    6.500    1.900  100.000     -150.7144065
   11764    6.500    1.900  110.000     -150.7143745
   11765    6.500    1.900  120.000     -150.7143467
   11766    6.500    1.900  130.000     -150.7143211
   11767    6.500    1.900  140.000     -150.7142981
   11768    6.500    1.900  150.000     -150.7142789
   11769    6.500    1.900  160.000     -150.7142645
   11770    6.500    1.900  170.000     -150.7142558
   11771    6.500    1.900  179.990     -150.7142611
       0    0.000    0.000    0.000        0.0000000
   11772    6.500    2.000    0.010     -150.7119684
   11773    6.500    2.000   10.000     -150.7118514
   11774    6.500    2.000   20.000     -150.7115393
   11775    6.500    2.000   30.000     -150.7111205
   11776    6.500    2.000   40.000     -150.7106927
   11777    6.500    2.000   50.000     -150.7103258
   11778    6.500    2.000   60.000     -150.7100469
   11779    6.500    2.000   70.000     -150.7098478
   11780    6.500    2.000   80.000     -150.7097218
   11781    6.500    2.000   90.000     -150.7096484
   11782    6.500    2.000  100.000     -150.7096015
   11783    6.500    2.000  110.000     -150.7095667
   11784    6.500    2.000  120.000     -150.7095365
   11785    6.500    2.000  130.000     -150.7095088
   11786    6.500    2.000  140.000     -150.7094837
   11787    6.500    2.000  150.000     -150.7094622
   11788    6.500    2.000  160.000     -150.7094457
   11789    6.500    2.000  170.000     -150.7094354
   11790    6.500    2.000  179.990     -150.7094391
       0    0.000    0.000    0.000        0.0000000
   11791    6.500    2.100    0.010     -150.7046881
   11792    6.500    2.100   10.000     -150.7045545
   11793    6.500    2.100   20.000     -150.7042028
   11794    6.500    2.100   30.000     -150.7037401
   11795    6.500    2.100   40.000     -150.7032768
   11796    6.500    2.100   50.000     -150.7028885
   11797    6.500    2.100   60.000     -150.7025986
   11798    6.500    2.100   70.000     -150.7023920
   11799    6.500    2.100   80.000     -150.7022621
   11800    6.500    2.100   90.000     -150.7021866
   11801    6.500    2.100  100.000     -150.7021366
   11802    6.500    2.100  110.000     -150.7020993
   11803    6.500    2.100  120.000     -150.7020668
   11804    6.500    2.100  130.000     -150.7020368
   11805    6.500    2.100  140.000     -150.7020096
   11806    6.500    2.100  150.000     -150.7019859
   11807    6.500    2.100  160.000     -150.7019675
   11808    6.500    2.100  170.000     -150.7019559
   11809    6.500    2.100  179.990     -150.7019584
       0    0.000    0.000    0.000        0.0000000
   11810    6.500    2.300    0.010     -150.6856626
   11811    6.500    2.300   10.000     -150.6854885
   11812    6.500    2.300   20.000     -150.6850444
   11813    6.500    2.300   30.000     -150.6844873
   11814    6.500    2.300   40.000     -150.6839571
   11815    6.500    2.300   50.000     -150.6835333
   11816    6.500    2.300   60.000     -150.6832223
   11817    6.500    2.300   70.000     -150.6830125
   11818    6.500    2.300   80.000     -150.6828772
   11819    6.500    2.300   90.000     -150.6827916
   11820    6.500    2.300  100.000     -150.6827363
   11821    6.500    2.300  110.000     -150.6826943
   11822    6.500    2.300  120.000     -150.6826574
   11823    6.500    2.300  130.000     -150.6826231
   11824    6.500    2.300  140.000     -150.6825914
   11825    6.500    2.300  150.000     -150.6825635
   11826    6.500    2.300  160.000     -150.6825417
   11827    6.500    2.300  170.000     -150.6825279
   11828    6.500    2.300  179.990     -150.6825250
       0    0.000    0.000    0.000        0.0000000
   11829    6.500    2.500    0.010     -150.6643275
   11830    6.500    2.500   10.000     -150.6641058
   11831    6.500    2.500   20.000     -150.6635606
   11832    6.500    2.500   30.000     -150.6629154
   11833    6.500    2.500   40.000     -150.6623417
   11834    6.500    2.500   50.000     -150.6618908
   11835    6.500    2.500   60.000     -150.6615649
   11836    6.500    2.500   70.000     -150.6613601
   11837    6.500    2.500   80.000     -150.6612233
   11838    6.500    2.500   90.000     -150.6611335
   11839    6.500    2.500  100.000     -150.6610751
   11840    6.500    2.500  110.000     -150.6610294
   11841    6.500    2.500  120.000     -150.6609889
   11842    6.500    2.500  130.000     -150.6609442
   11843    6.500    2.500  140.000     -150.6609145
   11844    6.500    2.500  150.000     -150.6608822
   11845    6.500    2.500  160.000     -150.6608560
   11846    6.500    2.500  170.000     -150.6608389
   11847    6.500    2.500  179.990     -150.6608326
       0    0.000    0.000    0.000        0.0000000
   11848    6.500    2.700    0.010     -150.6431694
   11849    6.500    2.700   10.000     -150.6428993
   11850    6.500    2.700   20.000     -150.6422598
   11851    6.500    2.700   30.000     -150.6415598
   11852    6.500    2.700   40.000     -150.6409787
   11853    6.500    2.700   50.000     -150.6405470
   11854    6.500    2.700   60.000     -150.6402270
   11855    6.500    2.700   70.000     -150.6400357
   11856    6.500    2.700   80.000     -150.6398959
   11857    6.500    2.700   90.000     -150.6398073
   11858    6.500    2.700  100.000     -150.6397462
   11859    6.500    2.700  110.000     -150.6396982
   11860    6.500    2.700  120.000     -150.6396449
   11861    6.500    2.700  130.000     -150.6396031
   11862    6.500    2.700  140.000     -150.6395563
   11863    6.500    2.700  150.000     -150.6395370
   11864    6.500    2.700  160.000     -150.6395056
   11865    6.500    2.700  170.000     -150.6394837
   11866    6.500    2.700  179.990     -150.6394790
       0    0.000    0.000    0.000        0.0000000
   11867    6.500    2.850    0.010     -150.6281969
   11868    6.500    2.850   10.000     -150.6278928
   11869    6.500    2.850   20.000     -150.6272090
   11870    6.500    2.850   30.000     -150.6265193
   11871    6.500    2.850   40.000     -150.6259835
   11872    6.500    2.850   50.000     -150.6256007
   11873    6.500    2.850   60.000     -150.6253064
   11874    6.500    2.850   70.000     -150.6251188
   11875    6.500    2.850   80.000     -150.6249843
   11876    6.500    2.850   90.000     -150.6248968
   11877    6.500    2.850  100.000     -150.6248408
   11878    6.500    2.850  110.000     -150.6247848
   11879    6.500    2.850  120.000     -150.6247340
   11880    6.500    2.850  130.000     -150.6247039
   11881    6.500    2.850  140.000     -150.6246514
   11882    6.500    2.850  150.000     -150.6246238
   11883    6.500    2.850  160.000     -150.6245859
   11884    6.500    2.850  170.000     -150.6245620
   11885    6.500    2.850  179.990     -150.6245489
       0    0.000    0.000    0.000        0.0000000
   11886    6.500    3.000    0.010     -150.6142752
   11887    6.500    3.000   10.000     -150.6139683
   11888    6.500    3.000   20.000     -150.6133046
   11889    6.500    3.000   30.000     -150.6126803
   11890    6.500    3.000   40.000     -150.6122495
   11891    6.500    3.000   50.000     -150.6119473
   11892    6.500    3.000   60.000     -150.6117000
   11893    6.500    3.000   80.000     -150.6114084
   11894    6.500    3.000   90.000     -150.6113206
   11895    6.500    3.000  100.000     -150.6112682
   11896    6.500    3.000  110.000     -150.6112201
   11897    6.500    3.000  120.000     -150.6111619
   11898    6.500    3.000  130.000     -150.6111194
   11899    6.500    3.000  140.000     -150.6110864
   11900    6.500    3.000  150.000     -150.6110287
   11901    6.500    3.000  160.000     -150.6110081
   11902    6.500    3.000  170.000     -150.6109776
   11903    6.500    3.000  179.990     -150.6109686
       0    0.000    0.000    0.000        0.0000000
   11904    6.500    3.100    0.010     -150.6056452
   11905    6.500    3.100   10.000     -150.6053519
   11906    6.500    3.100   20.000     -150.6047289
   11907    6.500    3.100   30.000     -150.6042141
   11908    6.500    3.100   40.000     -150.6038988
   11909    6.500    3.100   50.000     -150.6036773
   11910    6.500    3.100   60.000     -150.6034791
   11911    6.500    3.100   70.000     -150.6033201
   11912    6.500    3.100   80.000     -150.6032001
   11913    6.500    3.100   90.000     -150.6031169
   11914    6.500    3.100  100.000     -150.6030653
   11915    6.500    3.100  110.000     -150.6030090
   11916    6.500    3.100  120.000     -150.6029604
   11917    6.500    3.100  130.000     -150.6029316
   11918    6.500    3.100  140.000     -150.6028744
   11919    6.500    3.100  150.000     -150.6028455
   11920    6.500    3.100  160.000     -150.6028021
   11921    6.500    3.100  170.000     -150.6027689
   11922    6.500    3.100  179.990     -150.6027554
       0    0.000    0.000    0.000        0.0000000
   11923    6.500    3.200    0.010     -150.5975240
   11924    6.500    3.200   10.000     -150.5972742
   11925    6.500    3.200   20.000     -150.5967475
   11926    6.500    3.200   30.000     -150.5963878
   11927    6.500    3.200   40.000     -150.5962290
   11928    6.500    3.200   50.000     -150.5961084
   11929    6.500    3.200   60.000     -150.5959560
   11930    6.500    3.200   70.000     -150.5958176
   11931    6.500    3.200   80.000     -150.5957051
   11932    6.500    3.200   90.000     -150.5956276
   11933    6.500    3.200  100.000     -150.5955779
   11934    6.500    3.200  110.000     -150.5955215
   11935    6.500    3.200  120.000     -150.5954743
   11936    6.500    3.200  130.000     -150.5954474
   11937    6.500    3.200  140.000     -150.5953878
   11938    6.500    3.200  150.000     -150.5953592
   11939    6.500    3.200  160.000     -150.5953158
   11940    6.500    3.200  170.000     -150.5952779
   11941    6.500    3.200  179.990     -150.5952620
       0    0.000    0.000    0.000        0.0000000
   11942    6.500    3.300    0.010     -150.5898838
   11943    6.500    3.300   10.000     -150.5897543
   11944    6.500    3.300   20.000     -150.5893616
   11945    6.500    3.300   30.000     -150.5892113
   11946    6.500    3.300   40.000     -150.5892584
   11947    6.500    3.300   50.000     -150.5892573
   11948    6.500    3.300   60.000     -150.5891578
   11949    6.500    3.300   70.000     -150.5890409
   11950    6.500    3.300   80.000     -150.5889391
   11951    6.500    3.300   90.000     -150.5888650
   11952    6.500    3.300  100.000     -150.5888165
   11953    6.500    3.300  120.000     -150.5885817
   11954    6.500    3.300  140.000     -150.5885646
   11955    6.500    3.300  150.000     -150.5885231
   11956    6.500    3.300  160.000     -150.5884852
   11957    6.500    3.300  170.000     -150.5884805
   11958    6.500    3.300  179.990     -150.5884969
       0    0.000    0.000    0.000        0.0000000
   11959    6.500    3.400    0.010     -150.5982813
   11960    6.500    3.400   10.000     -150.5911958
   11961    6.500    3.400   20.000     -150.5798393
   11962    6.500    3.400   30.000     -150.5788325
   11963    6.500    3.400   40.000     -150.5807322
   11964    6.500    3.400   50.000     -150.5818790
   11965    6.500    3.400   60.000     -150.5823315
   11966    6.500    3.400   70.000     -150.5824622
   11967    6.500    3.400   80.000     -150.5824924
   11968    6.500    3.400   90.000     -150.5824942
   11969    6.500    3.400  100.000     -150.5824905
   11970    6.500    3.400  110.000     -150.5824759
   11971    6.500    3.400  120.000     -150.5825474
   11972    6.500    3.400  130.000     -150.5824496
   11973    6.500    3.400  140.000     -150.5825317
   11974    6.500    3.400  150.000     -150.5824795
   11975    6.500    3.400  160.000     -150.5824433
   11976    6.500    3.400  170.000     -150.5824380
   11977    6.500    3.400  179.990     -150.5824542
       0    0.000    0.000    0.000        0.0000000
   11978    6.500    3.500    0.010     -150.6061942
   11979    6.500    3.500   10.000     -150.5972636
   11980    6.500    3.500   20.000     -150.5788543
   11981    6.500    3.500   30.000     -150.5733452
   11982    6.500    3.500   40.000     -150.5752929
   11983    6.500    3.500   50.000     -150.5765049
   11984    6.500    3.500   60.000     -150.5769994
   11985    6.500    3.500   70.000     -150.5771349
   11986    6.500    3.500   80.000     -150.5771624
   11987    6.500    3.500   90.000     -150.5771613
   11988    6.500    3.500  100.000     -150.5771551
   11989    6.500    3.500  110.000     -150.5771389
   11990    6.500    3.500  120.000     -150.5772136
   11991    6.500    3.500  130.000     -150.5771122
   11992    6.500    3.500  140.000     -150.5771993
   11993    6.500    3.500  150.000     -150.5771364
   11994    6.500    3.500  160.000     -150.5770858
   11995    6.500    3.500  170.000     -150.5771145
   11996    6.500    3.500  179.990     -150.5771126
       0    0.000    0.000    0.000        0.0000000
   11997    6.500    3.600    0.010     -150.6087312
   11998    6.500    3.600   10.000     -150.6021370
   11999    6.500    3.600   20.000     -150.5822181
   12000    6.500    3.600   30.000     -150.5690510
   12001    6.500    3.600   40.000     -150.5700009
   12002    6.500    3.600   50.000     -150.5718031
   12003    6.500    3.600   60.000     -150.5723318
   12004    6.500    3.600   70.000     -150.5724718
   12005    6.500    3.600   80.000     -150.5724965
   12006    6.500    3.600   90.000     -150.5724926
   12007    6.500    3.600  100.000     -150.5724852
   12008    6.500    3.600  110.000     -150.5724670
   12009    6.500    3.600  120.000     -150.5725451
   12010    6.500    3.600  130.000     -150.5724393
   12011    6.500    3.600  140.000     -150.5725338
   12012    6.500    3.600  150.000     -150.5725411
   12013    6.500    3.600  160.000     -150.5724124
   12014    6.500    3.600  170.000     -150.5724552
   12015    6.500    3.600  179.990     -150.5724368
       0    0.000    0.000    0.000        0.0000000
   12016    6.500    3.800    0.010     -150.6361329
   12017    6.500    3.800   10.000     -150.6210474
   12018    6.500    3.800   20.000     -150.5915600
   12019    6.500    3.800   30.000     -150.5673111
   12020    6.500    3.800   40.000     -150.5614590
   12021    6.500    3.800   50.000     -150.5642563
   12022    6.500    3.800   60.000     -150.5648001
   12023    6.500    3.800   70.000     -150.5649461
   12024    6.500    3.800   80.000     -150.5649659
   12025    6.500    3.800   90.000     -150.5649591
   12026    6.500    3.800  100.000     -150.5649470
   12027    6.500    3.800  110.000     -150.5649275
   12028    6.500    3.800  120.000     -150.5650129
   12029    6.500    3.800  130.000     -150.5648997
   12030    6.500    3.800  140.000     -150.5650048
   12031    6.500    3.800  150.000     -150.5650184
   12032    6.500    3.800  160.000     -150.5648729
   12033    6.500    3.800  170.000     -150.5648857
   12034    6.500    3.800  179.990     -150.5648744
       0    0.000    0.000    0.000        0.0000000
   12035    6.500    4.000    0.010     -150.6594987
   12036    6.500    4.000   10.000     -150.6422670
   12037    6.500    4.000   20.000     -150.6016826
   12038    6.500    4.000   30.000     -150.5656675
   12039    6.500    4.000   40.000     -150.5566568
   12040    6.500    4.000   50.000     -150.5587499
   12041    6.500    4.000   60.000     -150.5593039
   12042    6.500    4.000   70.000     -150.5594485
   12043    6.500    4.000   80.000     -150.5594619
   12044    6.500    4.000   90.000     -150.5594501
   12045    6.500    4.000  100.000     -150.5594370
   12046    6.500    4.000  110.000     -150.5594182
   12047    6.500    4.000  120.000     -150.5595106
   12048    6.500    4.000  130.000     -150.5593908
   12049    6.500    4.000  140.000     -150.5595077
   12050    6.500    4.000  150.000     -150.5595307
   12051    6.500    4.000  160.000     -150.5593659
   12052    6.500    4.000  170.000     -150.5593769
   12053    6.500    4.000  179.990     -150.5593844
       0    0.000    0.000    0.000        0.0000000
   12054    6.500    4.500    0.010     -150.7119684
   12055    6.500    4.500   10.000     -150.6904026
   12056    6.500    4.500   20.000     -150.6337898
   12057    6.500    4.500   30.000     -150.5788592
   12058    6.500    4.500   40.000     -150.5530993
   12059    6.500    4.500   50.000     -150.5513283
   12060    6.500    4.500   60.000     -150.5515500
   12061    6.500    4.500   70.000     -150.5516722
   12062    6.500    4.500   80.000     -150.5516720
   12063    6.500    4.500   90.000     -150.5516545
   12064    6.500    4.500  100.000     -150.5516381
   12065    6.500    4.500  110.000     -150.5516237
   12066    6.500    4.500  120.000     -150.5517346
   12067    6.500    4.500  130.000     -150.5516031
   12068    6.500    4.500  140.000     -150.5517372
   12069    6.500    4.500  150.000     -150.5518003
   12070    6.500    4.500  160.000     -150.5515799
   12071    6.500    4.500  170.000     -150.5515689
       0    0.000    0.000    0.000        0.0000000
   12072    6.500    5.000    1.000     -150.6773527
   12073    6.500    5.000   10.000     -150.7142673
   12074    6.500    5.000   20.000     -150.6619355
   12075    6.500    5.000   30.000     -150.5872817
   12076    6.500    5.000   40.000     -150.5553354
   12077    6.500    5.000   50.000     -150.5484439
   12078    6.500    5.000   60.000     -150.5483506
   12079    6.500    5.000   70.000     -150.5484283
   12080    6.500    5.000   80.000     -150.5484162
   12081    6.500    5.000   90.000     -150.5483972
   12082    6.500    5.000  100.000     -150.5483888
   12083    6.500    5.000  110.000     -150.5483700
   12084    6.500    5.000  120.000     -150.5484935
   12085    6.500    5.000  130.000     -150.5483542
   12086    6.500    5.000  140.000     -150.5484981
   12087    6.500    5.000  150.000     -150.5483797
   12088    6.500    5.000  160.000     -150.5483315
   12089    6.500    5.000  170.000     -150.5483447
       0    0.000    0.000    0.000        0.0000000
   12090    6.500    6.000    0.010     -130.2682476
   12091    6.500    6.000    7.000     -150.2682476
   12092    6.500    6.000   10.000     -150.4651399
   12093    6.500    6.000   15.000     -150.7111323
   12094    6.500    6.000   20.000     -150.6899190
   12095    6.500    6.000   30.000     -150.5903514
   12096    6.500    6.000   40.000     -150.5534610
   12097    6.500    6.000   50.000     -150.5471146
   12098    6.500    6.000   60.000     -150.5465356
   12099    6.500    6.000   70.000     -150.5464786
   12100    6.500    6.000   80.000     -150.5464627
   12101    6.500    6.000   90.000     -150.5463780
   12102    6.500    6.000  100.000     -150.5463497
   12103    6.500    6.000  110.000     -150.5463203
   12104    6.500    6.000  120.000     -150.5464249
   12105    6.500    6.000  130.000     -150.5462617
   12106    6.500    6.000  140.000     -150.5463491
   12107    6.500    6.000  150.000     -150.5461368
   12108    6.500    6.000  160.000     -150.5460069
   12109    6.500    6.000  170.000     -150.5458737
       0    0.000    0.000    0.000        0.0000000
   12110    6.500    7.000    0.010     -130.5394471
   12111    6.500    7.000    6.000     -150.2639551
   12112    6.500    7.000   10.000     -150.5394471
   12113    6.500    7.000   20.000     -150.6721539
   12114    6.500    7.000   30.000     -150.5758258
   12115    6.500    7.000   40.000     -150.5504252
   12116    6.500    7.000   50.000     -150.5454440
   12117    6.500    7.000   60.000     -150.5407384
   12118    6.500    7.000   70.000     -150.5462060
   12119    6.500    7.000   80.000     -150.5462024
   12120    6.500    7.000   90.000     -150.5461702
   12121    6.500    7.000  100.000     -150.5461402
   12122    6.500    7.000  110.000     -150.5461239
   12123    6.500    7.000  120.000     -150.5461029
   12124    6.500    7.000  130.000     -150.5458771
   12125    6.500    7.000  140.000     -150.5459519
   12126    6.500    7.000  150.000     -150.5460014
   12127    6.500    7.000  160.000     -150.5457909
   12128    6.500    7.000  170.000     -150.5455682
       0    0.000    0.000    0.000        0.0000000
   12129    6.500    8.000    1.000     -150.6762765
   12130    6.500    8.000    6.000     -150.7082714
   12131    6.500    8.000   10.000     -150.7118247
   12132    6.500    8.000   20.000     -150.6181334
   12133    6.500    8.000   30.000     -150.5589250
   12134    6.500    8.000   40.000     -150.5476792
   12135    6.500    8.000   50.000     -150.5486184
   12136    6.500    8.000   60.000     -150.5460767
   12137    6.500    8.000   70.000     -150.5460942
   12138    6.500    8.000   80.000     -150.5461180
   12139    6.500    8.000   90.000     -150.5460596
   12140    6.500    8.000  100.000     -150.5460521
   12141    6.500    8.000  110.000     -150.5460521
   12142    6.500    8.000  120.000     -150.5460252
   12143    6.500    8.000  130.000     -150.5459544
   12144    6.500    8.000  140.000     -150.5458239
   12145    6.500    8.000  150.000     -150.5456574
   12146    6.500    8.000  160.000     -150.5452166
   12147    6.500    8.000  170.000     -150.5450176
       0    0.000    0.000    0.000        0.0000000
   12148    6.500   10.000   10.000     -150.5659227
   12149    6.500   10.000   20.000     -150.5517797
   12150    6.500   10.000   30.000     -150.5470671
   12151    6.500   10.000   40.000     -150.5461588
   12152    6.500   10.000   50.000     -150.5461148
   12153    6.500   10.000   60.000     -150.5461916
   12154    6.500   10.000   70.000     -150.5467095
   12155    6.500   10.000   80.000     -150.5463661
   12156    6.500   10.000   90.000     -150.5460056
   12157    6.500   10.000  100.000     -150.5460212
   12158    6.500   10.000  110.000     -150.5460618
   12159    6.500   10.000  120.000     -150.5460570
   12160    6.500   10.000  130.000     -150.5460912
   12161    6.500   10.000  140.000     -150.5461806
   12162    6.500   10.000  150.000     -150.5461444
   12163    6.500   10.000  160.000     -150.5463367
   12164    6.500   10.000  170.000     -150.5462416
       0    0.000    0.000    0.000        0.0000000
   12165    6.500   12.000   10.000     -150.5462346
   12166    6.500   12.000   20.000     -150.5461569
   12167    6.500   12.000   30.000     -150.5460253
   12168    6.500   12.000   40.000     -150.5460451
   12169    6.500   12.000   50.000     -150.5460141
   12170    6.500   12.000   60.000     -150.5460812
   12171    6.500   12.000   70.000     -150.5461176
   12172    6.500   12.000   80.000     -150.5459968
   12173    6.500   12.000   90.000     -150.5459937
   12174    6.500   12.000  100.000     -150.5459413
   12175    6.500   12.000  110.000     -150.5459014
   12176    6.500   12.000  120.000     -150.5458971
   12177    6.500   12.000  130.000     -150.5458269
   12178    6.500   12.000  140.000     -150.5455058
   12179    6.500   12.000  150.000     -150.5452303
   12180    6.500   12.000  160.000     -150.5449492
   12181    6.500   12.000  170.000     -150.5442530
       0    0.000    0.000    0.000        0.0000000
   12182    6.500   15.000   10.000     -150.5453676
   12183    6.500   15.000   20.000     -150.5459880
   12184    6.500   15.000   30.000     -150.5461043
   12185    6.500   15.000   40.000     -150.5460051
   12186    6.500   15.000   50.000     -150.5459202
   12187    6.500   15.000   60.000     -150.5459700
   12188    6.500   15.000   70.000     -150.5459414
   12189    6.500   15.000   80.000     -150.5459333
   12190    6.500   15.000   90.000     -150.5459373
   12191    6.500   15.000  100.000     -150.5459383
   12192    6.500   15.000  110.000     -150.5459168
   12193    6.500   15.000  120.000     -150.5458746
   12194    6.500   15.000  130.000     -150.5458383
   12195    6.500   15.000  140.000     -150.5456962
   12196    6.500   15.000  150.000     -150.5456319
   12197    6.500   15.000  160.000     -150.5454747
   12198    6.500   15.000  170.000     -150.5451639
       0    0.000    0.000    0.000        0.0000000
   12199    7.000    1.200    0.010     -150.4684364
   12200    7.000    1.200   10.000     -150.4684043
   12201    7.000    1.200   20.000     -150.4683148
   12202    7.000    1.200   30.000     -150.4681840
   12203    7.000    1.200   50.000     -150.4678878
   12204    7.000    1.200   60.000     -150.4677630
   12205    7.000    1.200   70.000     -150.4676687
   12206    7.000    1.200   80.000     -150.4676071
   12207    7.000    1.200   90.000     -150.4675678
   12208    7.000    1.200  100.000     -150.4675484
   12209    7.000    1.200  110.000     -150.4675356
   12210    7.000    1.200  120.000     -150.4675288
   12211    7.000    1.200  130.000     -150.4675193
   12212    7.000    1.200  140.000     -150.4675074
   12213    7.000    1.200  150.000     -150.4674966
   12214    7.000    1.200  160.000     -150.4674886
   12215    7.000    1.200  170.000     -150.4674839
   12216    7.000    1.200  179.990     -150.4674829
       0    0.000    0.000    0.000        0.0000000
   12217    7.000    1.400    0.010     -150.6322904
   12218    7.000    1.400   10.000     -150.6322500
   12219    7.000    1.400   20.000     -150.6321379
   12220    7.000    1.400   30.000     -150.6319770
   12221    7.000    1.400   40.000     -150.6317948
   12222    7.000    1.400   50.000     -150.6316204
   12223    7.000    1.400   60.000     -150.6314723
   12224    7.000    1.400   70.000     -150.6313635
   12225    7.000    1.400   80.000     -150.6312927
   12226    7.000    1.400   90.000     -150.6312496
   12227    7.000    1.400  100.000     -150.6312237
   12228    7.000    1.400  110.000     -150.6312073
   12229    7.000    1.400  120.000     -150.6311846
   12230    7.000    1.400  130.000     -150.6311748
   12231    7.000    1.400  140.000     -150.6311649
   12232    7.000    1.400  150.000     -150.6311543
   12233    7.000    1.400  160.000     -150.6311469
   12234    7.000    1.400  170.000     -150.6311431
   12235    7.000    1.400  179.990     -150.6311422
       0    0.000    0.000    0.000        0.0000000
   12236    7.000    1.600    0.010     -150.6985015
   12237    7.000    1.600   10.000     -150.6984486
   12238    7.000    1.600   20.000     -150.6983037
   12239    7.000    1.600   30.000     -150.6981041
   12240    7.000    1.600   40.000     -150.6978907
   12241    7.000    1.600   50.000     -150.6976825
   12242    7.000    1.600   60.000     -150.6975077
   12243    7.000    1.600   70.000     -150.6973781
   12244    7.000    1.600   80.000     -150.6972983
   12245    7.000    1.600   90.000     -150.6972471
   12246    7.000    1.600  100.000     -150.6972126
   12247    7.000    1.600  110.000     -150.6971939
   12248    7.000    1.600  120.000     -150.6971766
   12249    7.000    1.600  130.000     -150.6971615
   12250    7.000    1.600  140.000     -150.6971470
   12251    7.000    1.600  150.000     -150.6971350
   12252    7.000    1.600  160.000     -150.6971264
   12253    7.000    1.600  170.000     -150.6971210
   12254    7.000    1.600  179.990     -150.6971216
       0    0.000    0.000    0.000        0.0000000
   12255    7.000    1.700    0.010     -150.7116715
   12256    7.000    1.700   10.000     -150.7116122
   12257    7.000    1.700   20.000     -150.7114521
   12258    7.000    1.700   30.000     -150.7112247
   12259    7.000    1.700   40.000     -150.7109780
   12260    7.000    1.700   50.000     -150.7107531
   12261    7.000    1.700   60.000     -150.7105649
   12262    7.000    1.700   70.000     -150.7104280
   12263    7.000    1.700   80.000     -150.7103400
   12264    7.000    1.700   90.000     -150.7102860
   12265    7.000    1.700  100.000     -150.7102609
   12266    7.000    1.700  110.000     -150.7102305
   12267    7.000    1.700  120.000     -150.7102120
   12268    7.000    1.700  130.000     -150.7101952
   12269    7.000    1.700  140.000     -150.7101796
   12270    7.000    1.700  150.000     -150.7101665
   12271    7.000    1.700  160.000     -150.7101573
   12272    7.000    1.700  170.000     -150.7101522
   12273    7.000    1.700  179.990     -150.7101574
       0    0.000    0.000    0.000        0.0000000
   12274    7.000    1.800    0.010     -150.7166637
   12275    7.000    1.800   10.000     -150.7165970
   12276    7.000    1.800   20.000     -150.7164144
   12277    7.000    1.800   30.000     -150.7161611
   12278    7.000    1.800   40.000     -150.7158886
   12279    7.000    1.800   50.000     -150.7156417
   12280    7.000    1.800   60.000     -150.7154378
   12281    7.000    1.800   70.000     -150.7152933
   12282    7.000    1.800   80.000     -150.7151998
   12283    7.000    1.800   90.000     -150.7151468
   12284    7.000    1.800  100.000     -150.7151079
   12285    7.000    1.800  110.000     -150.7150854
   12286    7.000    1.800  120.000     -150.7150643
   12287    7.000    1.800  130.000     -150.7150460
   12288    7.000    1.800  140.000     -150.7150290
   12289    7.000    1.800  150.000     -150.7150147
   12290    7.000    1.800  160.000     -150.7150041
   12291    7.000    1.800  170.000     -150.7149978
   12292    7.000    1.800  179.990     -150.7150013
       0    0.000    0.000    0.000        0.0000000
   12293    7.000    1.850    0.010     -150.7168935
   12294    7.000    1.850   10.000     -150.7168224
   12295    7.000    1.850   20.000     -150.7166299
   12296    7.000    1.850   30.000     -150.7163615
   12297    7.000    1.850   40.000     -150.7160753
   12298    7.000    1.850   50.000     -150.7158171
   12299    7.000    1.850   60.000     -150.7156061
   12300    7.000    1.850   70.000     -150.7154570
   12301    7.000    1.850   80.000     -150.7153613
   12302    7.000    1.850   90.000     -150.7153064
   12303    7.000    1.850  100.000     -150.7152678
   12304    7.000    1.850  110.000     -150.7152434
   12305    7.000    1.850  120.000     -150.7152223
   12306    7.000    1.850  130.000     -150.7152031
   12307    7.000    1.850  140.000     -150.7151855
   12308    7.000    1.850  150.000     -150.7151705
   12309    7.000    1.850  160.000     -150.7151593
   12310    7.000    1.850  170.000     -150.7151525
   12311    7.000    1.850  179.990     -150.7151552
       0    0.000    0.000    0.000        0.0000000
   12312    7.000    1.900    0.010     -150.7159452
   12313    7.000    1.900   10.000     -150.7158696
   12314    7.000    1.900   20.000     -150.7156635
   12315    7.000    1.900   30.000     -150.7153793
   12316    7.000    1.900   40.000     -150.7150805
   12317    7.000    1.900   50.000     -150.7148109
   12318    7.000    1.900   60.000     -150.7145922
   12319    7.000    1.900   70.000     -150.7144391
   12320    7.000    1.900   80.000     -150.7143415
   12321    7.000    1.900   90.000     -150.7142851
   12322    7.000    1.900  100.000     -150.7142464
   12323    7.000    1.900  110.000     -150.7142201
   12324    7.000    1.900  120.000     -150.7141992
   12325    7.000    1.900  130.000     -150.7141791
   12326    7.000    1.900  140.000     -150.7141608
   12327    7.000    1.900  150.000     -150.7141452
   12328    7.000    1.900  160.000     -150.7141333
   12329    7.000    1.900  170.000     -150.7141260
   12330    7.000    1.900  179.990     -150.7141279
       0    0.000    0.000    0.000        0.0000000
   12331    7.000    2.000    0.010     -150.7112871
   12332    7.000    2.000   10.000     -150.7112012
   12333    7.000    2.000   20.000     -150.7109686
   12334    7.000    2.000   30.000     -150.7106528
   12335    7.000    2.000   40.000     -150.7103233
   12336    7.000    2.000   50.000     -150.7100324
   12337    7.000    2.000   60.000     -150.7097997
   12338    7.000    2.000   70.000     -150.7096385
   12339    7.000    2.000   80.000     -150.7095361
   12340    7.000    2.000   90.000     -150.7094772
   12341    7.000    2.000  100.000     -150.7094388
   12342    7.000    2.000  110.000     -150.7094112
   12343    7.000    2.000  120.000     -150.7093877
   12344    7.000    2.000  130.000     -150.7093660
   12345    7.000    2.000  140.000     -150.7093463
   12346    7.000    2.000  150.000     -150.7093292
   12347    7.000    2.000  160.000     -150.7093162
   12348    7.000    2.000  170.000     -150.7093081
   12349    7.000    2.000  179.990     -150.7093089
       0    0.000    0.000    0.000        0.0000000
   12350    7.000    2.100    0.010     -150.7039771
   12351    7.000    2.100   10.000     -150.7038795
   12352    7.000    2.100   20.000     -150.7036172
   12353    7.000    2.100   30.000     -150.7032646
   12354    7.000    2.100   40.000     -150.7029040
   12355    7.000    2.100   50.000     -150.7025933
   12356    7.000    2.100   60.000     -150.7023492
   12357    7.000    2.100   70.000     -150.7021788
   12358    7.000    2.100   80.000     -150.7020716
   12359    7.000    2.100   90.000     -150.7020103
   12360    7.000    2.100  100.000     -150.7019714
   12361    7.000    2.100  110.000     -150.7019422
   12362    7.000    2.100  120.000     -150.7019168
   12363    7.000    2.100  130.000     -150.7018935
   12364    7.000    2.100  140.000     -150.7018722
   12365    7.000    2.100  150.000     -150.7018538
   12366    7.000    2.100  160.000     -150.7018398
   12367    7.000    2.100  170.000     -150.7018312
   12368    7.000    2.100  179.990     -150.7018310
       0    0.000    0.000    0.000        0.0000000
   12369    7.000    2.300    0.010     -150.6848977
   12370    7.000    2.300   10.000     -150.6847716
   12371    7.000    2.300   20.000     -150.6844402
   12372    7.000    2.300   30.000     -150.6840107
   12373    7.000    2.300   40.000     -150.6835874
   12374    7.000    2.300   50.000     -150.6832344
   12375    7.000    2.300   60.000     -150.6829697
   12376    7.000    2.300   70.000     -150.6827887
   12377    7.000    2.300   80.000     -150.6826774
   12378    7.000    2.300   90.000     -150.6826102
   12379    7.000    2.300  100.000     -150.6825670
   12380    7.000    2.300  110.000     -150.6825346
   12381    7.000    2.300  120.000     -150.6825060
   12382    7.000    2.300  130.000     -150.6824793
   12383    7.000    2.300  140.000     -150.6824547
   12384    7.000    2.300  150.000     -150.6824335
   12385    7.000    2.300  160.000     -150.6824175
   12386    7.000    2.300  170.000     -150.6824078
   12387    7.000    2.300  179.990     -150.6824011
       0    0.000    0.000    0.000        0.0000000
   12388    7.000    2.500    0.010     -150.6635342
   12389    7.000    2.500   10.000     -150.6633746
   12390    7.000    2.500   20.000     -150.6629684
   12391    7.000    2.500   30.000     -150.6624616
   12392    7.000    2.500   40.000     -150.6619846
   12393    7.000    2.500   50.000     -150.6615975
   12394    7.000    2.500   60.000     -150.6613152
   12395    7.000    2.500   70.000     -150.6611349
   12396    7.000    2.500   80.000     -150.6610206
   12397    7.000    2.500   90.000     -150.6609495
   12398    7.000    2.500  100.000     -150.6609042
   12399    7.000    2.500  110.000     -150.6608690
   12400    7.000    2.500  120.000     -150.6608374
   12401    7.000    2.500  130.000     -150.6608076
   12402    7.000    2.500  140.000     -150.6607796
   12403    7.000    2.500  150.000     -150.6607551
   12404    7.000    2.500  160.000     -150.6607360
   12405    7.000    2.500  170.000     -150.6607239
   12406    7.000    2.500  179.990     -150.6607137
       0    0.000    0.000    0.000        0.0000000
   12407    7.000    2.700    0.010     -150.6424074
   12408    7.000    2.700   10.000     -150.6422148
   12409    7.000    2.700   20.000     -150.6417410
   12410    7.000    2.700   30.000     -150.6411821
   12411    7.000    2.700   40.000     -150.6406727
   12412    7.000    2.700   50.000     -150.6402673
   12413    7.000    2.700   60.000     -150.6399793
   12414    7.000    2.700   70.000     -150.6398109
   12415    7.000    2.700   80.000     -150.6396830
   12416    7.000    2.700   90.000     -150.6396231
   12417    7.000    2.700  100.000     -150.6395760
   12418    7.000    2.700  120.000     -150.6394812
   12419    7.000    2.700  130.000     -150.6394725
   12420    7.000    2.700  140.000     -150.6394153
   12421    7.000    2.700  150.000     -150.6394138
   12422    7.000    2.700  160.000     -150.6393905
   12423    7.000    2.700  170.000     -150.6393750
   12424    7.000    2.700  179.990     -150.6393696
       0    0.000    0.000    0.000        0.0000000
   12425    7.000    2.850    0.010     -150.6275292
   12426    7.000    2.850   10.000     -150.6273174
   12427    7.000    2.850   20.000     -150.6268125
   12428    7.000    2.850   30.000     -150.6262464
   12429    7.000    2.850   40.000     -150.6257393
   12430    7.000    2.850   50.000     -150.6253600
   12431    7.000    2.850   60.000     -150.6250628
   12432    7.000    2.850   70.000     -150.6249048
   12433    7.000    2.850   80.000     -150.6247915
   12434    7.000    2.850   90.000     -150.6247199
   12435    7.000    2.850  100.000     -150.6246729
   12436    7.000    2.850  110.000     -150.6246346
   12437    7.000    2.850  120.000     -150.6245743
   12438    7.000    2.850  130.000     -150.6245661
   12439    7.000    2.850  140.000     -150.6245165
   12440    7.000    2.850  150.000     -150.6245032
   12441    7.000    2.850  160.000     -150.6244767
   12442    7.000    2.850  170.000     -150.6244584
   12443    7.000    2.850  179.990     -150.6244410
       0    0.000    0.000    0.000        0.0000000
   12444    7.000    3.000    0.010     -150.6138014
   12445    7.000    3.000   10.000     -150.6135946
   12446    7.000    3.000   20.000     -150.6130945
   12447    7.000    3.000   30.000     -150.6125599
   12448    7.000    3.000   40.000     -150.6121115
   12449    7.000    3.000   50.000     -150.6117435
   12450    7.000    3.000   60.000     -150.6114675
   12451    7.000    3.000   70.000     -150.6113283
   12452    7.000    3.000   80.000     -150.6112062
   12453    7.000    3.000   90.000     -150.6111396
   12454    7.000    3.000  100.000     -150.6111045
   12455    7.000    3.000  110.000     -150.6110380
   12456    7.000    3.000  120.000     -150.6110038
   12457    7.000    3.000  130.000     -150.6109963
   12458    7.000    3.000  140.000     -150.6109436
   12459    7.000    3.000  150.000     -150.6109302
   12460    7.000    3.000  160.000     -150.6109012
   12461    7.000    3.000  170.000     -150.6108793
   12462    7.000    3.000  179.990     -150.6108709
       0    0.000    0.000    0.000        0.0000000
   12463    7.000    3.100    0.010     -150.6053687
   12464    7.000    3.100   10.000     -150.6051610
   12465    7.000    3.100   20.000     -150.6047055
   12466    7.000    3.100   30.000     -150.6042313
   12467    7.000    3.100   40.000     -150.6038313
   12468    7.000    3.100   50.000     -150.6035113
   12469    7.000    3.100   60.000     -150.6032517
   12470    7.000    3.100   70.000     -150.6031213
   12471    7.000    3.100   80.000     -150.6030025
   12472    7.000    3.100   90.000     -150.6029436
   12473    7.000    3.100  100.000     -150.6028883
   12474    7.000    3.100  110.000     -150.6028340
   12475    7.000    3.100  120.000     -150.6028028
   12476    7.000    3.100  130.000     -150.6027973
   12477    7.000    3.100  140.000     -150.6027591
   12478    7.000    3.100  150.000     -150.6027289
   12479    7.000    3.100  160.000     -150.6026975
   12480    7.000    3.100  170.000     -150.6026738
   12481    7.000    3.100  179.990     -150.6026622
       0    0.000    0.000    0.000        0.0000000
   12482    7.000    3.200    0.010     -150.5975325
   12483    7.000    3.200   10.000     -150.5973365
   12484    7.000    3.200   20.000     -150.5969474
   12485    7.000    3.200   30.000     -150.5965722
   12486    7.000    3.200   40.000     -150.5962600
   12487    7.000    3.200   50.000     -150.5959799
   12488    7.000    3.200   60.000     -150.5957543
   12489    7.000    3.200   70.000     -150.5956279
   12490    7.000    3.200   80.000     -150.5955143
   12491    7.000    3.200   90.000     -150.5954470
   12492    7.000    3.200  100.000     -150.5953850
   12493    7.000    3.200  110.000     -150.5953503
   12494    7.000    3.200  120.000     -150.5953190
   12495    7.000    3.200  130.000     -150.5953150
   12496    7.000    3.200  140.000     -150.5952778
   12497    7.000    3.200  150.000     -150.5952461
   12498    7.000    3.200  160.000     -150.5952123
   12499    7.000    3.200  170.000     -150.5951851
   12500    7.000    3.200  179.990     -150.5951742
       0    0.000    0.000    0.000        0.0000000
   12501    7.000    3.300    0.010     -150.5902402
   12502    7.000    3.300   10.000     -150.5900995
   12503    7.000    3.300   20.000     -150.5898267
   12504    7.000    3.300   30.000     -150.5895875
   12505    7.000    3.300   40.000     -150.5893871
   12506    7.000    3.300   50.000     -150.5891745
   12507    7.000    3.300   60.000     -150.5889779
   12508    7.000    3.300   80.000     -150.5883703
   12509    7.000    3.300   90.000     -150.5883732
   12510    7.000    3.300  100.000     -150.5883746
   12511    7.000    3.300  110.000     -150.5883740
   12512    7.000    3.300  120.000     -150.5883728
   12513    7.000    3.300  130.000     -150.5883722
   12514    7.000    3.300  140.000     -150.5883725
   12515    7.000    3.300  150.000     -150.5883738
   12516    7.000    3.300  160.000     -150.5883759
   12517    7.000    3.300  170.000     -150.5883780
   12518    7.000    3.300  179.990     -150.5884128
       0    0.000    0.000    0.000        0.0000000
   12519    7.000    3.400    0.010     -150.5834994
   12520    7.000    3.400   10.000     -150.5834284
   12521    7.000    3.400   30.000     -150.5832799
   12522    7.000    3.400   40.000     -150.5832233
   12523    7.000    3.400   50.000     -150.5830848
   12524    7.000    3.400   60.000     -150.5829099
   12525    7.000    3.400   80.000     -150.5826898
   12526    7.000    3.400  100.000     -150.5823444
   12527    7.000    3.400  110.000     -150.5823416
   12528    7.000    3.400  120.000     -150.5823389
   12529    7.000    3.400  130.000     -150.5823372
   12530    7.000    3.400  140.000     -150.5823365
   12531    7.000    3.400  150.000     -150.5823370
   12532    7.000    3.400  160.000     -150.5823385
   12533    7.000    3.400  170.000     -150.5823403
   12534    7.000    3.400  179.990     -150.5823736
       0    0.000    0.000    0.000        0.0000000
   12535    7.000    3.500    0.010     -150.5772499
   12536    7.000    3.500   10.000     -150.5772882
   12537    7.000    3.500   20.000     -150.5774084
   12538    7.000    3.500   30.000     -150.5776282
   12539    7.000    3.500   40.000     -150.5777446
   12540    7.000    3.500   50.000     -150.5776926
   12541    7.000    3.500   60.000     -150.5775738
   12542    7.000    3.500   70.000     -150.5774677
   12543    7.000    3.500   80.000     -150.5773777
   12544    7.000    3.500  100.000     -150.5770140
   12545    7.000    3.500  110.000     -150.5770096
   12546    7.000    3.500  120.000     -150.5770057
   12547    7.000    3.500  130.000     -150.5770029
   12548    7.000    3.500  140.000     -150.5770014
   12549    7.000    3.500  150.000     -150.5770012
   12550    7.000    3.500  160.000     -150.5770023
   12551    7.000    3.500  170.000     -150.5770037
   12552    7.000    3.500  179.990     -150.5770350
       0    0.000    0.000    0.000        0.0000000
   12553    7.000    3.600    0.010     -150.5789437
   12554    7.000    3.600   10.000     -150.5742718
   12555    7.000    3.600   20.000     -150.5690730
   12556    7.000    3.600   30.000     -150.5699722
   12557    7.000    3.600   40.000     -150.5714191
   12558    7.000    3.600   50.000     -150.5721061
   12559    7.000    3.600   60.000     -150.5723132
   12560    7.000    3.600   70.000     -150.5723573
   12561    7.000    3.600   80.000     -150.5723599
   12562    7.000    3.600   90.000     -150.5723557
   12563    7.000    3.600  100.000     -150.5723500
   12564    7.000    3.600  110.000     -150.5723427
   12565    7.000    3.600  120.000     -150.5723376
   12566    7.000    3.600  130.000     -150.5723340
   12567    7.000    3.600  140.000     -150.5723320
   12568    7.000    3.600  150.000     -150.5723313
   12569    7.000    3.600  160.000     -150.5723318
   12570    7.000    3.600  170.000     -150.5723330
   12571    7.000    3.600  179.990     -150.5723616
       0    0.000    0.000    0.000        0.0000000
   12572    7.000    3.800    0.010     -150.5914389
   12573    7.000    3.800   20.000     -150.5668682
   12574    7.000    3.800   22.920     -150.5637750
   12575    7.000    3.800   30.000     -150.5622248
   12576    7.000    3.800   40.000     -150.5637324
   12577    7.000    3.800   50.000     -150.5645545
   12578    7.000    3.800   60.000     -150.5647975
   12579    7.000    3.800   70.000     -150.5648415
   12580    7.000    3.800   80.000     -150.5648394
   12581    7.000    3.800   90.000     -150.5648309
   12582    7.000    3.800  100.000     -150.5648220
   12583    7.000    3.800  110.000     -150.5648126
   12584    7.000    3.800  120.000     -150.5648062
   12585    7.000    3.800  130.000     -150.5648016
   12586    7.000    3.800  140.000     -150.5647986
   12587    7.000    3.800  150.000     -150.5647973
   12588    7.000    3.800  160.000     -150.5647973
   12589    7.000    3.800  170.000     -150.5647980
   12590    7.000    3.800  179.990     -150.5647896
       0    0.000    0.000    0.000        0.0000000
   12591    7.000    4.000    0.010     -150.6132290
   12592    7.000    4.000   20.000     -150.5729667
   12593    7.000    4.000   28.960     -150.5582726
   12594    7.000    4.000   30.000     -150.5576941
   12595    7.000    4.000   40.000     -150.5580797
   12596    7.000    4.000   50.000     -150.5590352
   12597    7.000    4.000   60.000     -150.5593085
   12598    7.000    4.000   70.000     -150.5593511
   12599    7.000    4.000   80.000     -150.5593448
   12600    7.000    4.000   90.000     -150.5593332
   12601    7.000    4.000  100.000     -150.5593210
   12602    7.000    4.000  110.000     -150.5593118
   12603    7.000    4.000  120.000     -150.5593047
   12604    7.000    4.000  130.000     -150.5592996
   12605    7.000    4.000  140.000     -150.5592963
   12606    7.000    4.000  150.000     -150.5592945
   12607    7.000    4.000  160.000     -150.5592942
   12608    7.000    4.000  170.000     -150.5592946
   12609    7.000    4.000  179.990     -150.5593173
       0    0.000    0.000    0.000        0.0000000
   12610    7.000    4.500    0.010     -150.6635342
   12611    7.000    4.500   20.000     -150.5959565
   12612    7.000    4.500   30.000     -150.5620702
   12613    7.000    4.500   38.940     -150.5510531
   12614    7.000    4.500   40.000     -150.5508005
   12615    7.000    4.500   50.000     -150.5512538
   12616    7.000    4.500   60.000     -150.5515530
   12617    7.000    4.500   70.000     -150.5515852
   12618    7.000    4.500   80.000     -150.5515711
   12619    7.000    4.500   90.000     -150.5515554
   12620    7.000    4.500  100.000     -150.5515427
   12621    7.000    4.500  110.000     -150.5515329
   12622    7.000    4.500  120.000     -150.5515260
   12623    7.000    4.500  130.000     -150.5515210
   12624    7.000    4.500  140.000     -150.5515176
   12625    7.000    4.500  150.000     -150.5515159
   12626    7.000    4.500  160.000     -150.5515154
   12627    7.000    4.500  170.000     -150.5515156
   12628    7.000    4.500  179.990     -150.5515144
       0    0.000    0.000    0.000        0.0000000
   12629    7.000    5.000    0.010     -150.7112871
   12630    7.000    5.000   10.000     -150.6894683
   12631    7.000    5.000   20.000     -150.6221914
   12632    7.000    5.000   30.000     -150.5692889
   12633    7.000    5.000   40.000     -150.5507801
   12634    7.000    5.000   45.570     -150.5482385
   12635    7.000    5.000   50.000     -150.5481116
   12636    7.000    5.000   60.000     -150.5483289
   12637    7.000    5.000   70.000     -150.5483441
   12638    7.000    5.000   80.000     -150.5483252
   12639    7.000    5.000   90.000     -150.5483083
   12640    7.000    5.000  100.000     -150.5482964
   12641    7.000    5.000  110.000     -150.5482874
   12642    7.000    5.000  120.000     -150.5482816
   12643    7.000    5.000  130.000     -150.5482771
   12644    7.000    5.000  140.000     -150.5482742
   12645    7.000    5.000  150.000     -150.5482726
   12646    7.000    5.000  160.000     -150.5482722
   12647    7.000    5.000  170.000     -150.5482723
   12648    7.000    5.000  179.990     -150.5482728
       0    0.000    0.000    0.000        0.0000000
   12649    7.000    6.000    0.010     -150.3045824
   12650    7.000    6.000   10.000     -150.6746033
   12651    7.000    6.000   20.000     -150.6644531
   12652    7.000    6.000   30.000     -150.5769336
   12653    7.000    6.000   40.000     -150.5511163
   12654    7.000    6.000   50.000     -150.5468244
   12655    7.000    6.000   54.310     -150.5464145
   12656    7.000    6.000   60.000     -150.5463529
   12657    7.000    6.000   70.000     -150.5463351
   12658    7.000    6.000   80.000     -150.5463138
   12659    7.000    6.000   90.000     -150.5462986
   12660    7.000    6.000  100.000     -150.5462900
   12661    7.000    6.000  110.000     -150.5462836
   12662    7.000    6.000  120.000     -150.5462803
   12663    7.000    6.000  130.000     -150.5462770
   12664    7.000    6.000  140.000     -150.5462753
   12665    7.000    6.000  150.000     -150.5462747
   12666    7.000    6.000  160.000     -150.5462746
   12667    7.000    6.000  170.000     -150.5462749
   12668    7.000    6.000  179.990     -150.5462749
       0    0.000    0.000    0.000        0.0000000
   12669    7.000    7.000    0.010        0.0000000
   12670    7.000    7.000    7.000     -150.2646383
   12671    7.000    7.000   10.000     -150.4864271
   12672    7.000    7.000   15.000     -150.7154267
   12673    7.000    7.000   20.000     -150.6680433
   12674    7.000    7.000   30.000     -150.5713581
   12675    7.000    7.000   40.000     -150.5493868
   12676    7.000    7.000   50.000     -150.5464190
   12677    7.000    7.000   70.000     -150.5461334
   12678    7.000    7.000   80.000     -150.5461159
   12679    7.000    7.000   90.000     -150.5460994
   12680    7.000    7.000  100.000     -150.5460601
   12681    7.000    7.000  110.000     -150.5460173
   12682    7.000    7.000  120.000     -150.5460201
   12683    7.000    7.000  130.000     -150.5458623
   12684    7.000    7.000  140.000     -150.5458610
   12685    7.000    7.000  150.000     -150.5460584
   12686    7.000    7.000  160.000     -150.5460494
   12687    7.000    7.000  170.000     -150.5458582
   12688    7.000    7.000  179.990     -150.5460925
       0    0.000    0.000    0.000        0.0000000
   12689    7.000    8.000    0.010     -150.3038236
   12690    7.000    8.000   10.000     -150.7038416
   12691    7.000    8.000   15.000     -150.6932940
   12692    7.000    8.000   20.000     -150.6307075
   12693    7.000    8.000   30.000     -150.5593191
   12694    7.000    8.000   40.000     -150.5475829
   12695    7.000    8.000   60.000     -150.5458361
   12696    7.000    8.000   70.000     -150.5460208
   12697    7.000    8.000   80.000     -150.5460030
   12698    7.000    8.000   90.000     -150.5459934
   12699    7.000    8.000  100.000     -150.5459915
   12700    7.000    8.000  120.000     -150.5459749
   12701    7.000    8.000  130.000     -150.5459790
   12702    7.000    8.000  140.000     -150.5459776
   12703    7.000    8.000  150.000     -150.5459781
   12704    7.000    8.000  160.000     -150.5457767
   12705    7.000    8.000  170.000     -150.5457778
   12706    7.000    8.000  179.990     -150.5459884
       0    0.000    0.000    0.000        0.0000000
   12707    7.000   10.000   20.000     -150.5557627
   12708    7.000   10.000   30.000     -150.5474056
   12709    7.000   10.000   50.000     -150.5457594
   12710    7.000   10.000   90.000     -150.5459347
   12711    7.000   10.000  100.000     -150.5459326
   12712    7.000   10.000  110.000     -150.5459271
   12713    7.000   10.000  120.000     -150.5459401
   12714    7.000   10.000  130.000     -150.5459293
   12715    7.000   10.000  140.000     -150.5459394
   12716    7.000   10.000  150.000     -150.5459256
   12717    7.000   10.000  160.000     -150.5459397
   12718    7.000   10.000  170.000     -150.5457483
       0    0.000    0.000    0.000        0.0000000
   12719    7.000   12.000   80.000     -150.5459183
   12720    7.000   12.000   90.000     -150.5459235
   12721    7.000   12.000  100.000     -150.5459215
   12722    7.000   12.000  110.000     -150.5459173
   12723    7.000   12.000  120.000     -150.5459304
   12724    7.000   12.000  130.000     -150.5459121
   12725    7.000   12.000  140.000     -150.5457378
   12726    7.000   12.000  150.000     -150.5459109
   12727    7.000   12.000  160.000     -150.5459132
   12728    7.000   12.000  170.000     -150.5457347
   12729    7.000   12.000  179.990     -150.5459296
       0    0.000    0.000    0.000        0.0000000
   12730    7.000   15.000   76.510     -150.5457351
   12731    7.000   15.000   80.000     -150.5459127
   12732    7.000   15.000   90.000     -150.5459194
   12733    7.000   15.000  100.000     -150.5459173
   12734    7.000   15.000  110.000     -150.5459134
   12735    7.000   15.000  120.000     -150.5457313
   12736    7.000   15.000  130.000     -150.5459227
   12737    7.000   15.000  140.000     -150.5457334
   12738    7.000   15.000  150.000     -150.5459074
   12739    7.000   15.000  160.000     -150.5459100
   12740    7.000   15.000  170.000     -150.5457319
   12741    7.000   15.000  179.990     -150.5459267
       0    0.000    0.000    0.000        0.0000000
   12742    8.000    1.200    0.010     -150.4678066
   12743    8.000    1.200   10.000     -150.4677918
   12744    8.000    1.200   20.000     -150.4677466
   12745    8.000    1.200   30.000     -150.4676827
   12746    8.000    1.200   40.000     -150.4676092
   12747    8.000    1.200   50.000     -150.4675366
   12748    8.000    1.200   60.000     -150.4674693
   12749    8.000    1.200   70.000     -150.4674199
   12750    8.000    1.200   80.000     -150.4673819
   12751    8.000    1.200   90.000     -150.4673582
   12752    8.000    1.200  110.000     -150.4673363
   12753    8.000    1.200  120.000     -150.4673266
   12754    8.000    1.200  130.000     -150.4673251
   12755    8.000    1.200  140.000     -150.4673197
   12756    8.000    1.200  150.000     -150.4673147
   12757    8.000    1.200  160.000     -150.4673109
   12758    8.000    1.200  170.000     -150.4673087
   12759    8.000    1.200  179.990     -150.4673084
       0    0.000    0.000    0.000        0.0000000
   12760    8.000    1.400    0.010     -150.6315665
   12761    8.000    1.400   10.000     -150.6315471
   12762    8.000    1.400   20.000     -150.6314929
   12763    8.000    1.400   30.000     -150.6314140
   12764    8.000    1.400   40.000     -150.6313243
   12765    8.000    1.400   50.000     -150.6312334
   12766    8.000    1.400   60.000     -150.6311562
   12767    8.000    1.400   70.000     -150.6310970
   12768    8.000    1.400   80.000     -150.6310580
   12769    8.000    1.400   90.000     -150.6310248
   12770    8.000    1.400  110.000     -150.6309975
   12771    8.000    1.400  130.000     -150.6309841
   12772    8.000    1.400  140.000     -150.6309778
   12773    8.000    1.400  150.000     -150.6309720
   12774    8.000    1.400  160.000     -150.6309681
   12775    8.000    1.400  170.000     -150.6309660
   12776    8.000    1.400  179.990     -150.6309655
       0    0.000    0.000    0.000        0.0000000
   12777    8.000    1.600    0.010     -150.6976770
   12778    8.000    1.600   10.000     -150.6976522
   12779    8.000    1.600   20.000     -150.6975834
   12780    8.000    1.600   30.000     -150.6974835
   12781    8.000    1.600   40.000     -150.6973703
   12782    8.000    1.600   50.000     -150.6972598
   12783    8.000    1.600   60.000     -150.6971670
   12784    8.000    1.600   70.000     -150.6970965
   12785    8.000    1.600   80.000     -150.6970517
   12786    8.000    1.600   90.000     -150.6970133
   12787    8.000    1.600  110.000     -150.6969840
   12788    8.000    1.600  130.000     -150.6969668
   12789    8.000    1.600  140.000     -150.6969594
   12790    8.000    1.600  150.000     -150.6969527
   12791    8.000    1.600  160.000     -150.6969475
   12792    8.000    1.600  170.000     -150.6969444
   12793    8.000    1.600  179.990     -150.6969433
       0    0.000    0.000    0.000        0.0000000
   12794    8.000    1.700    0.010     -150.7107831
   12795    8.000    1.700   10.000     -150.7107531
   12796    8.000    1.700   20.000     -150.7106757
   12797    8.000    1.700   30.000     -150.7105624
   12798    8.000    1.700   40.000     -150.7104367
   12799    8.000    1.700   50.000     -150.7103163
   12800    8.000    1.700   60.000     -150.7102143
   12801    8.000    1.700   70.000     -150.7101384
   12802    8.000    1.700   80.000     -150.7100891
   12803    8.000    1.700   90.000     -150.7100500
   12804    8.000    1.700  110.000     -150.7100185
   12805    8.000    1.700  130.000     -150.7099994
   12806    8.000    1.700  140.000     -150.7099914
   12807    8.000    1.700  150.000     -150.7099840
   12808    8.000    1.700  160.000     -150.7099781
   12809    8.000    1.700  170.000     -150.7099744
   12810    8.000    1.700  179.990     -150.7099730
       0    0.000    0.000    0.000        0.0000000
   12811    8.000    1.800    0.010     -150.7157069
   12812    8.000    1.800   10.000     -150.7156749
   12813    8.000    1.800   20.000     -150.7155866
   12814    8.000    1.800   30.000     -150.7154604
   12815    8.000    1.800   40.000     -150.7153213
   12816    8.000    1.800   50.000     -150.7151891
   12817    8.000    1.800   60.000     -150.7150787
   12818    8.000    1.800   70.000     -150.7149991
   12819    8.000    1.800   80.000     -150.7149424
   12820    8.000    1.800   90.000     -150.7149041
   12821    8.000    1.800  110.000     -150.7148726
   12822    8.000    1.800  130.000     -150.7148459
   12823    8.000    1.800  140.000     -150.7148387
   12824    8.000    1.800  150.000     -150.7148323
   12825    8.000    1.800  160.000     -150.7148258
   12826    8.000    1.800  170.000     -150.7148219
   12827    8.000    1.800  179.990     -150.7148200
       0    0.000    0.000    0.000        0.0000000
   12828    8.000    1.850    0.010     -150.7159011
   12829    8.000    1.850   10.000     -150.7158684
   12830    8.000    1.850   20.000     -150.7157739
   12831    8.000    1.850   30.000     -150.7156413
   12832    8.000    1.850   40.000     -150.7154955
   12833    8.000    1.850   50.000     -150.7153571
   12834    8.000    1.850   60.000     -150.7152421
   12835    8.000    1.850   70.000     -150.7151600
   12836    8.000    1.850   80.000     -150.7150985
   12837    8.000    1.850   90.000     -150.7150627
   12838    8.000    1.850  110.000     -150.7150280
   12839    8.000    1.850  130.000     -150.7150060
   12840    8.000    1.850  140.000     -150.7149967
   12841    8.000    1.850  150.000     -150.7149883
   12842    8.000    1.850  160.000     -150.7149817
   12843    8.000    1.850  170.000     -150.7149775
   12844    8.000    1.850  179.990     -150.7149755
       0    0.000    0.000    0.000        0.0000000
   12845    8.000    1.900    0.010     -150.7149171
   12846    8.000    1.900   10.000     -150.7148810
   12847    8.000    1.900   20.000     -150.7147798
   12848    8.000    1.900   30.000     -150.7146375
   12849    8.000    1.900   40.000     -150.7144884
   12850    8.000    1.900   50.000     -150.7143440
   12851    8.000    1.900   60.000     -150.7142242
   12852    8.000    1.900   70.000     -150.7141395
   12853    8.000    1.900   80.000     -150.7140829
   12854    8.000    1.900   90.000     -150.7140397
   12855    8.000    1.900  110.000     -150.7140059
   12856    8.000    1.900  130.000     -150.7139817
   12857    8.000    1.900  140.000     -150.7139720
   12858    8.000    1.900  150.000     -150.7139634
   12859    8.000    1.900  160.000     -150.7139566
   12860    8.000    1.900  170.000     -150.7139524
   12861    8.000    1.900  179.990     -150.7139500
       0    0.000    0.000    0.000        0.0000000
   12862    8.000    2.000    0.010     -150.7101945
   12863    8.000    2.000   10.000     -150.7101522
   12864    8.000    2.000   20.000     -150.7100376
   12865    8.000    2.000   30.000     -150.7098757
   12866    8.000    2.000   40.000     -150.7097016
   12867    8.000    2.000   50.000     -150.7095517
   12868    8.000    2.000   60.000     -150.7094228
   12869    8.000    2.000   70.000     -150.7093332
   12870    8.000    2.000   80.000     -150.7092737
   12871    8.000    2.000   90.000     -150.7092378
   12872    8.000    2.000  110.000     -150.7091931
   12873    8.000    2.000  130.000     -150.7091681
   12874    8.000    2.000  140.000     -150.7091575
   12875    8.000    2.000  150.000     -150.7091484
   12876    8.000    2.000  160.000     -150.7091414
   12877    8.000    2.000  170.000     -150.7091371
   12878    8.000    2.000  179.990     -150.7091341
       0    0.000    0.000    0.000        0.0000000
   12879    8.000    2.100    0.010     -150.7028163
   12880    8.000    2.100   10.000     -150.7027677
   12881    8.000    2.100   20.000     -150.7026367
   12882    8.000    2.100   30.000     -150.7024590
   12883    8.000    2.100   40.000     -150.7022673
   12884    8.000    2.100   50.000     -150.7020929
   12885    8.000    2.100   60.000     -150.7019574
   12886    8.000    2.100   70.000     -150.7018661
   12887    8.000    2.100   80.000     -150.7018036
   12888    8.000    2.100   90.000     -150.7017621
   12889    8.000    2.100  110.000     -150.7017214
   12890    8.000    2.100  130.000     -150.7016953
   12891    8.000    2.100  140.000     -150.7016839
   12892    8.000    2.100  150.000     -150.7016741
   12893    8.000    2.100  160.000     -150.7016669
   12894    8.000    2.100  170.000     -150.7016626
   12895    8.000    2.100  179.990     -150.7016590
       0    0.000    0.000    0.000        0.0000000
   12896    8.000    2.300    0.010     -150.6835970
   12897    8.000    2.300   10.000     -150.6835358
   12898    8.000    2.300   20.000     -150.6833714
   12899    8.000    2.300   30.000     -150.6831489
   12900    8.000    2.300   40.000     -150.6829217
   12901    8.000    2.300   50.000     -150.6827225
   12902    8.000    2.300   60.000     -150.6825687
   12903    8.000    2.300   70.000     -150.6824646
   12904    8.000    2.300   80.000     -150.6823979
   12905    8.000    2.300   90.000     -150.6823563
   12906    8.000    2.300  110.000     -150.6823118
   12907    8.000    2.300  130.000     -150.6822816
   12908    8.000    2.300  140.000     -150.6822683
   12909    8.000    2.300  150.000     -150.6822572
   12910    8.000    2.300  160.000     -150.6822491
   12911    8.000    2.300  170.000     -150.6822445
   12912    8.000    2.300  179.990     -150.6822387
       0    0.000    0.000    0.000        0.0000000
   12913    8.000    2.500    0.010     -150.6621230
   12914    8.000    2.500   10.000     -150.6620458
   12915    8.000    2.500   20.000     -150.6618414
   12916    8.000    2.500   30.000     -150.6615746
   12917    8.000    2.500   40.000     -150.6613076
   12918    8.000    2.500   50.000     -150.6610841
   12919    8.000    2.500   60.000     -150.6609149
   12920    8.000    2.500   70.000     -150.6608039
   12921    8.000    2.500   80.000     -150.6607302
   12922    8.000    2.500   90.000     -150.6606934
   12923    8.000    2.500  100.000     -150.6606664
   12924    8.000    2.500  110.000     -150.6606386
   12925    8.000    2.500  120.000     -150.6606290
   12926    8.000    2.500  130.000     -150.6606124
   12927    8.000    2.500  140.000     -150.6605970
   12928    8.000    2.500  150.000     -150.6605840
   12929    8.000    2.500  160.000     -150.6605742
   12930    8.000    2.500  170.000     -150.6605683
   12931    8.000    2.500  179.990     -150.6605645
       0    0.000    0.000    0.000        0.0000000
   12932    8.000    2.700    0.010     -150.6409583
   12933    8.000    2.700   20.000     -150.6406227
   12934    8.000    2.700   30.000     -150.6403148
   12935    8.000    2.700   40.000     -150.6400154
   12936    8.000    2.700   50.000     -150.6397701
   12937    8.000    2.700   60.000     -150.6395905
   12938    8.000    2.700   70.000     -150.6394761
   12939    8.000    2.700   80.000     -150.6394097
   12940    8.000    2.700   90.000     -150.6393679
   12941    8.000    2.700  100.000     -150.6393405
   12942    8.000    2.700  120.000     -150.6393003
   12943    8.000    2.700  130.000     -150.6392820
   12944    8.000    2.700  140.000     -150.6392648
   12945    8.000    2.700  150.000     -150.6392496
   12946    8.000    2.700  160.000     -150.6392375
   12947    8.000    2.700  170.000     -150.6392297
   12948    8.000    2.700  179.990     -150.6392181
       0    0.000    0.000    0.000        0.0000000
   12949    8.000    2.850    0.010     -150.6261419
   12950    8.000    2.850   10.000     -150.6260375
   12951    8.000    2.850   20.000     -150.6257709
   12952    8.000    2.850   30.000     -150.6254408
   12953    8.000    2.850   40.000     -150.6251253
   12954    8.000    2.850   50.000     -150.6248700
   12955    8.000    2.850   60.000     -150.6246862
   12956    8.000    2.850   70.000     -150.6245715
   12957    8.000    2.850   80.000     -150.6245104
   12958    8.000    2.850   90.000     -150.6244685
   12959    8.000    2.850  100.000     -150.6244410
   12960    8.000    2.850  120.000     -150.6243994
   12961    8.000    2.850  130.000     -150.6243800
   12962    8.000    2.850  140.000     -150.6243619
   12963    8.000    2.850  150.000     -150.6243449
   12964    8.000    2.850  160.000     -150.6243311
   12965    8.000    2.850  170.000     -150.6243219
   12966    8.000    2.850  179.990     -150.6243070
       0    0.000    0.000    0.000        0.0000000
   12967    8.000    3.000    0.010     -150.6126078
   12968    8.000    3.000   10.000     -150.6124957
   12969    8.000    3.000   20.000     -150.6122172
   12970    8.000    3.000   30.000     -150.6118761
   12971    8.000    3.000   40.000     -150.6115529
   12972    8.000    3.000   50.000     -150.6112960
   12973    8.000    3.000   60.000     -150.6111124
   12974    8.000    3.000   70.000     -150.6110117
   12975    8.000    3.000   80.000     -150.6109449
   12976    8.000    3.000   90.000     -150.6109050
   12977    8.000    3.000  100.000     -150.6108777
   12978    8.000    3.000  120.000     -150.6108347
   12979    8.000    3.000  130.000     -150.6108153
   12980    8.000    3.000  140.000     -150.6107961
   12981    8.000    3.000  150.000     -150.6107778
   12982    8.000    3.000  160.000     -150.6107624
   12983    8.000    3.000  170.000     -150.6107517
       0    0.000    0.000    0.000        0.0000000
   12984    8.000    3.100    0.010     -150.6043892
   12985    8.000    3.100   10.000     -150.6042766
   12986    8.000    3.100   20.000     -150.6039991
   12987    8.000    3.100   30.000     -150.6036626
   12988    8.000    3.100   40.000     -150.6033425
   12989    8.000    3.100   50.000     -150.6030877
   12990    8.000    3.100   60.000     -150.6029065
   12991    8.000    3.100   70.000     -150.6028124
   12992    8.000    3.100   80.000     -150.6027486
   12993    8.000    3.100   90.000     -150.6027088
   12994    8.000    3.100  100.000     -150.6026818
   12995    8.000    3.100  120.000     -150.6026385
   12996    8.000    3.100  130.000     -150.6026193
   12997    8.000    3.100  140.000     -150.6025984
   12998    8.000    3.100  150.000     -150.6025803
   12999    8.000    3.100  160.000     -150.6025635
   13000    8.000    3.100  170.000     -150.6025521
   13001    8.000    3.100  179.990     -150.6025349
       0    0.000    0.000    0.000        0.0000000
   13002    8.000    3.200    0.010     -150.5968449
   13003    8.000    3.200   10.000     -150.5967365
   13004    8.000    3.200   20.000     -150.5964706
   13005    8.000    3.200   30.000     -150.5961502
   13006    8.000    3.200   40.000     -150.5958414
   13007    8.000    3.200   50.000     -150.5955918
   13008    8.000    3.200   60.000     -150.5954173
   13009    8.000    3.200   70.000     -150.5953284
   13010    8.000    3.200   80.000     -150.5952674
   13011    8.000    3.200   90.000     -150.5952289
   13012    8.000    3.200  100.000     -150.5952025
   13013    8.000    3.200  120.000     -150.5951590
   13014    8.000    3.200  140.000     -150.5951177
   13015    8.000    3.200  150.000     -150.5951003
   13016    8.000    3.200  160.000     -150.5950825
   13017    8.000    3.200  170.000     -150.5950698
   13018    8.000    3.200  179.990     -150.5950522
       0    0.000    0.000    0.000        0.0000000
   13019    8.000    3.300    0.010     -150.5872956
   13020    8.000    3.300   10.000     -150.5874151
   13021    8.000    3.300   20.000     -150.5877022
   13022    8.000    3.300   30.000     -150.5879772
   13023    8.000    3.300   40.000     -150.5881322
   13024    8.000    3.300   50.000     -150.5882055
   13025    8.000    3.300   60.000     -150.5882347
   13026    8.000    3.300   70.000     -150.5882480
   13027    8.000    3.300   80.000     -150.5882570
   13028    8.000    3.300   90.000     -150.5882645
   13029    8.000    3.300  100.000     -150.5882705
   13030    8.000    3.300  110.000     -150.5882752
   13031    8.000    3.300  120.000     -150.5882792
   13032    8.000    3.300  130.000     -150.5882832
   13033    8.000    3.300  140.000     -150.5882871
   13034    8.000    3.300  150.000     -150.5882909
   13035    8.000    3.300  160.000     -150.5882944
   13036    8.000    3.300  170.000     -150.5882969
   13037    8.000    3.300  179.990     -150.5882980
       0    0.000    0.000    0.000        0.0000000
   13038    8.000    3.400    0.010     -150.5810311
   13039    8.000    3.400   10.000     -150.5811953
   13040    8.000    3.400   20.000     -150.5815685
   13041    8.000    3.400   30.000     -150.5819426
   13042    8.000    3.400   40.000     -150.5821089
   13043    8.000    3.400   50.000     -150.5821913
   13044    8.000    3.400   60.000     -150.5822194
   13045    8.000    3.400   70.000     -150.5822297
   13046    8.000    3.400   80.000     -150.5822357
   13047    8.000    3.400   90.000     -150.5822407
   13048    8.000    3.400  100.000     -150.5822446
   13049    8.000    3.400  110.000     -150.5822477
   13050    8.000    3.400  120.000     -150.5822505
   13051    8.000    3.400  130.000     -150.5822535
   13052    8.000    3.400  140.000     -150.5822566
   13053    8.000    3.400  150.000     -150.5822597
   13054    8.000    3.400  160.000     -150.5822627
   13055    8.000    3.400  170.000     -150.5822651
   13056    8.000    3.400  179.990     -150.5822660
       0    0.000    0.000    0.000        0.0000000
   13057    8.000    3.500    0.010     -150.5754183
   13058    8.000    3.500   10.000     -150.5756286
   13059    8.000    3.500   20.000     -150.5761068
   13060    8.000    3.500   30.000     -150.5765471
   13061    8.000    3.500   40.000     -150.5767828
   13062    8.000    3.500   50.000     -150.5768760
   13063    8.000    3.500   60.000     -150.5769032
   13064    8.000    3.500   70.000     -150.5769105
   13065    8.000    3.500   80.000     -150.5769138
   13066    8.000    3.500   90.000     -150.5769164
   13067    8.000    3.500  100.000     -150.5769184
   13068    8.000    3.500  110.000     -150.5769201
   13069    8.000    3.500  120.000     -150.5769220
   13070    8.000    3.500  130.000     -150.5769237
   13071    8.000    3.500  140.000     -150.5769257
   13072    8.000    3.500  150.000     -150.5769288
   13073    8.000    3.500  160.000     -150.5769310
   13074    8.000    3.500  170.000     -150.5769332
   13075    8.000    3.500  179.990     -150.5769341
       0    0.000    0.000    0.000        0.0000000
   13076    8.000    3.600    0.010     -150.5704251
   13077    8.000    3.600   10.000     -150.5706837
   13078    8.000    3.600   20.000     -150.5712811
   13079    8.000    3.600   30.000     -150.5718299
   13080    8.000    3.600   40.000     -150.5721181
   13081    8.000    3.600   50.000     -150.5722241
   13082    8.000    3.600   60.000     -150.5722507
   13083    8.000    3.600   70.000     -150.5722550
   13084    8.000    3.600   80.000     -150.5722555
   13085    8.000    3.600   90.000     -150.5722560
   13086    8.000    3.600  100.000     -150.5722564
   13087    8.000    3.600  110.000     -150.5722568
   13088    8.000    3.600  120.000     -150.5722576
   13089    8.000    3.600  130.000     -150.5722589
   13090    8.000    3.600  140.000     -150.5722602
   13091    8.000    3.600  150.000     -150.5722627
   13092    8.000    3.600  160.000     -150.5722649
   13093    8.000    3.600  170.000     -150.5722667
   13094    8.000    3.600  179.990     -150.5722671
       0    0.000    0.000    0.000        0.0000000
   13095    8.000    3.800    0.010     -150.5623203
   13096    8.000    3.800   10.000     -150.5625728
   13097    8.000    3.800   20.000     -150.5633595
   13098    8.000    3.800   30.000     -150.5641636
   13099    8.000    3.800   40.000     -150.5645874
   13100    8.000    3.800   50.000     -150.5647189
   13101    8.000    3.800   60.000     -150.5647448
   13102    8.000    3.800   70.000     -150.5647437
   13103    8.000    3.800   80.000     -150.5647394
   13104    8.000    3.800   90.000     -150.5647206
   13105    8.000    3.800  100.000     -150.5647338
   13106    8.000    3.800  110.000     -150.5647322
   13107    8.000    3.800  120.000     -150.5647315
   13108    8.000    3.800  130.000     -150.5647315
   13109    8.000    3.800  140.000     -150.5647321
   13110    8.000    3.800  150.000     -150.5647334
   13111    8.000    3.800  160.000     -150.5647350
   13112    8.000    3.800  170.000     -150.5647363
   13113    8.000    3.800  179.990     -150.5647368
       0    0.000    0.000    0.000        0.0000000
   13114    8.000    4.000    0.010     -150.5583841
   13115    8.000    4.000   10.000     -150.5574626
   13116    8.000    4.000   20.000     -150.5575019
   13117    8.000    4.000   30.000     -150.5584915
   13118    8.000    4.000   40.000     -150.5590763
   13119    8.000    4.000   50.000     -150.5592357
   13120    8.000    4.000   60.000     -150.5592621
   13121    8.000    4.000   70.000     -150.5592564
   13122    8.000    4.000   80.000     -150.5592482
   13123    8.000    4.000   90.000     -150.5592422
   13124    8.000    4.000  100.000     -150.5592378
   13125    8.000    4.000  110.000     -150.5592349
   13126    8.000    4.000  120.000     -150.5592331
   13127    8.000    4.000  130.000     -150.5592322
   13128    8.000    4.000  140.000     -150.5592321
   13129    8.000    4.000  150.000     -150.5592327
   13130    8.000    4.000  160.000     -150.5592337
   13131    8.000    4.000  170.000     -150.5592347
   13132    8.000    4.000  179.990     -150.5592351
       0    0.000    0.000    0.000        0.0000000
   13133    8.000    4.500   30.000     -150.5506583
   13134    8.000    4.500   40.000     -150.5512152
   13135    8.000    4.500   50.000     -150.5514833
   13136    8.000    4.500   60.000     -150.5515117
   13137    8.000    4.500   80.000     -150.5514835
   13138    8.000    4.500   90.000     -150.5514697
   13139    8.000    4.500  100.000     -150.5514627
   13140    8.000    4.500  110.000     -150.5514582
   13141    8.000    4.500  120.000     -150.5514552
   13142    8.000    4.500  130.000     -150.5514533
   13143    8.000    4.500  140.000     -150.5514523
   13144    8.000    4.500  150.000     -150.5514522
   13145    8.000    4.500  160.000     -150.5514526
   13146    8.000    4.500  170.000     -150.5514532
   13147    8.000    4.500  179.990     -150.5514537
       0    0.000    0.000    0.000        0.0000000
   13148    8.000    5.000    0.010     -150.6126078
   13149    8.000    5.000   10.000     -150.5969225
   13150    8.000    5.000   20.000     -150.5668299
   13151    8.000    5.000   30.000     -150.5517330
   13152    8.000    5.000   40.000     -150.5480305
   13153    8.000    5.000   50.000     -150.5482548
   13154    8.000    5.000   60.000     -150.5482807
   13155    8.000    5.000   70.000     -150.5482613
   13156    8.000    5.000   80.000     -150.5482445
   13157    8.000    5.000   90.000     -150.5482321
   13158    8.000    5.000  100.000     -150.5482252
   13159    8.000    5.000  110.000     -150.5482209
   13160    8.000    5.000  120.000     -150.5482179
   13161    8.000    5.000  130.000     -150.5482158
   13162    8.000    5.000  140.000     -150.5482146
   13163    8.000    5.000  150.000     -150.5482141
   13164    8.000    5.000  160.000     -150.5482141
   13165    8.000    5.000  170.000     -150.5482144
   13166    8.000    5.000  179.990     -150.5482145
       0    0.000    0.000    0.000        0.0000000
   13167    8.000    6.000    0.010     -150.7087052
   13168    8.000    6.000   10.000     -150.6793840
   13169    8.000    6.000   20.000     -150.6009851
   13170    8.000    6.000   30.000     -150.5569898
   13171    8.000    6.000   40.000     -150.5476123
   13172    8.000    6.000   50.000     -150.5463125
   13173    8.000    6.000   60.000     -150.5462842
   13174    8.000    6.000   70.000     -150.5462594
   13175    8.000    6.000   80.000     -150.5462423
   13176    8.000    6.000   90.000     -150.5462325
   13177    8.000    6.000  179.990     -150.5464114
       0    0.000    0.000    0.000        0.0000000
   13178    8.000    7.000    0.010     -150.3091427
   13179    8.000    7.000   10.000     -150.7045480
   13180    8.000    7.000   15.000     -150.6933733
   13181    8.000    7.000   20.000     -150.6310391
   13182    8.000    7.000   30.000     -150.5592473
   13183    8.000    7.000   40.000     -150.5475387
   13184    8.000    7.000   50.000     -150.5460025
   13185    8.000    7.000   60.000     -150.5458538
   13186    8.000    7.000   70.000     -150.5458302
   13187    8.000    7.000   80.000     -150.5458155
   13188    8.000    7.000   90.000     -150.5458080
   13189    8.000    7.000  179.990     -150.5459906
       0    0.000    0.000    0.000        0.0000000
   13190    8.000    8.000    0.010        0.0000000
   13191    8.000    8.000    6.000     -150.2910776
   13192    8.000    8.000   10.000     -150.6277632
   13193    8.000    8.000   15.000     -150.7027589
   13194    8.000    8.000   20.000     -150.6314752
   13195    8.000    8.000   30.000     -150.5563343
   13196    8.000    8.000   40.000     -150.5468850
   13197    8.000    8.000   50.000     -150.5459196
   13198    8.000    8.000   60.000     -150.5456138
   13199    8.000    8.000   70.000     -150.5456932
   13200    8.000    8.000   80.000     -150.5457112
   13201    8.000    8.000   90.000     -150.5457058
   13202    8.000    8.000  179.990     -150.5458743
       0    0.000    0.000    0.000        0.0000000
   13203    8.000   10.000   10.000     -150.6566970
   13204    8.000   10.000   20.000     -150.5684205
   13205    8.000   10.000   30.000     -150.5480538
   13206    8.000   10.000   40.000     -150.5459821
   13207    8.000   10.000   50.000     -150.5457205
   13208    8.000   10.000   60.000     -150.5456692
   13209    8.000   10.000   70.000     -150.5456718
   13210    8.000   10.000   80.000     -150.5456650
   13211    8.000   10.000   90.000     -150.5456646
   13212    8.000   10.000  179.990     -150.5462379
       0    0.000    0.000    0.000        0.0000000
   13213    8.000   12.000   10.000     -150.5531210
   13214    8.000   12.000   20.000     -150.5473672
   13215    8.000   12.000   30.000     -150.5459943
   13216    8.000   12.000   40.000     -150.5457162
   13217    8.000   12.000   50.000     -150.5456728
   13218    8.000   12.000   60.000     -150.5456614
   13219    8.000   12.000   70.000     -150.5456321
   13220    8.000   12.000   80.000     -150.5456546
   13221    8.000   12.000   90.000     -150.5456442
   13222    8.000   12.000  179.990     -150.5458233
       0    0.000    0.000    0.000        0.0000000
   13223    8.000   15.000   80.000     -150.5456497
   13224    8.000   15.000   90.000     -150.5456457
   13225    8.000   15.000  179.990     -150.5458211
       0    0.000    0.000    0.000        0.0000000
   13226    9.000    1.200    0.010     -150.4674912
   13227    9.000    1.200   10.000     -150.4674819
   13228    9.000    1.200   20.000     -150.4674596
   13229    9.000    1.200   30.000     -150.4674269
   13230    9.000    1.200   40.000     -150.4673874
   13231    9.000    1.200   50.000     -150.4673478
   13232    9.000    1.200   60.000     -150.4673117
   13233    9.000    1.200   70.000     -150.4672810
   13234    9.000    1.200  110.000     -150.4672299
   13235    9.000    1.200  120.000     -150.4672244
   13236    9.000    1.200  130.000     -150.4672238
   13237    9.000    1.200  140.000     -150.4672216
   13238    9.000    1.200  150.000     -150.4672196
   13239    9.000    1.200  160.000     -150.4672182
   13240    9.000    1.200  170.000     -150.4672174
   13241    9.000    1.200  179.990     -150.4672175
       0    0.000    0.000    0.000        0.0000000
   13242    9.000    1.400    0.010     -150.6312005
   13243    9.000    1.400   10.000     -150.6311890
   13244    9.000    1.400   20.000     -150.6311611
   13245    9.000    1.400   30.000     -150.6311197
   13246    9.000    1.400   40.000     -150.6310717
   13247    9.000    1.400   50.000     -150.6310255
   13248    9.000    1.400   60.000     -150.6309829
   13249    9.000    1.400   70.000     -150.6309483
   13250    9.000    1.400   80.000     -150.6309235
   13251    9.000    1.400   90.000     -150.6309069
   13252    9.000    1.400  110.000     -150.6308882
   13253    9.000    1.400  120.000     -150.6308824
   13254    9.000    1.400  130.000     -150.6308816
   13255    9.000    1.400  140.000     -150.6308789
   13256    9.000    1.400  150.000     -150.6308765
   13257    9.000    1.400  160.000     -150.6308747
   13258    9.000    1.400  170.000     -150.6308737
   13259    9.000    1.400  179.990     -150.6308735
       0    0.000    0.000    0.000        0.0000000
   13260    9.000    1.600    0.010     -150.6972454
   13261    9.000    1.600   10.000     -150.6972314
   13262    9.000    1.600   20.000     -150.6971963
   13263    9.000    1.600   30.000     -150.6971451
   13264    9.000    1.600   40.000     -150.6970871
   13265    9.000    1.600   50.000     -150.6970294
   13266    9.000    1.600   60.000     -150.6969782
   13267    9.000    1.600   70.000     -150.6969399
   13268    9.000    1.600   80.000     -150.6969080
   13269    9.000    1.600   90.000     -150.6968895
   13270    9.000    1.600  110.000     -150.6968717
   13271    9.000    1.600  120.000     -150.6968658
   13272    9.000    1.600  130.000     -150.6968635
   13273    9.000    1.600  140.000     -150.6968598
   13274    9.000    1.600  150.000     -150.6968563
   13275    9.000    1.600  160.000     -150.6968534
   13276    9.000    1.600  170.000     -150.6968515
   13277    9.000    1.600  179.990     -150.6968508
       0    0.000    0.000    0.000        0.0000000
   13278    9.000    1.700    0.010     -150.7103138
   13279    9.000    1.700   10.000     -150.7102983
   13280    9.000    1.700   20.000     -150.7102586
   13281    9.000    1.700   30.000     -150.7102013
   13282    9.000    1.700   40.000     -150.7101368
   13283    9.000    1.700   50.000     -150.7100733
   13284    9.000    1.700   60.000     -150.7100195
   13285    9.000    1.700   70.000     -150.7099745
   13286    9.000    1.700   80.000     -150.7099435
   13287    9.000    1.700   90.000     -150.7099231
   13288    9.000    1.700  110.000     -150.7099047
   13289    9.000    1.700  120.000     -150.7098986
   13290    9.000    1.700  130.000     -150.7098954
   13291    9.000    1.700  140.000     -150.7098912
   13292    9.000    1.700  150.000     -150.7098872
   13293    9.000    1.700  160.000     -150.7098839
   13294    9.000    1.700  170.000     -150.7098817
   13295    9.000    1.700  179.990     -150.7098806
       0    0.000    0.000    0.000        0.0000000
   13296    9.000    1.800    0.010     -150.7152022
   13297    9.000    1.800   10.000     -150.7151859
   13298    9.000    1.800   20.000     -150.7151410
   13299    9.000    1.800   30.000     -150.7150758
   13300    9.000    1.800   40.000     -150.7150043
   13301    9.000    1.800   50.000     -150.7149355
   13302    9.000    1.800   60.000     -150.7148766
   13303    9.000    1.800   70.000     -150.7148314
   13304    9.000    1.800   80.000     -150.7147995
   13305    9.000    1.800   90.000     -150.7147791
   13306    9.000    1.800  100.000     -150.7147626
   13307    9.000    1.800  110.000     -150.7147568
   13308    9.000    1.800  120.000     -150.7147485
   13309    9.000    1.800  130.000     -150.7147443
   13310    9.000    1.800  140.000     -150.7147398
   13311    9.000    1.800  150.000     -150.7147354
   13312    9.000    1.800  160.000     -150.7147317
   13313    9.000    1.800  170.000     -150.7147294
   13314    9.000    1.800  179.990     -150.7147279
       0    0.000    0.000    0.000        0.0000000
   13315    9.000    1.850    0.010     -150.7153792
   13316    9.000    1.850   10.000     -150.7153619
   13317    9.000    1.850   20.000     -150.7153142
   13318    9.000    1.850   30.000     -150.7152458
   13319    9.000    1.850   40.000     -150.7151702
   13320    9.000    1.850   50.000     -150.7150984
   13321    9.000    1.850   60.000     -150.7150371
   13322    9.000    1.850   70.000     -150.7149904
   13323    9.000    1.850   80.000     -150.7149577
   13324    9.000    1.850   90.000     -150.7149367
   13325    9.000    1.850  100.000     -150.7149200
   13326    9.000    1.850  110.000     -150.7149138
   13327    9.000    1.850  120.000     -150.7149054
   13328    9.000    1.850  130.000     -150.7149009
   13329    9.000    1.850  140.000     -150.7148961
   13330    9.000    1.850  150.000     -150.7148915
   13331    9.000    1.850  160.000     -150.7148877
   13332    9.000    1.850  170.000     -150.7148853
   13333    9.000    1.850  179.990     -150.7148836
       0    0.000    0.000    0.000        0.0000000
   13334    9.000    1.900    0.010     -150.7143754
   13335    9.000    1.900   10.000     -150.7143570
   13336    9.000    1.900   20.000     -150.7143066
   13337    9.000    1.900   30.000     -150.7142352
   13338    9.000    1.900   40.000     -150.7141549
   13339    9.000    1.900   50.000     -150.7140800
   13340    9.000    1.900   60.000     -150.7140164
   13341    9.000    1.900   70.000     -150.7139684
   13342    9.000    1.900   80.000     -150.7139348
   13343    9.000    1.900   90.000     -150.7139133
   13344    9.000    1.900  100.000     -150.7138964
   13345    9.000    1.900  110.000     -150.7138881
   13346    9.000    1.900  120.000     -150.7138812
   13347    9.000    1.900  130.000     -150.7138764
   13348    9.000    1.900  140.000     -150.7138714
   13349    9.000    1.900  150.000     -150.7138666
   13350    9.000    1.900  160.000     -150.7138627
   13351    9.000    1.900  170.000     -150.7138602
   13352    9.000    1.900  179.990     -150.7138582
       0    0.000    0.000    0.000        0.0000000
   13353    9.000    2.000    0.010     -150.7096061
   13354    9.000    2.000   10.000     -150.7095854
   13355    9.000    2.000   20.000     -150.7095272
   13356    9.000    2.000   30.000     -150.7094460
   13357    9.000    2.000   40.000     -150.7093596
   13358    9.000    2.000   50.000     -150.7092782
   13359    9.000    2.000   60.000     -150.7092098
   13360    9.000    2.000   70.000     -150.7091590
   13361    9.000    2.000   80.000     -150.7091207
   13362    9.000    2.000   90.000     -150.7090977
   13363    9.000    2.000  100.000     -150.7090842
   13364    9.000    2.000  110.000     -150.7090765
   13365    9.000    2.000  120.000     -150.7090682
   13366    9.000    2.000  130.000     -150.7090623
   13367    9.000    2.000  140.000     -150.7090570
   13368    9.000    2.000  150.000     -150.7090518
   13369    9.000    2.000  160.000     -150.7090477
   13370    9.000    2.000  170.000     -150.7090452
   13371    9.000    2.000  179.990     -150.7090426
       0    0.000    0.000    0.000        0.0000000
   13372    9.000    2.100    0.010     -150.7021764
   13373    9.000    2.100   10.000     -150.7021535
   13374    9.000    2.100   20.000     -150.7020882
   13375    9.000    2.100   30.000     -150.7020023
   13376    9.000    2.100   40.000     -150.7019061
   13377    9.000    2.100   50.000     -150.7018176
   13378    9.000    2.100   60.000     -150.7017437
   13379    9.000    2.100   70.000     -150.7016897
   13380    9.000    2.100   80.000     -150.7016511
   13381    9.000    2.100   90.000     -150.7016273
   13382    9.000    2.100  100.000     -150.7016149
   13383    9.000    2.100  110.000     -150.7016036
   13384    9.000    2.100  120.000     -150.7015962
   13385    9.000    2.100  130.000     -150.7015896
   13386    9.000    2.100  140.000     -150.7015835
   13387    9.000    2.100  150.000     -150.7015781
   13388    9.000    2.100  160.000     -150.7015739
   13389    9.000    2.100  170.000     -150.7015713
   13390    9.000    2.100  179.990     -150.7015679
       0    0.000    0.000    0.000        0.0000000
   13391    9.000    2.300    0.010     -150.6828643
   13392    9.000    2.300   10.000     -150.6828306
   13393    9.000    2.300   20.000     -150.6827472
   13394    9.000    2.300   30.000     -150.6826372
   13395    9.000    2.300   40.000     -150.6825251
   13396    9.000    2.300   50.000     -150.6824263
   13397    9.000    2.300   60.000     -150.6823452
   13398    9.000    2.300   70.000     -150.6822858
   13399    9.000    2.300   80.000     -150.6822447
   13400    9.000    2.300   90.000     -150.6822204
   13401    9.000    2.300  100.000     -150.6822037
   13402    9.000    2.300  110.000     -150.6821933
   13403    9.000    2.300  130.000     -150.6821768
   13404    9.000    2.300  140.000     -150.6821694
   13405    9.000    2.300  150.000     -150.6821631
   13406    9.000    2.300  160.000     -150.6821584
   13407    9.000    2.300  170.000     -150.6821556
   13408    9.000    2.300  179.990     -150.6821499
       0    0.000    0.000    0.000        0.0000000
   13409    9.000    2.500    0.010     -150.6613046
   13410    9.000    2.500   10.000     -150.6612646
   13411    9.000    2.500   20.000     -150.6611623
   13412    9.000    2.500   30.000     -150.6610256
   13413    9.000    2.500   40.000     -150.6608894
   13414    9.000    2.500   50.000     -150.6607725
   13415    9.000    2.500   60.000     -150.6606831
   13416    9.000    2.500   70.000     -150.6606241
   13417    9.000    2.500   80.000     -150.6605824
   13418    9.000    2.500   90.000     -150.6605568
   13419    9.000    2.500  100.000     -150.6605400
   13420    9.000    2.500  110.000     -150.6605283
   13421    9.000    2.500  120.000     -150.6605185
   13422    9.000    2.500  130.000     -150.6605093
   13423    9.000    2.500  140.000     -150.6605007
   13424    9.000    2.500  150.000     -150.6604932
   13425    9.000    2.500  160.000     -150.6604876
   13426    9.000    2.500  170.000     -150.6604842
   13427    9.000    2.500  179.990     -150.6604753
       0    0.000    0.000    0.000        0.0000000
   13428    9.000    2.700    0.010     -150.6400726
   13429    9.000    2.700   10.000     -150.6400235
   13430    9.000    2.700   20.000     -150.6399022
   13431    9.000    2.700   30.000     -150.6397455
   13432    9.000    2.700   40.000     -150.6395909
   13433    9.000    2.700   50.000     -150.6394623
   13434    9.000    2.700   60.000     -150.6393657
   13435    9.000    2.700   70.000     -150.6392992
   13436    9.000    2.700   80.000     -150.6392567
   13437    9.000    2.700   90.000     -150.6392320
   13438    9.000    2.700  100.000     -150.6392151
   13439    9.000    2.700  110.000     -150.6392029
   13440    9.000    2.700  120.000     -150.6391921
   13441    9.000    2.700  130.000     -150.6391818
   13442    9.000    2.700  140.000     -150.6391721
   13443    9.000    2.700  150.000     -150.6391633
   13444    9.000    2.700  160.000     -150.6391564
   13445    9.000    2.700  170.000     -150.6391521
   13446    9.000    2.700  179.990     -150.6391506
       0    0.000    0.000    0.000        0.0000000
   13447    9.000    2.850    0.010     -150.6252317
   13448    9.000    2.850   10.000     -150.6251759
   13449    9.000    2.850   20.000     -150.6250427
   13450    9.000    2.850   30.000     -150.6248701
   13451    9.000    2.850   40.000     -150.6247020
   13452    9.000    2.850   50.000     -150.6245679
   13453    9.000    2.850   60.000     -150.6244673
   13454    9.000    2.850   70.000     -150.6243998
   13455    9.000    2.850   80.000     -150.6243590
   13456    9.000    2.850   90.000     -150.6243332
   13457    9.000    2.850  100.000     -150.6243178
   13458    9.000    2.850  110.000     -150.6243052
   13459    9.000    2.850  120.000     -150.6242938
   13460    9.000    2.850  130.000     -150.6242828
   13461    9.000    2.850  140.000     -150.6242722
   13462    9.000    2.850  150.000     -150.6242627
   13463    9.000    2.850  160.000     -150.6242549
   13464    9.000    2.850  170.000     -150.6242499
   13465    9.000    2.850  179.990     -150.6242459
       0    0.000    0.000    0.000        0.0000000
   13466    9.000    3.000    0.010     -150.6117105
   13467    9.000    3.000   10.000     -150.6116489
   13468    9.000    3.000   20.000     -150.6115065
   13469    9.000    3.000   30.000     -150.6113214
   13470    9.000    3.000   40.000     -150.6111442
   13471    9.000    3.000   50.000     -150.6110046
   13472    9.000    3.000   60.000     -150.6109024
   13473    9.000    3.000   70.000     -150.6108357
   13474    9.000    3.000   80.000     -150.6107970
   13475    9.000    3.000   90.000     -150.6107738
   13476    9.000    3.000  100.000     -150.6107574
   13477    9.000    3.000  110.000     -150.6107445
   13478    9.000    3.000  120.000     -150.6107336
   13479    9.000    3.000  130.000     -150.6107213
   13480    9.000    3.000  140.000     -150.6107085
   13481    9.000    3.000  150.000     -150.6106994
   13482    9.000    3.000  160.000     -150.6106911
   13483    9.000    3.000  170.000     -150.6106854
   13484    9.000    3.000  179.990     -150.6106826
       0    0.000    0.000    0.000        0.0000000
   13485    9.000    3.100    0.010     -150.6035311
   13486    9.000    3.100   10.000     -150.6034667
   13487    9.000    3.100   20.000     -150.6033200
   13488    9.000    3.100   30.000     -150.6031289
   13489    9.000    3.100   40.000     -150.6029474
   13490    9.000    3.100   50.000     -150.6028008
   13491    9.000    3.100   60.000     -150.6027043
   13492    9.000    3.100   70.000     -150.6026405
   13493    9.000    3.100   80.000     -150.6025979
   13494    9.000    3.100   90.000     -150.6025799
   13495    9.000    3.100  100.000     -150.6025638
   13496    9.000    3.100  110.000     -150.6025509
   13497    9.000    3.100  120.000     -150.6025387
   13498    9.000    3.100  130.000     -150.6025272
   13499    9.000    3.100  140.000     -150.6025156
   13500    9.000    3.100  150.000     -150.6025043
   13501    9.000    3.100  160.000     -150.6024956
   13502    9.000    3.100  170.000     -150.6024896
   13503    9.000    3.100  179.990     -150.6024846
       0    0.000    0.000    0.000        0.0000000
   13504    9.000    3.200    0.010     -150.5960568
   13505    9.000    3.200   10.000     -150.5959908
   13506    9.000    3.200   20.000     -150.5958420
   13507    9.000    3.200   30.000     -150.5956476
   13508    9.000    3.200   40.000     -150.5954637
   13509    9.000    3.200   50.000     -150.5953224
   13510    9.000    3.200   60.000     -150.5952215
   13511    9.000    3.200   70.000     -150.5951580
   13512    9.000    3.200   80.000     -150.5951184
   13513    9.000    3.200   90.000     -150.5950933
   13514    9.000    3.200  100.000     -150.5950869
   13515    9.000    3.200  110.000     -150.5950739
   13516    9.000    3.200  120.000     -150.5950617
   13517    9.000    3.200  130.000     -150.5950501
   13518    9.000    3.200  140.000     -150.5950383
   13519    9.000    3.200  150.000     -150.5950260
   13520    9.000    3.200  160.000     -150.5950175
   13521    9.000    3.200  170.000     -150.5950107
   13522    9.000    3.200  179.990     -150.5950057
       0    0.000    0.000    0.000        0.0000000
   13523    9.000    3.300    0.010     -150.5880263
   13524    9.000    3.300   10.000     -150.5880449
   13525    9.000    3.300   20.000     -150.5880876
   13526    9.000    3.300   30.000     -150.5881289
   13527    9.000    3.300   40.000     -150.5881588
   13528    9.000    3.300   50.000     -150.5881787
   13529    9.000    3.300   60.000     -150.5881925
   13530    9.000    3.300   70.000     -150.5882021
   13531    9.000    3.300   80.000     -150.5882098
   13532    9.000    3.300   90.000     -150.5882167
   13533    9.000    3.300  100.000     -150.5882225
   13534    9.000    3.300  110.000     -150.5882272
   13535    9.000    3.300  120.000     -150.5882313
   13536    9.000    3.300  130.000     -150.5882348
   13537    9.000    3.300  140.000     -150.5882379
   13538    9.000    3.300  150.000     -150.5882406
   13539    9.000    3.300  160.000     -150.5882428
   13540    9.000    3.300  170.000     -150.5882443
   13541    9.000    3.300  179.990     -150.5882449
       0    0.000    0.000    0.000        0.0000000
   13542    9.000    3.400    0.010     -150.5819712
   13543    9.000    3.400   10.000     -150.5820108
   13544    9.000    3.400   20.000     -150.5820656
   13545    9.000    3.400   30.000     -150.5821162
   13546    9.000    3.400   40.000     -150.5821470
   13547    9.000    3.400   50.000     -150.5821649
   13548    9.000    3.400   60.000     -150.5821762
   13549    9.000    3.400   70.000     -150.5821832
   13550    9.000    3.400   80.000     -150.5821889
   13551    9.000    3.400   90.000     -150.5821941
   13552    9.000    3.400  100.000     -150.5821986
   13553    9.000    3.400  110.000     -150.5822023
   13554    9.000    3.400  120.000     -150.5822054
   13555    9.000    3.400  130.000     -150.5822082
   13556    9.000    3.400  140.000     -150.5822107
   13557    9.000    3.400  150.000     -150.5822127
   13558    9.000    3.400  160.000     -150.5822149
   13559    9.000    3.400  170.000     -150.5822162
   13560    9.000    3.400  179.990     -150.5822167
       0    0.000    0.000    0.000        0.0000000
   13561    9.000    3.500    0.010     -150.5766334
   13562    9.000    3.500   10.000     -150.5766664
   13563    9.000    3.500   20.000     -150.5767391
   13564    9.000    3.500   30.000     -150.5768011
   13565    9.000    3.500   40.000     -150.5768349
   13566    9.000    3.500   50.000     -150.5768509
   13567    9.000    3.500   60.000     -150.5768593
   13568    9.000    3.500   70.000     -150.5768639
   13569    9.000    3.500   80.000     -150.5768676
   13570    9.000    3.500   90.000     -150.5768711
   13571    9.000    3.500  100.000     -150.5768743
   13572    9.000    3.500  110.000     -150.5768771
   13573    9.000    3.500  120.000     -150.5768795
   13574    9.000    3.500  130.000     -150.5768817
   13575    9.000    3.500  140.000     -150.5768837
   13576    9.000    3.500  150.000     -150.5768855
   13577    9.000    3.500  160.000     -150.5768871
   13578    9.000    3.500  170.000     -150.5768882
   13579    9.000    3.500  179.990     -150.5768886
       0    0.000    0.000    0.000        0.0000000
   13580    9.000    3.600    0.010     -150.5719694
   13581    9.000    3.600   10.000     -150.5720108
   13582    9.000    3.600   20.000     -150.5720712
   13583    9.000    3.600   30.000     -150.5721485
   13584    9.000    3.600   40.000     -150.5721865
   13585    9.000    3.600   50.000     -150.5722008
   13586    9.000    3.600   60.000     -150.5722064
   13587    9.000    3.600   70.000     -150.5722085
   13588    9.000    3.600   80.000     -150.5722102
   13589    9.000    3.600   90.000     -150.5722124
   13590    9.000    3.600  100.000     -150.5722144
   13591    9.000    3.600  110.000     -150.5722163
   13592    9.000    3.600  120.000     -150.5722180
   13593    9.000    3.600  130.000     -150.5722196
   13594    9.000    3.600  140.000     -150.5722211
   13595    9.000    3.600  150.000     -150.5722226
   13596    9.000    3.600  160.000     -150.5722239
   13597    9.000    3.600  170.000     -150.5722248
   13598    9.000    3.600  179.990     -150.5722252
       0    0.000    0.000    0.000        0.0000000
   13599    9.000    3.800    0.010     -150.5643135
   13600    9.000    3.800   10.000     -150.5643879
   13601    9.000    3.800   20.000     -150.5645109
   13602    9.000    3.800   30.000     -150.5646516
   13603    9.000    3.800   40.000     -150.5646938
   13604    9.000    3.800   50.000     -150.5646966
   13605    9.000    3.800   60.000     -150.5646975
   13606    9.000    3.800   70.000     -150.5646970
   13607    9.000    3.800   80.000     -150.5646961
   13608    9.000    3.800   90.000     -150.5646957
   13609    9.000    3.800  100.000     -150.5646959
   13610    9.000    3.800  110.000     -150.5646963
   13611    9.000    3.800  120.000     -150.5646969
   13612    9.000    3.800  130.000     -150.5646975
   13613    9.000    3.800  140.000     -150.5646982
   13614    9.000    3.800  150.000     -150.5646991
   13615    9.000    3.800  160.000     -150.5646998
   13616    9.000    3.800  170.000     -150.5647004
   13617    9.000    3.800  179.990     -150.5647006
       0    0.000    0.000    0.000        0.0000000
   13618    9.000    4.000    0.010     -150.5596884
   13619    9.000    4.000   10.000     -150.5597075
   13620    9.000    4.000   20.000     -150.5597128
   13621    9.000    4.000   30.000     -150.5596517
   13622    9.000    4.000   40.000     -150.5592116
   13623    9.000    4.000   50.000     -150.5592147
   13624    9.000    4.000   60.000     -150.5592148
   13625    9.000    4.000   70.000     -150.5592058
   13626    9.000    4.000   80.000     -150.5591977
   13627    9.000    4.000   90.000     -150.5592048
   13628    9.000    4.000  100.000     -150.5592036
   13629    9.000    4.000  110.000     -150.5592029
   13630    9.000    4.000  120.000     -150.5592026
   13631    9.000    4.000  130.000     -150.5592025
   13632    9.000    4.000  140.000     -150.5592027
   13633    9.000    4.000  150.000     -150.5592030
   13634    9.000    4.000  160.000     -150.5592034
   13635    9.000    4.000  170.000     -150.5592037
   13636    9.000    4.000  179.990     -150.5592038
       0    0.000    0.000    0.000        0.0000000
   13637    9.000    4.500    0.010     -150.5510729
   13638    9.000    4.500   10.000     -150.5509759
   13639    9.000    4.500   20.000     -150.5514304
   13640    9.000    4.500   30.000     -150.5516786
   13641    9.000    4.500   40.000     -150.5514701
   13642    9.000    4.500   50.000     -150.5514834
   13643    9.000    4.500   60.000     -150.5514676
   13644    9.000    4.500   70.000     -150.5514524
   13645    9.000    4.500   80.000     -150.5514449
   13646    9.000    4.500   90.000     -150.5514386
   13647    9.000    4.500  100.000     -150.5514355
   13648    9.000    4.500  110.000     -150.5514335
   13649    9.000    4.500  120.000     -150.5514322
   13650    9.000    4.500  130.000     -150.5514313
   13651    9.000    4.500  140.000     -150.5514308
   13652    9.000    4.500  150.000     -150.5514305
   13653    9.000    4.500  160.000     -150.5514304
   13654    9.000    4.500  170.000     -150.5514303
   13655    9.000    4.500  179.990     -150.5514322
       0    0.000    0.000    0.000        0.0000000
   13656    9.000    5.000    0.010     -150.5596522
   13657    9.000    5.000   20.000     -150.5497988
   13658    9.000    5.000   25.840     -150.5481785
   13659    9.000    5.000   30.000     -150.5480221
   13660    9.000    5.000   40.000     -150.5482321
   13661    9.000    5.000   50.000     -150.5482594
   13662    9.000    5.000   60.000     -150.5482395
   13663    9.000    5.000   70.000     -150.5482217
   13664    9.000    5.000   80.000     -150.5482113
   13665    9.000    5.000   90.000     -150.5482050
   13666    9.000    5.000  100.000     -150.5482015
   13667    9.000    5.000  110.000     -150.5481992
   13668    9.000    5.000  120.000     -150.5481976
   13669    9.000    5.000  130.000     -150.5481964
   13670    9.000    5.000  140.000     -150.5481956
   13671    9.000    5.000  150.000     -150.5481951
   13672    9.000    5.000  160.000     -150.5481949
   13673    9.000    5.000  170.000     -150.5481947
   13674    9.000    5.000  179.990     -150.5481962
       0    0.000    0.000    0.000        0.0000000
   13675    9.000    6.000    0.010     -150.6117105
   13676    9.000    6.000   20.000     -150.5606686
   13677    9.000    6.000   30.000     -150.5489391
   13678    9.000    6.000   41.410     -150.5463067
   13679    9.000    6.000   50.000     -150.5462711
   13680    9.000    6.000   60.000     -150.5462450
   13681    9.000    6.000   70.000     -150.5462250
   13682    9.000    6.000   80.000     -150.5462139
   13683    9.000    6.000   90.000     -150.5462084
   13684    9.000    6.000  100.000     -150.5462053
   13685    9.000    6.000  110.000     -150.5462033
   13686    9.000    6.000  120.000     -150.5462019
   13687    9.000    6.000  130.000     -150.5462010
   13688    9.000    6.000  140.000     -150.5462006
   13689    9.000    6.000  150.000     -150.5462004
   13690    9.000    6.000  160.000     -150.5462004
   13691    9.000    6.000  170.000     -150.5462005
   13692    9.000    6.000  179.990     -150.5462015
       0    0.000    0.000    0.000        0.0000000
   13693    9.000    7.000    0.010     -150.7096061
   13694    9.000    7.000   20.000     -150.5818342
   13695    9.000    7.000   30.000     -150.5508503
   13696    9.000    7.000   60.000     -150.5458189
   13697    9.000    7.000   70.000     -150.5458703
   13698    9.000    7.000   80.000     -150.5458729
   13699    9.000    7.000   90.000     -150.5458645
   13700    9.000    7.000  100.000     -150.5457844
   13701    9.000    7.000  110.000     -150.5458069
   13702    9.000    7.000  120.000     -150.5457822
   13703    9.000    7.000  130.000     -150.5457818
   13704    9.000    7.000  140.000     -150.5457973
   13705    9.000    7.000  150.000     -150.5458432
   13706    9.000    7.000  160.000     -150.5457573
   13707    9.000    7.000  170.000     -150.5457820
   13708    9.000    7.000  179.990     -150.5457822
       0    0.000    0.000    0.000        0.0000000
   13709    9.000    8.000    1.000     -150.3103686
   13710    9.000    8.000   10.000     -150.7141688
   13711    9.000    8.000   15.000     -150.6682975
   13712    9.000    8.000   20.000     -150.6014553
   13713    9.000    8.000   30.000     -150.5514182
   13714    9.000    8.000   40.000     -150.5463158
   13715    9.000    8.000   60.000     -150.5457108
   13716    9.000    8.000   70.000     -150.5457715
   13717    9.000    8.000   80.000     -150.5457635
   13718    9.000    8.000   90.000     -150.5456760
   13719    9.000    8.000  100.000     -150.5457637
   13720    9.000    8.000  110.000     -150.5457613
   13721    9.000    8.000  120.000     -150.5457365
   13722    9.000    8.000  130.000     -150.5457538
   13723    9.000    8.000  140.000     -150.5457533
   13724    9.000    8.000  150.000     -150.5457541
   13725    9.000    8.000  160.000     -150.5456693
   13726    9.000    8.000  170.000     -150.5456705
   13727    9.000    8.000  179.990     -150.5456815
       0    0.000    0.000    0.000        0.0000000
   13728    9.000   10.000   20.000     -150.5797916
   13729    9.000   10.000   30.000     -150.5481604
   13730    9.000   10.000   60.000     -150.5456578
   13731    9.000   10.000   63.260     -150.5457382
   13732    9.000   10.000   70.000     -150.5457304
   13733    9.000   10.000   80.000     -150.5457293
   13734    9.000   10.000   90.000     -150.5456425
   13735    9.000   10.000  100.000     -150.5456418
   13736    9.000   10.000  110.000     -150.5456415
   13737    9.000   10.000  120.000     -150.5456409
   13738    9.000   10.000  130.000     -150.5456399
   13739    9.000   10.000  140.000     -150.5456415
   13740    9.000   10.000  150.000     -150.5456399
   13741    9.000   10.000  160.000     -150.5456309
   13742    9.000   10.000  170.000     -150.5456412
   13743    9.000   10.000  179.990     -150.5456534
       0    0.000    0.000    0.000        0.0000000
   13744    9.000   12.000   20.000     -150.5498429
   13745    9.000   12.000   50.000     -150.5456456
   13746    9.000   12.000   60.000     -150.5456310
   13747    9.000   12.000   67.980     -150.5457203
   13748    9.000   12.000   80.000     -150.5457224
   13749    9.000   12.000   90.000     -150.5456320
   13750    9.000   12.000  100.000     -150.5456316
   13751    9.000   12.000  110.000     -150.5456314
   13752    9.000   12.000  120.000     -150.5456312
   13753    9.000   12.000  130.000     -150.5456318
   13754    9.000   12.000  140.000     -150.5456321
   13755    9.000   12.000  150.000     -150.5456342
   13756    9.000   12.000  160.000     -150.5456314
   13757    9.000   12.000  170.000     -150.5456318
   13758    9.000   12.000  179.990     -150.5456488
       0    0.000    0.000    0.000        0.0000000
   13759    9.000   15.000   30.000     -150.5456610
   13760    9.000   15.000   50.000     -150.5456332
   13761    9.000   15.000   60.000     -150.5456299
   13762    9.000   15.000   80.000     -150.5456321
   13763    9.000   15.000   90.000     -150.5456282
   13764    9.000   15.000  100.000     -150.5456279
   13765    9.000   15.000  110.000     -150.5456281
   13766    9.000   15.000  120.000     -150.5456282
   13767    9.000   15.000  130.000     -150.5455960
   13768    9.000   15.000  140.000     -150.5456306
   13769    9.000   15.000  150.000     -150.5456342
   13770    9.000   15.000  160.000     -150.5456290
   13771    9.000   15.000  170.000     -150.5456300
   13772    9.000   15.000  179.990     -150.5456450
       0    0.000    0.000    0.000        0.0000000
   13773   10.500    1.200    0.010     -150.4672789
   13774   10.500    1.200   10.000     -150.4672752
   13775   10.500    1.200   20.000     -150.4672651
   13776   10.500    1.200   30.000     -150.4672492
   13777   10.500    1.200   40.000     -150.4672307
   13778   10.500    1.200   50.000     -150.4672108
   13779   10.500    1.200   60.000     -150.4671936
   13780   10.500    1.200   70.000     -150.4671778
   13781   10.500    1.200   80.000     -150.4671668
   13782   10.500    1.200   90.000     -150.4671596
   13783   10.500    1.200  110.000     -150.4671540
   13784   10.500    1.200  120.000     -150.4671512
   13785   10.500    1.200  130.000     -150.4671506
   13786   10.500    1.200  140.000     -150.4671503
   13787   10.500    1.200  150.000     -150.4671500
   13788   10.500    1.200  160.000     -150.4671498
   13789   10.500    1.200  170.000     -150.4671497
   13790   10.500    1.200  179.990     -150.4671499
       0    0.000    0.000    0.000        0.0000000
   13791   10.500    1.400    0.010     -150.6309573
   13792   10.500    1.400   10.000     -150.6309527
   13793   10.500    1.400   20.000     -150.6309404
   13794   10.500    1.400   30.000     -150.6309216
   13795   10.500    1.400   40.000     -150.6308995
   13796   10.500    1.400   50.000     -150.6308766
   13797   10.500    1.400   60.000     -150.6308555
   13798   10.500    1.400   70.000     -150.6308383
   13799   10.500    1.400   80.000     -150.6308256
   13800   10.500    1.400   90.000     -150.6308172
   13801   10.500    1.400  100.000     -150.6308118
   13802   10.500    1.400  110.000     -150.6308106
   13803   10.500    1.400  120.000     -150.6308077
   13804   10.500    1.400  130.000     -150.6308064
   13805   10.500    1.400  140.000     -150.6308060
   13806   10.500    1.400  150.000     -150.6308057
   13807   10.500    1.400  160.000     -150.6308055
   13808   10.500    1.400  170.000     -150.6308053
   13809   10.500    1.400  179.990     -150.6308053
       0    0.000    0.000    0.000        0.0000000
   13810   10.500    1.600    0.010     -150.6969640
   13811   10.500    1.600   10.000     -150.6969590
   13812   10.500    1.600   20.000     -150.6969434
   13813   10.500    1.600   30.000     -150.6969206
   13814   10.500    1.600   40.000     -150.6968943
   13815   10.500    1.600   50.000     -150.6968671
   13816   10.500    1.600   60.000     -150.6968430
   13817   10.500    1.600   80.000     -150.6968095
   13818   10.500    1.600   90.000     -150.6967999
   13819   10.500    1.600  100.000     -150.6967932
   13820   10.500    1.600  110.000     -150.6967901
   13821   10.500    1.600  120.000     -150.6967885
   13822   10.500    1.600  130.000     -150.6967868
   13823   10.500    1.600  140.000     -150.6967860
   13824   10.500    1.600  150.000     -150.6967851
   13825   10.500    1.600  160.000     -150.6967844
   13826   10.500    1.600  170.000     -150.6967839
   13827   10.500    1.600  179.990     -150.6967835
       0    0.000    0.000    0.000        0.0000000
   13828   10.500    1.700    0.010     -150.7100120
   13829   10.500    1.700   10.000     -150.7100032
   13830   10.500    1.700   20.000     -150.7099865
   13831   10.500    1.700   30.000     -150.7099620
   13832   10.500    1.700   40.000     -150.7099339
   13833   10.500    1.700   50.000     -150.7099040
   13834   10.500    1.700   70.000     -150.7098574
   13835   10.500    1.700   80.000     -150.7098374
   13836   10.500    1.700  100.000     -150.7098256
   13837   10.500    1.700  110.000     -150.7098221
   13838   10.500    1.700  120.000     -150.7098200
   13839   10.500    1.700  130.000     -150.7098183
   13840   10.500    1.700  140.000     -150.7098171
   13841   10.500    1.700  150.000     -150.7098160
   13842   10.500    1.700  160.000     -150.7098151
   13843   10.500    1.700  170.000     -150.7098145
   13844   10.500    1.700  179.990     -150.7098138
       0    0.000    0.000    0.000        0.0000000
   13845   10.500    1.800    0.010     -150.7148744
   13846   10.500    1.800   10.000     -150.7148676
   13847   10.500    1.800   20.000     -150.7148491
   13848   10.500    1.800   30.000     -150.7148210
   13849   10.500    1.800   40.000     -150.7147898
   13850   10.500    1.800   50.000     -150.7147587
   13851   10.500    1.800   60.000     -150.7147309
   13852   10.500    1.800   70.000     -150.7147086
   13853   10.500    1.800   80.000     -150.7146927
   13854   10.500    1.800   90.000     -150.7146822
   13855   10.500    1.800  100.000     -150.7146752
   13856   10.500    1.800  110.000     -150.7146720
   13857   10.500    1.800  120.000     -150.7146688
   13858   10.500    1.800  130.000     -150.7146671
   13859   10.500    1.800  140.000     -150.7146656
   13860   10.500    1.800  150.000     -150.7146643
   13861   10.500    1.800  160.000     -150.7146631
   13862   10.500    1.800  170.000     -150.7146624
   13863   10.500    1.800  179.990     -150.7146613
       0    0.000    0.000    0.000        0.0000000
   13864   10.500    1.850    0.010     -150.7150388
   13865   10.500    1.850   10.000     -150.7150317
   13866   10.500    1.850   20.000     -150.7150122
   13867   10.500    1.850   30.000     -150.7149827
   13868   10.500    1.850   40.000     -150.7149500
   13869   10.500    1.850   50.000     -150.7149179
   13870   10.500    1.850   60.000     -150.7148885
   13871   10.500    1.850   70.000     -150.7148661
   13872   10.500    1.850   80.000     -150.7148500
   13873   10.500    1.850   90.000     -150.7148390
   13874   10.500    1.850  100.000     -150.7148321
   13875   10.500    1.850  110.000     -150.7148296
   13876   10.500    1.850  120.000     -150.7148252
   13877   10.500    1.850  130.000     -150.7148236
   13878   10.500    1.850  140.000     -150.7148220
   13879   10.500    1.850  150.000     -150.7148205
   13880   10.500    1.850  160.000     -150.7148192
   13881   10.500    1.850  170.000     -150.7148184
   13882   10.500    1.850  179.990     -150.7148171
       0    0.000    0.000    0.000        0.0000000
   13883   10.500    1.900    0.010     -150.7140223
   13884   10.500    1.900   10.000     -150.7140148
   13885   10.500    1.900   20.000     -150.7139943
   13886   10.500    1.900   30.000     -150.7139635
   13887   10.500    1.900   40.000     -150.7139295
   13888   10.500    1.900   50.000     -150.7138959
   13889   10.500    1.900   60.000     -150.7138650
   13890   10.500    1.900   70.000     -150.7138428
   13891   10.500    1.900   80.000     -150.7138261
   13892   10.500    1.900   90.000     -150.7138153
   13893   10.500    1.900  100.000     -150.7138079
   13894   10.500    1.900  110.000     -150.7138045
   13895   10.500    1.900  120.000     -150.7138009
   13896   10.500    1.900  130.000     -150.7137991
   13897   10.500    1.900  140.000     -150.7137974
   13898   10.500    1.900  150.000     -150.7137957
   13899   10.500    1.900  160.000     -150.7137943
   13900   10.500    1.900  170.000     -150.7137935
   13901   10.500    1.900  179.990     -150.7137919
       0    0.000    0.000    0.000        0.0000000
   13902   10.500    2.000    0.010     -150.7092249
   13903   10.500    2.000   10.000     -150.7092167
   13904   10.500    2.000   20.000     -150.7091936
   13905   10.500    2.000   30.000     -150.7091603
   13906   10.500    2.000   40.000     -150.7091235
   13907   10.500    2.000   50.000     -150.7090862
   13908   10.500    2.000   60.000     -150.7090556
   13909   10.500    2.000   80.000     -150.7090148
   13910   10.500    2.000   90.000     -150.7090026
   13911   10.500    2.000  100.000     -150.7089946
   13912   10.500    2.000  110.000     -150.7089915
   13913   10.500    2.000  120.000     -150.7089875
   13914   10.500    2.000  130.000     -150.7089853
   13915   10.500    2.000  140.000     -150.7089832
   13916   10.500    2.000  150.000     -150.7089813
   13917   10.500    2.000  160.000     -150.7089798
   13918   10.500    2.000  170.000     -150.7089788
   13919   10.500    2.000  179.990     -150.7089766
       0    0.000    0.000    0.000        0.0000000
   13920   10.500    2.100    0.010     -150.7017688
   13921   10.500    2.100   10.000     -150.7017598
   13922   10.500    2.100   30.000     -150.7016983
   13923   10.500    2.100   40.000     -150.7016576
   13924   10.500    2.100   50.000     -150.7016203
   13925   10.500    2.100   60.000     -150.7015856
   13926   10.500    2.100   80.000     -150.7015436
   13927   10.500    2.100   90.000     -150.7015323
   13928   10.500    2.100  100.000     -150.7015227
   13929   10.500    2.100  110.000     -150.7015188
   13930   10.500    2.100  120.000     -150.7015155
   13931   10.500    2.100  130.000     -150.7015127
   13932   10.500    2.100  140.000     -150.7015102
   13933   10.500    2.100  150.000     -150.7015081
   13934   10.500    2.100  160.000     -150.7015064
   13935   10.500    2.100  170.000     -150.7015054
   13936   10.500    2.100  179.990     -150.7015043
       0    0.000    0.000    0.000        0.0000000
   13937   10.500    2.300    0.010     -150.6823936
   13938   10.500    2.300   10.000     -150.6823812
   13939   10.500    2.300   20.000     -150.6823511
   13940   10.500    2.300   30.000     -150.6823091
   13941   10.500    2.300   40.000     -150.6822603
   13942   10.500    2.300   50.000     -150.6822184
   13943   10.500    2.300   60.000     -150.6821810
   13944   10.500    2.300   70.000     -150.6821535
   13945   10.500    2.300   80.000     -150.6821348
   13946   10.500    2.300   90.000     -150.6821210
   13947   10.500    2.300  110.000     -150.6821081
   13948   10.500    2.300  120.000     -150.6821042
   13949   10.500    2.300  130.000     -150.6821007
   13950   10.500    2.300  140.000     -150.6820975
   13951   10.500    2.300  150.000     -150.6820948
   13952   10.500    2.300  160.000     -150.6820928
   13953   10.500    2.300  170.000     -150.6820916
   13954   10.500    2.300  179.990     -150.6820906
       0    0.000    0.000    0.000        0.0000000
   13955   10.500    2.500    0.010     -150.6607635
   13956   10.500    2.500   10.000     -150.6607491
   13957   10.500    2.500   20.000     -150.6607115
   13958   10.500    2.500   30.000     -150.6606634
   13959   10.500    2.500   40.000     -150.6606116
   13960   10.500    2.500   50.000     -150.6605612
   13961   10.500    2.500   60.000     -150.6605208
   13962   10.500    2.500   70.000     -150.6604911
   13963   10.500    2.500   80.000     -150.6604713
   13964   10.500    2.500   90.000     -150.6604582
   13965   10.500    2.500  100.000     -150.6604492
   13966   10.500    2.500  110.000     -150.6604435
   13967   10.500    2.500  120.000     -150.6604389
   13968   10.500    2.500  130.000     -150.6604349
   13969   10.500    2.500  140.000     -150.6604311
   13970   10.500    2.500  150.000     -150.6604278
   13971   10.500    2.500  160.000     -150.6604254
   13972   10.500    2.500  170.000     -150.6604239
   13973   10.500    2.500  179.990     -150.6604227
       0    0.000    0.000    0.000        0.0000000
   13974   10.500    2.700    0.010     -150.6394636
   13975   10.500    2.700   10.000     -150.6394451
   13976   10.500    2.700   20.000     -150.6394070
   13977   10.500    2.700   30.000     -150.6393547
   13978   10.500    2.700   40.000     -150.6392969
   13979   10.500    2.700   50.000     -150.6392429
   13980   10.500    2.700   60.000     -150.6391988
   13981   10.500    2.700   70.000     -150.6391685
   13982   10.500    2.700   80.000     -150.6391474
   13983   10.500    2.700   90.000     -150.6391344
   13984   10.500    2.700  100.000     -150.6391256
   13985   10.500    2.700  110.000     -150.6391195
   13986   10.500    2.700  120.000     -150.6391145
   13987   10.500    2.700  130.000     -150.6391098
   13988   10.500    2.700  140.000     -150.6391054
   13989   10.500    2.700  150.000     -150.6391017
   13990   10.500    2.700  160.000     -150.6390987
   13991   10.500    2.700  170.000     -150.6390968
   13992   10.500    2.700  179.990     -150.6390953
       0    0.000    0.000    0.000        0.0000000
   13993   10.500    2.850    0.010     -150.6245921
   13994   10.500    2.850   10.000     -150.6245715
   13995   10.500    2.850   20.000     -150.6245193
   13996   10.500    2.850   40.000     -150.6244029
   13997   10.500    2.850   50.000     -150.6243482
   13998   10.500    2.850   60.000     -150.6243021
   13999   10.500    2.850   70.000     -150.6242694
   14000   10.500    2.850   80.000     -150.6242483
   14001   10.500    2.850   90.000     -150.6242386
   14002   10.500    2.850  100.000     -150.6242297
   14003   10.500    2.850  110.000     -150.6242234
   14004   10.500    2.850  120.000     -150.6242181
   14005   10.500    2.850  130.000     -150.6242131
   14006   10.500    2.850  140.000     -150.6242083
   14007   10.500    2.850  150.000     -150.6242043
   14008   10.500    2.850  160.000     -150.6242010
   14009   10.500    2.850  170.000     -150.6241989
   14010   10.500    2.850  179.990     -150.6241979
       0    0.000    0.000    0.000        0.0000000
   14011   10.500    3.000    0.010     -150.6110517
   14012   10.500    3.000   10.000     -150.6110259
   14013   10.500    3.000   20.000     -150.6109744
   14014   10.500    3.000   30.000     -150.6109091
   14015   10.500    3.000   40.000     -150.6108405
   14016   10.500    3.000   50.000     -150.6107865
   14017   10.500    3.000   60.000     -150.6107385
   14018   10.500    3.000   70.000     -150.6107127
   14019   10.500    3.000   80.000     -150.6106920
   14020   10.500    3.000   90.000     -150.6106798
   14021   10.500    3.000  100.000     -150.6106714
   14022   10.500    3.000  110.000     -150.6106649
   14023   10.500    3.000  120.000     -150.6106595
   14024   10.500    3.000  130.000     -150.6106539
   14025   10.500    3.000  140.000     -150.6106491
   14026   10.500    3.000  150.000     -150.6106447
   14027   10.500    3.000  160.000     -150.6106411
   14028   10.500    3.000  170.000     -150.6106387
   14029   10.500    3.000  179.990     -150.6106356
       0    0.000    0.000    0.000        0.0000000
   14030   10.500    3.100    0.010     -150.6028654
   14031   10.500    3.100   10.000     -150.6028393
   14032   10.500    3.100   20.000     -150.6027862
   14033   10.500    3.100   30.000     -150.6027199
   14034   10.500    3.100   40.000     -150.6026511
   14035   10.500    3.100   50.000     -150.6025898
   14036   10.500    3.100   60.000     -150.6025495
   14037   10.500    3.100   70.000     -150.6025187
   14038   10.500    3.100   80.000     -150.6024992
   14039   10.500    3.100   90.000     -150.6024870
   14040   10.500    3.100  100.000     -150.6024795
   14041   10.500    3.100  110.000     -150.6024730
   14042   10.500    3.100  120.000     -150.6024673
   14043   10.500    3.100  130.000     -150.6024618
   14044   10.500    3.100  140.000     -150.6024566
   14045   10.500    3.100  160.000     -150.6024483
   14046   10.500    3.100  170.000     -150.6024458
   14047   10.500    3.100  179.990     -150.6024442
       0    0.000    0.000    0.000        0.0000000
   14048   10.500    3.200    0.010     -150.5953944
   14049   10.500    3.200   10.000     -150.5953658
   14050   10.500    3.200   20.000     -150.5953127
   14051   10.500    3.200   30.000     -150.5952443
   14052   10.500    3.200   40.000     -150.5951759
   14053   10.500    3.200   50.000     -150.5951173
   14054   10.500    3.200   60.000     -150.5950722
   14055   10.500    3.200   70.000     -150.5950419
   14056   10.500    3.200   80.000     -150.5950227
   14057   10.500    3.200   90.000     -150.5950112
   14058   10.500    3.200  110.000     -150.5949979
   14059   10.500    3.200  120.000     -150.5949922
   14060   10.500    3.200  130.000     -150.5949864
   14061   10.500    3.200  140.000     -150.5949812
   14062   10.500    3.200  150.000     -150.5949762
   14063   10.500    3.200  160.000     -150.5949724
   14064   10.500    3.200  170.000     -150.5949696
   14065   10.500    3.200  179.990     -150.5949648
       0    0.000    0.000    0.000        0.0000000
   14066   10.500    3.300    0.010     -150.5881204
   14067   10.500    3.300   10.000     -150.5881225
   14068   10.500    3.300   20.000     -150.5881284
   14069   10.500    3.300   30.000     -150.5881381
   14070   10.500    3.300   40.000     -150.5881496
   14071   10.500    3.300   50.000     -150.5881604
   14072   10.500    3.300   60.000     -150.5881691
   14073   10.500    3.300   70.000     -150.5881762
   14074   10.500    3.300   80.000     -150.5881822
   14075   10.500    3.300   90.000     -150.5881875
   14076   10.500    3.300  100.000     -150.5881918
   14077   10.500    3.300  110.000     -150.5881954
   14078   10.500    3.300  120.000     -150.5881985
   14079   10.500    3.300  130.000     -150.5882011
   14080   10.500    3.300  140.000     -150.5882033
   14081   10.500    3.300  150.000     -150.5882052
   14082   10.500    3.300  160.000     -150.5882067
   14083   10.500    3.300  170.000     -150.5882076
   14084   10.500    3.300  179.990     -150.5882080
       0    0.000    0.000    0.000        0.0000000
   14085   10.500    3.400    0.010     -150.5821085
   14086   10.500    3.400   10.000     -150.5821112
   14087   10.500    3.400   20.000     -150.5821164
   14088   10.500    3.400   30.000     -150.5821244
   14089   10.500    3.400   40.000     -150.5821342
   14090   10.500    3.400   60.000     -150.5821504
   14091   10.500    3.400   70.000     -150.5821561
   14092   10.500    3.400   80.000     -150.5821611
   14093   10.500    3.400   90.000     -150.5821654
   14094   10.500    3.400  100.000     -150.5821691
   14095   10.500    3.400  110.000     -150.5821721
   14096   10.500    3.400  120.000     -150.5821746
   14097   10.500    3.400  130.000     -150.5821768
   14098   10.500    3.400  140.000     -150.5821787
   14099   10.500    3.400  150.000     -150.5821803
   14100   10.500    3.400  160.000     -150.5821816
   14101   10.500    3.400  170.000     -150.5821824
   14102   10.500    3.400  179.990     -150.5821827
       0    0.000    0.000    0.000        0.0000000
   14103   10.500    3.500    0.010     -150.5767989
   14104   10.500    3.500   10.000     -150.5768004
   14105   10.500    3.500   20.000     -150.5768046
   14106   10.500    3.500   30.000     -150.5768111
   14107   10.500    3.500   40.000     -150.5768189
   14108   10.500    3.500   50.000     -150.5768260
   14109   10.500    3.500   60.000     -150.5768315
   14110   10.500    3.500   70.000     -150.5768358
   14111   10.500    3.500   80.000     -150.5768397
   14112   10.500    3.500   90.000     -150.5768432
   14113   10.500    3.500  100.000     -150.5768461
   14114   10.500    3.500  110.000     -150.5768485
   14115   10.500    3.500  120.000     -150.5768506
   14116   10.500    3.500  130.000     -150.5768524
   14117   10.500    3.500  140.000     -150.5768540
   14118   10.500    3.500  150.000     -150.5768554
   14119   10.500    3.500  160.000     -150.5768565
   14120   10.500    3.500  170.000     -150.5768571
   14121   10.500    3.500  179.990     -150.5768574
       0    0.000    0.000    0.000        0.0000000
   14122   10.500    3.600    0.010     -150.5721528
   14123   10.500    3.600   10.000     -150.5721541
   14124   10.500    3.600   20.000     -150.5721574
   14125   10.500    3.600   30.000     -150.5721622
   14126   10.500    3.600   40.000     -150.5721679
   14127   10.500    3.600   50.000     -150.5721730
   14128   10.500    3.600   60.000     -150.5721766
   14129   10.500    3.600   70.000     -150.5721797
   14130   10.500    3.600   80.000     -150.5721824
   14131   10.500    3.600   90.000     -150.5721851
   14132   10.500    3.600  100.000     -150.5721874
   14133   10.500    3.600  110.000     -150.5721892
   14134   10.500    3.600  120.000     -150.5721909
   14135   10.500    3.600  130.000     -150.5721924
   14136   10.500    3.600  140.000     -150.5721937
   14137   10.500    3.600  150.000     -150.5721949
   14138   10.500    3.600  160.000     -150.5721957
   14139   10.500    3.600  170.000     -150.5721963
   14140   10.500    3.600  179.990     -150.5721965
       0    0.000    0.000    0.000        0.0000000
   14141   10.500    3.800    0.010     -150.5646603
   14142   10.500    3.800   10.000     -150.5646616
   14143   10.500    3.800   20.000     -150.5646637
   14144   10.500    3.800   30.000     -150.5646653
   14145   10.500    3.800   40.000     -150.5646664
   14146   10.500    3.800   50.000     -150.5646674
   14147   10.500    3.800   60.000     -150.5646678
   14148   10.500    3.800   70.000     -150.5646680
   14149   10.500    3.800   80.000     -150.5646689
   14150   10.500    3.800   90.000     -150.5646701
   14151   10.500    3.800  100.000     -150.5646713
   14152   10.500    3.800  110.000     -150.5646723
   14153   10.500    3.800  120.000     -150.5646732
   14154   10.500    3.800  130.000     -150.5646740
   14155   10.500    3.800  140.000     -150.5646748
   14156   10.500    3.800  150.000     -150.5646755
   14157   10.500    3.800  160.000     -150.5646761
   14158   10.500    3.800  170.000     -150.5646765
   14159   10.500    3.800  179.990     -150.5646767
       0    0.000    0.000    0.000        0.0000000
   14160   10.500    4.000    0.010     -150.5591789
   14161   10.500    4.000   10.000     -150.5591909
   14162   10.500    4.000   20.000     -150.5591936
   14163   10.500    4.000   30.000     -150.5591927
   14164   10.500    4.000   40.000     -150.5591896
   14165   10.500    4.000   50.000     -150.5591864
   14166   10.500    4.000   60.000     -150.5591835
   14167   10.500    4.000   70.000     -150.5591814
   14168   10.500    4.000   80.000     -150.5591808
   14169   10.500    4.000   90.000     -150.5591809
   14170   10.500    4.000  100.000     -150.5591812
   14171   10.500    4.000  110.000     -150.5591815
   14172   10.500    4.000  120.000     -150.5591818
   14173   10.500    4.000  130.000     -150.5591822
   14174   10.500    4.000  140.000     -150.5591826
   14175   10.500    4.000  150.000     -150.5591830
   14176   10.500    4.000  160.000     -150.5591833
   14177   10.500    4.000  170.000     -150.5591836
   14178   10.500    4.000  179.990     -150.5591837
       0    0.000    0.000    0.000        0.0000000
   14179   10.500    4.500    0.010     -150.5517271
   14180   10.500    4.500   10.000     -150.5517162
   14181   10.500    4.500   20.000     -150.5516768
   14182   10.500    4.500   30.000     -150.5516067
   14183   10.500    4.500   40.000     -150.5514541
   14184   10.500    4.500   50.000     -150.5514420
   14185   10.500    4.500   60.000     -150.5514325
   14186   10.500    4.500   90.000     -150.5514190
   14187   10.500    4.500  100.000     -150.5514177
   14188   10.500    4.500  110.000     -150.5514169
   14189   10.500    4.500  120.000     -150.5514163
   14190   10.500    4.500  130.000     -150.5514160
   14191   10.500    4.500  140.000     -150.5514159
   14192   10.500    4.500  150.000     -150.5514160
   14193   10.500    4.500  160.000     -150.5514161
   14194   10.500    4.500  170.000     -150.5514163
   14195   10.500    4.500  179.990     -150.5514164
       0    0.000    0.000    0.000        0.0000000
   14196   10.500    5.000   20.000     -150.5483909
   14197   10.500    5.000   30.000     -150.5483620
   14198   10.500    5.000   40.000     -150.5482927
   14199   10.500    5.000   50.000     -150.5482744
   14200   10.500    5.000   60.000     -150.5482487
   14201   10.500    5.000   90.000     -150.5481870
   14202   10.500    5.000  100.000     -150.5481856
   14203   10.500    5.000  110.000     -150.5481846
   14204   10.500    5.000  120.000     -150.5481839
   14205   10.500    5.000  130.000     -150.5481833
   14206   10.500    5.000  140.000     -150.5481831
   14207   10.500    5.000  150.000     -150.5481829
   14208   10.500    5.000  160.000     -150.5481828
   14209   10.500    5.000  170.000     -150.5481827
   14210   10.500    5.000  179.990     -150.5481828
       0    0.000    0.000    0.000        0.0000000
   14211   10.500    6.000    0.010     -150.5517271
   14212   10.500    6.000   10.000     -150.5497424
   14213   10.500    6.000   30.000     -150.5463006
   14214   10.500    6.000   40.000     -150.5462563
   14215   10.500    6.000   50.000     -150.5462304
   14216   10.500    6.000   60.000     -150.5462112
   14217   10.500    6.000   90.000     -150.5461963
   14218   10.500    6.000  100.000     -150.5461909
   14219   10.500    6.000  110.000     -150.5461883
   14220   10.500    6.000  120.000     -150.5462258
   14221   10.500    6.000  130.000     -150.5461935
   14222   10.500    6.000  140.000     -150.5462360
   14223   10.500    6.000  150.000     -150.5462001
   14224   10.500    6.000  160.000     -150.5461926
   14225   10.500    6.000  170.000     -150.5461932
   14226   10.500    6.000  179.990     -150.5461156
       0    0.000    0.000    0.000        0.0000000
   14227   10.500    7.000    0.010     -150.5767989
   14228   10.500    7.000   10.000     -150.5644816
   14229   10.500    7.000   20.000     -150.5507135
   14230   10.500    7.000   30.000     -150.5471781
   14231   10.500    7.000   40.000     -150.5447799
   14232   10.500    7.000   50.000     -150.5458437
   14233   10.500    7.000   60.000     -150.5458209
   14234   10.500    7.000   70.000     -150.5458110
   14235   10.500    7.000   90.000     -150.5457782
   14236   10.500    7.000  100.000     -150.5457171
   14237   10.500    7.000  110.000     -150.5457509
   14238   10.500    7.000  120.000     -150.5457476
   14239   10.500    7.000  130.000     -150.5457704
   14240   10.500    7.000  140.000     -150.5458219
   14241   10.500    7.000  150.000     -150.5457901
   14242   10.500    7.000  160.000     -150.5456858
   14243   10.500    7.000  170.000     -150.5457828
   14244   10.500    7.000  179.990     -150.5456966
       0    0.000    0.000    0.000        0.0000000
   14245   10.500    8.000    0.010     -150.6607635
   14246   10.500    8.000   10.000     -150.6138539
   14247   10.500    8.000   20.000     -150.5581326
   14248   10.500    8.000   30.000     -150.5471876
   14249   10.500    8.000   40.000     -150.5458262
   14250   10.500    8.000   50.000     -150.5457520
   14251   10.500    8.000   60.000     -150.5457223
   14252   10.500    8.000   70.000     -150.5457092
   14253   10.500    8.000   80.000     -150.5456714
   14254   10.500    8.000   90.000     -150.5456096
   14255   10.500    8.000  100.000     -150.5456868
   14256   10.500    8.000  110.000     -150.5456969
   14257   10.500    8.000  120.000     -150.5456758
   14258   10.500    8.000  130.000     -150.5456873
   14259   10.500    8.000  140.000     -150.5456911
   14260   10.500    8.000  150.000     -150.5456941
   14261   10.500    8.000  160.000     -150.5456636
   14262   10.500    8.000  170.000     -150.5456860
   14263   10.500    8.000  179.990     -150.5456025
       0    0.000    0.000    0.000        0.0000000
   14264   10.500   10.000   60.000     -150.5456739
   14265   10.500   10.000   70.000     -150.5456019
   14266   10.500   10.000   80.000     -150.5456727
   14267   10.500   10.000   90.000     -150.5455846
   14268   10.500   10.000  100.000     -150.5455910
   14269   10.500   10.000  110.000     -150.5455921
   14270   10.500   10.000  120.000     -150.5455781
   14271   10.500   10.000  130.000     -150.5455859
   14272   10.500   10.000  140.000     -150.5455891
   14273   10.500   10.000  150.000     -150.5455663
   14274   10.500   10.000  160.000     -150.5455836
   14275   10.500   10.000  170.000     -150.5456282
   14276   10.500   10.000  179.990     -150.5454183
       0    0.000    0.000    0.000        0.0000000
   14277   10.500   12.000   70.000     -150.5456103
   14278   10.500   12.000   80.000     -150.5456009
   14279   10.500   12.000   90.000     -150.5455929
   14280   10.500   12.000  100.000     -150.5455595
   14281   10.500   12.000  110.000     -150.5455571
   14282   10.500   12.000  120.000     -150.5455631
   14283   10.500   12.000  130.000     -150.5456104
   14284   10.500   12.000  140.000     -150.5456470
   14285   10.500   12.000  150.000     -150.5455546
   14286   10.500   12.000  160.000     -150.5455907
   14287   10.500   12.000  170.000     -150.5456337
   14288   10.500   12.000  179.990     -150.5455708
       0    0.000    0.000    0.000        0.0000000
   14289   10.500   15.000   70.000     -150.5456084
   14290   10.500   15.000   80.000     -150.5455972
   14291   10.500   15.000   90.000     -150.5455567
   14292   10.500   15.000  100.000     -150.5455568
   14293   10.500   15.000  110.000     -150.5455657
   14294   10.500   15.000  120.000     -150.5456433
   14295   10.500   15.000  130.000     -150.5455312
   14296   10.500   15.000  140.000     -150.5456330
   14297   10.500   15.000  150.000     -150.5455650
   14298   10.500   15.000  160.000     -150.5455596
   14299   10.500   15.000  170.000     -150.5456330
   14300   10.500   15.000  179.990     -150.5455665
       0    0.000    0.000    0.000        0.0000000
   14301   12.000    1.200    0.010     -150.4671865
   14302   12.000    1.200   10.000     -150.4671845
   14303   12.000    1.200   20.000     -150.4671792
   14304   12.000    1.200   40.000     -150.4671610
   14305   12.000    1.200   60.000     -150.4671405
   14306   12.000    1.200   90.000     -150.4671215
   14307   12.000    1.200  110.000     -150.4671180
   14308   12.000    1.200  130.000     -150.4671168
   14309   12.000    1.200  140.000     -150.4671168
   14310   12.000    1.200  150.000     -150.4671168
   14311   12.000    1.200  160.000     -150.4671168
   14312   12.000    1.200  170.000     -150.4671168
   14313   12.000    1.200  179.990     -150.4671168
       0    0.000    0.000    0.000        0.0000000
   14314   12.000    1.400    0.010     -150.6308517
   14315   12.000    1.400   10.000     -150.6308495
   14316   12.000    1.400   20.000     -150.6308435
   14317   12.000    1.400   30.000     -150.6308337
   14318   12.000    1.400   40.000     -150.6308222
   14319   12.000    1.400   50.000     -150.6308097
   14320   12.000    1.400   60.000     -150.6307985
   14321   12.000    1.400   70.000     -150.6307886
   14322   12.000    1.400   80.000     -150.6307816
   14323   12.000    1.400   90.000     -150.6307773
   14324   12.000    1.400  110.000     -150.6307734
   14325   12.000    1.400  130.000     -150.6307718
   14326   12.000    1.400  140.000     -150.6307717
   14327   12.000    1.400  150.000     -150.6307717
   14328   12.000    1.400  160.000     -150.6307717
   14329   12.000    1.400  170.000     -150.6307716
   14330   12.000    1.400  179.990     -150.6307716
       0    0.000    0.000    0.000        0.0000000
   14331   12.000    1.600    0.010     -150.6968441
   14332   12.000    1.600   10.000     -150.6968418
   14333   12.000    1.600   20.000     -150.6968340
   14334   12.000    1.600   30.000     -150.6968227
   14335   12.000    1.600   40.000     -150.6968090
   14336   12.000    1.600   50.000     -150.6967944
   14337   12.000    1.600   60.000     -150.6967816
   14338   12.000    1.600   70.000     -150.6967707
   14339   12.000    1.600   80.000     -150.6967627
   14340   12.000    1.600   90.000     -150.6967579
   14341   12.000    1.600  110.000     -150.6967531
   14342   12.000    1.600  130.000     -150.6967512
   14343   12.000    1.600  140.000     -150.6967512
   14344   12.000    1.600  150.000     -150.6967510
   14345   12.000    1.600  160.000     -150.6967507
   14346   12.000    1.600  170.000     -150.6967506
   14347   12.000    1.600  179.990     -150.6967504
       0    0.000    0.000    0.000        0.0000000
   14348   12.000    1.700    0.010     -150.7098818
   14349   12.000    1.700   10.000     -150.7098792
   14350   12.000    1.700   20.000     -150.7098713
   14351   12.000    1.700   30.000     -150.7098589
   14352   12.000    1.700   40.000     -150.7098440
   14353   12.000    1.700   50.000     -150.7098283
   14354   12.000    1.700   60.000     -150.7098147
   14355   12.000    1.700   70.000     -150.7098030
   14356   12.000    1.700   80.000     -150.7097947
   14357   12.000    1.700   90.000     -150.7097894
   14358   12.000    1.700  110.000     -150.7097847
   14359   12.000    1.700  130.000     -150.7097827
   14360   12.000    1.700  140.000     -150.7097823
   14361   12.000    1.700  150.000     -150.7097819
   14362   12.000    1.700  160.000     -150.7097817
   14363   12.000    1.700  170.000     -150.7097815
   14364   12.000    1.700  179.990     -150.7097810
       0    0.000    0.000    0.000        0.0000000
   14365   12.000    1.800    0.010     -150.7147382
   14366   12.000    1.800   10.000     -150.7147351
   14367   12.000    1.800   20.000     -150.7147261
   14368   12.000    1.800   30.000     -150.7147122
   14369   12.000    1.800   40.000     -150.7146964
   14370   12.000    1.800   50.000     -150.7146797
   14371   12.000    1.800   60.000     -150.7146653
   14372   12.000    1.800   70.000     -150.7146531
   14373   12.000    1.800   80.000     -150.7146444
   14374   12.000    1.800   90.000     -150.7146385
   14375   12.000    1.800  110.000     -150.7146335
   14376   12.000    1.800  130.000     -150.7146312
   14377   12.000    1.800  140.000     -150.7146311
   14378   12.000    1.800  150.000     -150.7146304
   14379   12.000    1.800  160.000     -150.7146300
   14380   12.000    1.800  170.000     -150.7146299
   14381   12.000    1.800  179.990     -150.7146307
       0    0.000    0.000    0.000        0.0000000
   14382   12.000    1.850    0.010     -150.7148981
   14383   12.000    1.850   10.000     -150.7148951
   14384   12.000    1.850   20.000     -150.7148857
   14385   12.000    1.850   30.000     -150.7148711
   14386   12.000    1.850   40.000     -150.7148547
   14387   12.000    1.850   50.000     -150.7148375
   14388   12.000    1.850   60.000     -150.7148228
   14389   12.000    1.850   70.000     -150.7148102
   14390   12.000    1.850   80.000     -150.7148014
   14391   12.000    1.850   90.000     -150.7147953
   14392   12.000    1.850  110.000     -150.7147900
   14393   12.000    1.850  130.000     -150.7147878
   14394   12.000    1.850  140.000     -150.7147873
   14395   12.000    1.850  150.000     -150.7147867
   14396   12.000    1.850  160.000     -150.7147863
   14397   12.000    1.850  170.000     -150.7147862
   14398   12.000    1.850  179.990     -150.7147861
       0    0.000    0.000    0.000        0.0000000
   14399   12.000    1.900    0.010     -150.7138771
   14400   12.000    1.900   10.000     -150.7138740
   14401   12.000    1.900   20.000     -150.7138642
   14402   12.000    1.900   30.000     -150.7138496
   14403   12.000    1.900   40.000     -150.7138320
   14404   12.000    1.900   50.000     -150.7138142
   14405   12.000    1.900   60.000     -150.7137991
   14406   12.000    1.900   70.000     -150.7137863
   14407   12.000    1.900   80.000     -150.7137772
   14408   12.000    1.900   90.000     -150.7137710
   14409   12.000    1.900  110.000     -150.7137655
   14410   12.000    1.900  130.000     -150.7137633
   14411   12.000    1.900  140.000     -150.7137621
   14412   12.000    1.900  150.000     -150.7137618
   14413   12.000    1.900  170.000     -150.7137614
   14414   12.000    1.900  179.990     -150.7137612
       0    0.000    0.000    0.000        0.0000000
   14415   12.000    2.000    0.010     -150.7090703
   14416   12.000    2.000   10.000     -150.7090665
   14417   12.000    2.000   20.000     -150.7090566
   14418   12.000    2.000   30.000     -150.7090408
   14419   12.000    2.000   40.000     -150.7090217
   14420   12.000    2.000   50.000     -150.7090028
   14421   12.000    2.000   60.000     -150.7089872
   14422   12.000    2.000   70.000     -150.7089737
   14423   12.000    2.000   80.000     -150.7089643
   14424   12.000    2.000   90.000     -150.7089578
   14425   12.000    2.000  110.000     -150.7089519
   14426   12.000    2.000  130.000     -150.7089496
   14427   12.000    2.000  140.000     -150.7089481
   14428   12.000    2.000  150.000     -150.7089480
   14429   12.000    2.000  160.000     -150.7089475
   14430   12.000    2.000  170.000     -150.7089472
   14431   12.000    2.000  179.990     -150.7089470
       0    0.000    0.000    0.000        0.0000000
   14432   12.000    2.100    0.010     -150.7016047
   14433   12.000    2.100   10.000     -150.7016005
   14434   12.000    2.100   20.000     -150.7015902
   14435   12.000    2.100   30.000     -150.7015724
   14436   12.000    2.100   40.000     -150.7015523
   14437   12.000    2.100   50.000     -150.7015323
   14438   12.000    2.100   60.000     -150.7015158
   14439   12.000    2.100   70.000     -150.7015021
   14440   12.000    2.100   80.000     -150.7014922
   14441   12.000    2.100   90.000     -150.7014858
   14442   12.000    2.100  110.000     -150.7014795
   14443   12.000    2.100  130.000     -150.7014770
   14444   12.000    2.100  140.000     -150.7014754
   14445   12.000    2.100  150.000     -150.7014752
   14446   12.000    2.100  160.000     -150.7014746
   14447   12.000    2.100  170.000     -150.7014742
   14448   12.000    2.100  179.990     -150.7014740
       0    0.000    0.000    0.000        0.0000000
   14449   12.000    2.300    0.010     -150.6822073
   14450   12.000    2.300   10.000     -150.6822022
   14451   12.000    2.300   20.000     -150.6821903
   14452   12.000    2.300   30.000     -150.6821701
   14453   12.000    2.300   40.000     -150.6821458
   14454   12.000    2.300   50.000     -150.6821238
   14455   12.000    2.300   60.000     -150.6821070
   14456   12.000    2.300   70.000     -150.6820922
   14457   12.000    2.300   80.000     -150.6820810
   14458   12.000    2.300   90.000     -150.6820739
   14459   12.000    2.300  100.000     -150.6820709
   14460   12.000    2.300  110.000     -150.6820693
   14461   12.000    2.300  130.000     -150.6820655
   14462   12.000    2.300  140.000     -150.6820642
   14463   12.000    2.300  150.000     -150.6820631
   14464   12.000    2.300  160.000     -150.6820622
   14465   12.000    2.300  170.000     -150.6820618
   14466   12.000    2.300  179.990     -150.6820616
       0    0.000    0.000    0.000        0.0000000
   14467   12.000    2.500    0.010     -150.6605551
   14468   12.000    2.500   10.000     -150.6605499
   14469   12.000    2.500   20.000     -150.6605326
   14470   12.000    2.500   30.000     -150.6605112
   14471   12.000    2.500   40.000     -150.6604848
   14472   12.000    2.500   50.000     -150.6604603
   14473   12.000    2.500   60.000     -150.6604424
   14474   12.000    2.500   70.000     -150.6604307
   14475   12.000    2.500   80.000     -150.6604201
   14476   12.000    2.500   90.000     -150.6604130
   14477   12.000    2.500  100.000     -150.6604084
   14478   12.000    2.500  110.000     -150.6604050
   14479   12.000    2.500  120.000     -150.6604027
   14480   12.000    2.500  130.000     -150.6604007
   14481   12.000    2.500  140.000     -150.6603990
   14482   12.000    2.500  150.000     -150.6603976
   14483   12.000    2.500  160.000     -150.6603966
   14484   12.000    2.500  170.000     -150.6603959
   14485   12.000    2.500  179.990     -150.6603955
       0    0.000    0.000    0.000        0.0000000
   14486   12.000    2.700    0.010     -150.6392413
   14487   12.000    2.700   10.000     -150.6392347
   14488   12.000    2.700   20.000     -150.6392171
   14489   12.000    2.700   30.000     -150.6391909
   14490   12.000    2.700   40.000     -150.6391620
   14491   12.000    2.700   50.000     -150.6391358
   14492   12.000    2.700   70.000     -150.6391020
   14493   12.000    2.700   80.000     -150.6390950
   14494   12.000    2.700   90.000     -150.6390899
   14495   12.000    2.700  100.000     -150.6390853
   14496   12.000    2.700  110.000     -150.6390821
   14497   12.000    2.700  120.000     -150.6390793
   14498   12.000    2.700  130.000     -150.6390771
   14499   12.000    2.700  140.000     -150.6390751
   14500   12.000    2.700  150.000     -150.6390734
   14501   12.000    2.700  160.000     -150.6390720
   14502   12.000    2.700  170.000     -150.6390708
   14503   12.000    2.700  179.990     -150.6390700
       0    0.000    0.000    0.000        0.0000000
   14504   12.000    2.850    0.010     -150.6243520
   14505   12.000    2.850   10.000     -150.6243449
   14506   12.000    2.850   20.000     -150.6243249
   14507   12.000    2.850   30.000     -150.6242974
   14508   12.000    2.850   40.000     -150.6242718
   14509   12.000    2.850   60.000     -150.6242243
   14510   12.000    2.850   70.000     -150.6242066
   14511   12.000    2.850   80.000     -150.6242000
   14512   12.000    2.850   90.000     -150.6241949
   14513   12.000    2.850  100.000     -150.6241904
   14514   12.000    2.850  110.000     -150.6241869
   14515   12.000    2.850  120.000     -150.6241841
   14516   12.000    2.850  130.000     -150.6241817
   14517   12.000    2.850  140.000     -150.6241795
   14518   12.000    2.850  150.000     -150.6241776
   14519   12.000    2.850  160.000     -150.6241761
   14520   12.000    2.850  170.000     -150.6241752
   14521   12.000    2.850  179.990     -150.6241745
       0    0.000    0.000    0.000        0.0000000
   14522   12.000    3.000    0.010     -150.6107968
   14523   12.000    3.000   10.000     -150.6107890
   14524   12.000    3.000   20.000     -150.6107687
   14525   12.000    3.000   40.000     -150.6107106
   14526   12.000    3.000   60.000     -150.6106665
   14527   12.000    3.000   80.000     -150.6106440
   14528   12.000    3.000   90.000     -150.6106376
   14529   12.000    3.000  110.000     -150.6106296
   14530   12.000    3.000  120.000     -150.6106268
   14531   12.000    3.000  130.000     -150.6106242
   14532   12.000    3.000  140.000     -150.6106218
   14533   12.000    3.000  160.000     -150.6106181
   14534   12.000    3.000  170.000     -150.6106170
   14535   12.000    3.000  179.990     -150.6106160
       0    0.000    0.000    0.000        0.0000000
   14536   12.000    3.100    0.010     -150.6026062
   14537   12.000    3.100   10.000     -150.6025977
   14538   12.000    3.100   40.000     -150.6025198
   14539   12.000    3.100   60.000     -150.6024753
   14540   12.000    3.100   70.000     -150.6024608
   14541   12.000    3.100   80.000     -150.6024497
   14542   12.000    3.100   90.000     -150.6024464
   14543   12.000    3.100  100.000     -150.6024418
   14544   12.000    3.100  110.000     -150.6024387
   14545   12.000    3.100  120.000     -150.6024356
   14546   12.000    3.100  130.000     -150.6024331
   14547   12.000    3.100  140.000     -150.6024306
   14548   12.000    3.100  150.000     -150.6024284
   14549   12.000    3.100  160.000     -150.6024267
   14550   12.000    3.100  170.000     -150.6024255
   14551   12.000    3.100  179.990     -150.6024247
       0    0.000    0.000    0.000        0.0000000
   14552   12.000    3.200    0.010     -150.5951319
   14553   12.000    3.200   10.000     -150.5951235
   14554   12.000    3.200   20.000     -150.5951084
   14555   12.000    3.200   40.000     -150.5950437
   14556   12.000    3.200   60.000     -150.5949981
   14557   12.000    3.200   80.000     -150.5949753
   14558   12.000    3.200   90.000     -150.5949720
   14559   12.000    3.200  100.000     -150.5949681
   14560   12.000    3.200  110.000     -150.5949645
   14561   12.000    3.200  120.000     -150.5949616
   14562   12.000    3.200  130.000     -150.5949587
   14563   12.000    3.200  140.000     -150.5949561
   14564   12.000    3.200  150.000     -150.5949538
   14565   12.000    3.200  160.000     -150.5949519
   14566   12.000    3.200  170.000     -150.5949506
   14567   12.000    3.200  179.990     -150.5949497
       0    0.000    0.000    0.000        0.0000000
   14568   12.000    3.300    0.010     -150.5881333
   14569   12.000    3.300   10.000     -150.5881346
   14570   12.000    3.300   20.000     -150.5881383
   14571   12.000    3.300   30.000     -150.5881439
   14572   12.000    3.300   40.000     -150.5881505
   14573   12.000    3.300   50.000     -150.5881571
   14574   12.000    3.300   60.000     -150.5881630
   14575   12.000    3.300   70.000     -150.5881682
   14576   12.000    3.300   80.000     -150.5881727
   14577   12.000    3.300   90.000     -150.5881763
   14578   12.000    3.300  100.000     -150.5881794
   14579   12.000    3.300  110.000     -150.5881819
   14580   12.000    3.300  120.000     -150.5881841
   14581   12.000    3.300  130.000     -150.5881859
   14582   12.000    3.300  140.000     -150.5881876
   14583   12.000    3.300  150.000     -150.5881890
   14584   12.000    3.300  160.000     -150.5881900
   14585   12.000    3.300  170.000     -150.5881906
   14586   12.000    3.300  179.990     -150.5881908
       0    0.000    0.000    0.000        0.0000000
   14587   12.000    3.400    0.010     -150.5821176
   14588   12.000    3.400   10.000     -150.5821186
   14589   12.000    3.400   20.000     -150.5821217
   14590   12.000    3.400   30.000     -150.5821266
   14591   12.000    3.400   40.000     -150.5821323
   14592   12.000    3.400   50.000     -150.5821379
   14593   12.000    3.400   60.000     -150.5821431
   14594   12.000    3.400   70.000     -150.5821475
   14595   12.000    3.400   80.000     -150.5821513
   14596   12.000    3.400   90.000     -150.5821545
   14597   12.000    3.400  100.000     -150.5821571
   14598   12.000    3.400  110.000     -150.5821593
   14599   12.000    3.400  120.000     -150.5821610
   14600   12.000    3.400  130.000     -150.5821628
   14601   12.000    3.400  140.000     -150.5821642
   14602   12.000    3.400  150.000     -150.5821654
   14603   12.000    3.400  160.000     -150.5821663
   14604   12.000    3.400  170.000     -150.5821669
   14605   12.000    3.400  179.990     -150.5821671
       0    0.000    0.000    0.000        0.0000000
   14606   12.000    3.500    0.010     -150.5768023
   14607   12.000    3.500   10.000     -150.5768031
   14608   12.000    3.500   20.000     -150.5768056
   14609   12.000    3.500   30.000     -150.5768094
   14610   12.000    3.500   40.000     -150.5768140
   14611   12.000    3.500   50.000     -150.5768187
   14612   12.000    3.500   60.000     -150.5768230
   14613   12.000    3.500   70.000     -150.5768267
   14614   12.000    3.500   80.000     -150.5768299
   14615   12.000    3.500   90.000     -150.5768325
   14616   12.000    3.500  100.000     -150.5768347
   14617   12.000    3.500  110.000     -150.5768366
   14618   12.000    3.500  120.000     -150.5768382
   14619   12.000    3.500  130.000     -150.5768395
   14620   12.000    3.500  140.000     -150.5768407
   14621   12.000    3.500  150.000     -150.5768417
   14622   12.000    3.500  160.000     -150.5768425
   14623   12.000    3.500  170.000     -150.5768430
   14624   12.000    3.500  179.990     -150.5768432
       0    0.000    0.000    0.000        0.0000000
   14625   12.000    3.600    0.010     -150.5721518
   14626   12.000    3.600   10.000     -150.5721523
   14627   12.000    3.600   20.000     -150.5721540
   14628   12.000    3.600   30.000     -150.5721566
   14629   12.000    3.600   40.000     -150.5721601
   14630   12.000    3.600   50.000     -150.5721638
   14631   12.000    3.600   60.000     -150.5721671
   14632   12.000    3.600   70.000     -150.5721700
   14633   12.000    3.600   80.000     -150.5721727
   14634   12.000    3.600   90.000     -150.5721748
   14635   12.000    3.600  100.000     -150.5721766
   14636   12.000    3.600  110.000     -150.5721782
   14637   12.000    3.600  120.000     -150.5721795
   14638   12.000    3.600  130.000     -150.5721806
   14639   12.000    3.600  140.000     -150.5721816
   14640   12.000    3.600  150.000     -150.5721824
   14641   12.000    3.600  160.000     -150.5721831
   14642   12.000    3.600  170.000     -150.5721835
   14643   12.000    3.600  179.990     -150.5721836
       0    0.000    0.000    0.000        0.0000000
   14644   12.000    3.800    0.010     -150.5646535
   14645   12.000    3.800   10.000     -150.5646541
   14646   12.000    3.800   20.000     -150.5646522
   14647   12.000    3.800   30.000     -150.5646524
   14648   12.000    3.800   40.000     -150.5646532
   14649   12.000    3.800   50.000     -150.5646546
   14650   12.000    3.800   60.000     -150.5646561
   14651   12.000    3.800   70.000     -150.5646577
   14652   12.000    3.800   80.000     -150.5646591
   14653   12.000    3.800   90.000     -150.5646604
   14654   12.000    3.800  100.000     -150.5646615
   14655   12.000    3.800  110.000     -150.5646624
   14656   12.000    3.800  120.000     -150.5646633
   14657   12.000    3.800  130.000     -150.5646641
   14658   12.000    3.800  140.000     -150.5646648
   14659   12.000    3.800  150.000     -150.5646654
   14660   12.000    3.800  160.000     -150.5646660
   14661   12.000    3.800  170.000     -150.5646664
   14662   12.000    3.800  179.990     -150.5646665
       0    0.000    0.000    0.000        0.0000000
   14663   12.000    4.000    0.010     -150.5591776
   14664   12.000    4.000   10.000     -150.5591742
   14665   12.000    4.000   20.000     -150.5591709
   14666   12.000    4.000   30.000     -150.5591681
   14667   12.000    4.000   40.000     -150.5591661
   14668   12.000    4.000   50.000     -150.5591645
   14669   12.000    4.000   60.000     -150.5591634
   14670   12.000    4.000   70.000     -150.5591626
   14671   12.000    4.000   80.000     -150.5591620
   14672   12.000    4.000   90.000     -150.5591617
   14673   12.000    4.000  100.000     -150.5591616
   14674   12.000    4.000  110.000     -150.5591617
   14675   12.000    4.000  120.000     -150.5591619
   14676   12.000    4.000  130.000     -150.5591623
   14677   12.000    4.000  140.000     -150.5591632
   14678   12.000    4.000  150.000     -150.5591640
   14679   12.000    4.000  160.000     -150.5591647
   14680   12.000    4.000  170.000     -150.5591650
   14681   12.000    4.000  179.990     -150.5591656
       0    0.000    0.000    0.000        0.0000000
   14682   12.000    4.500    0.010     -150.5514566
   14683   12.000    4.500   10.000     -150.5514554
   14684   12.000    4.500   20.000     -150.5514451
   14685   12.000    4.500   30.000     -150.5514352
   14686   12.000    4.500   40.000     -150.5514258
   14687   12.000    4.500   50.000     -150.5514189
   14688   12.000    4.500   60.000     -150.5514147
   14689   12.000    4.500   70.000     -150.5514123
   14690   12.000    4.500   80.000     -150.5514110
   14691   12.000    4.500   90.000     -150.5514104
   14692   12.000    4.500  100.000     -150.5514101
   14693   12.000    4.500  110.000     -150.5514105
   14694   12.000    4.500  120.000     -150.5514098
   14695   12.000    4.500  130.000     -150.5514100
   14696   12.000    4.500  140.000     -150.5514108
   14697   12.000    4.500  150.000     -150.5514100
   14698   12.000    4.500  160.000     -150.5514105
   14699   12.000    4.500  170.000     -150.5514107
   14700   12.000    4.500  179.990     -150.5514113
       0    0.000    0.000    0.000        0.0000000
   14701   12.000    5.000    0.010     -150.5482454
   14702   12.000    5.000   10.000     -150.5482434
   14703   12.000    5.000   30.000     -150.5482176
   14704   12.000    5.000   40.000     -150.5482034
   14705   12.000    5.000   50.000     -150.5481928
   14706   12.000    5.000   60.000     -150.5481863
   14707   12.000    5.000   70.000     -150.5481827
   14708   12.000    5.000   80.000     -150.5481808
   14709   12.000    5.000   90.000     -150.5481798
   14710   12.000    5.000  100.000     -150.5481792
   14711   12.000    5.000  110.000     -150.5481789
   14712   12.000    5.000  120.000     -150.5481786
   14713   12.000    5.000  130.000     -150.5481785
   14714   12.000    5.000  140.000     -150.5481786
   14715   12.000    5.000  150.000     -150.5481784
   14716   12.000    5.000  160.000     -150.5481786
   14717   12.000    5.000  170.000     -150.5481786
   14718   12.000    5.000  179.990     -150.5481787
       0    0.000    0.000    0.000        0.0000000
   14719   12.000    6.000    0.010     -150.5463011
   14720   12.000    6.000   10.000     -150.5462833
   14721   12.000    6.000   30.000     -150.5462441
   14722   12.000    6.000   40.000     -150.5462214
   14723   12.000    6.000   50.000     -150.5462044
   14724   12.000    6.000   60.000     -150.5461947
   14725   12.000    6.000   70.000     -150.5461899
   14726   12.000    6.000   80.000     -150.5461876
   14727   12.000    6.000   90.000     -150.5461864
   14728   12.000    6.000  100.000     -150.5461857
   14729   12.000    6.000  110.000     -150.5461853
   14730   12.000    6.000  120.000     -150.5461851
   14731   12.000    6.000  130.000     -150.5461849
   14732   12.000    6.000  140.000     -150.5461849
   14733   12.000    6.000  150.000     -150.5461850
   14734   12.000    6.000  160.000     -150.5461849
   14735   12.000    6.000  170.000     -150.5461850
   14736   12.000    6.000  179.990     -150.5461857
       0    0.000    0.000    0.000        0.0000000
   14737   12.000    7.000    0.010     -150.5482454
   14738   12.000    7.000   10.000     -150.5473959
   14739   12.000    7.000   20.000     -150.5463085
   14740   12.000    7.000   30.000     -150.5458974
   14741   12.000    7.000   31.000     -150.5458722
   14742   12.000    7.000   70.000     -150.5457854
   14743   12.000    7.000   80.000     -150.5457873
   14744   12.000    7.000   90.000     -150.5457663
   14745   12.000    7.000  100.000     -150.5457318
   14746   12.000    7.000  110.000     -150.5457290
   14747   12.000    7.000  120.000     -150.5457652
   14748   12.000    7.000  130.000     -150.5457652
   14749   12.000    7.000  140.000     -150.5457755
   14750   12.000    7.000  150.000     -150.5457772
   14751   12.000    7.000  160.000     -150.5457536
   14752   12.000    7.000  170.000     -150.5457802
   14753   12.000    7.000  179.990     -150.5457654
       0    0.000    0.000    0.000        0.0000000
   14754   12.000    8.000    0.010     -150.5591776
   14755   12.000    8.000   10.000     -150.5530986
   14756   12.000    8.000   20.000     -150.5473561
   14757   12.000    8.000   30.000     -150.5459983
   14758   12.000    8.000   40.000     -150.5457473
   14759   12.000    8.000   41.410     -150.5457381
   14760   12.000    8.000   70.000     -150.5456852
   14761   12.000    8.000   80.000     -150.5456853
   14762   12.000    8.000   90.000     -150.5456572
   14763   12.000    8.000  100.000     -150.5456832
   14764   12.000    8.000  110.000     -150.5456826
   14765   12.000    8.000  120.000     -150.5456636
   14766   12.000    8.000  130.000     -150.5456636
   14767   12.000    8.000  140.000     -150.5456748
   14768   12.000    8.000  150.000     -150.5456803
   14769   12.000    8.000  160.000     -150.5456624
   14770   12.000    8.000  170.000     -150.5456534
   14771   12.000    8.000  179.990     -150.5456639
       0    0.000    0.000    0.000        0.0000000
   14772   12.000   10.000   30.000     -150.5461873
   14773   12.000   10.000   50.000     -150.5456458
   14774   12.000   10.000   53.130     -150.5456492
   14775   12.000   10.000   60.000     -150.5456369
   14776   12.000   10.000   70.000     -150.5456348
   14777   12.000   10.000   80.000     -150.5456396
   14778   12.000   10.000   90.000     -150.5456274
   14779   12.000   10.000  100.000     -150.5456332
   14780   12.000   10.000  110.000     -150.5456157
   14781   12.000   10.000  120.000     -150.5456175
   14782   12.000   10.000  130.000     -150.5456239
   14783   12.000   10.000  140.000     -150.5456171
   14784   12.000   10.000  150.000     -150.5456179
   14785   12.000   10.000  160.000     -150.5456198
   14786   12.000   10.000  170.000     -150.5456214
   14787   12.000   10.000  179.990     -150.5456288
       0    0.000    0.000    0.000        0.0000000
   14788   12.000   12.000   50.000     -150.5456269
   14789   12.000   12.000   60.000     -150.5456325
   14790   12.000   12.000   70.000     -150.5456161
   14791   12.000   12.000   80.000     -150.5456383
   14792   12.000   12.000   90.000     -150.5456506
   14793   12.000   12.000  100.000     -150.5456162
   14794   12.000   12.000  110.000     -150.5456102
   14795   12.000   12.000  120.000     -150.5455999
   14796   12.000   12.000  130.000     -150.5456385
   14797   12.000   12.000  140.000     -150.5456140
   14798   12.000   12.000  150.000     -150.5455976
   14799   12.000   12.000  160.000     -150.5456180
   14800   12.000   12.000  170.000     -150.5456380
   14801   12.000   12.000  179.990     -150.5456182
       0    0.000    0.000    0.000        0.0000000
   14802   12.000   15.000   50.000     -150.5456164
   14803   12.000   15.000   66.420     -150.5456345
   14804   12.000   15.000   80.000     -150.5456152
   14805   12.000   15.000   90.000     -150.5456148
   14806   12.000   15.000  100.000     -150.5456124
   14807   12.000   15.000  110.000     -150.5456284
   14808   12.000   15.000  120.000     -150.5456118
   14809   12.000   15.000  130.000     -150.5456116
   14810   12.000   15.000  140.000     -150.5456106
   14811   12.000   15.000  150.000     -150.5456140
   14812   12.000   15.000  160.000     -150.5456124
   14813   12.000   15.000  170.000     -150.5456341
   14814   12.000   15.000  179.990     -150.5456147
       0    0.000    0.000    0.000        0.0000000
   14815   15.000    1.200    0.010     -150.4671163
   14816   15.000    1.200   10.000     -150.4671155
   14817   15.000    1.200   20.000     -150.4671138
   14818   15.000    1.200   30.000     -150.4671107
   14819   15.000    1.200   40.000     -150.4671072
   14820   15.000    1.200   50.000     -150.4671032
   14821   15.000    1.200   60.000     -150.4670996
   14822   15.000    1.200   70.000     -150.4670962
   14823   15.000    1.200   90.000     -150.4670918
   14824   15.000    1.200  110.000     -150.4670908
   14825   15.000    1.200  130.000     -150.4670903
   14826   15.000    1.200  140.000     -150.4670903
   14827   15.000    1.200  150.000     -150.4670903
   14828   15.000    1.200  160.000     -150.4670903
   14829   15.000    1.200  170.000     -150.4670904
   14830   15.000    1.200  179.990     -150.4670906
       0    0.000    0.000    0.000        0.0000000
   14831   15.000    1.400    0.010     -150.6307736
   14832   15.000    1.400   10.000     -150.6307728
   14833   15.000    1.400   20.000     -150.6307707
   14834   15.000    1.400   30.000     -150.6307673
   14835   15.000    1.400   40.000     -150.6307632
   14836   15.000    1.400   50.000     -150.6307588
   14837   15.000    1.400   60.000     -150.6307548
   14838   15.000    1.400   70.000     -150.6307510
   14839   15.000    1.400   80.000     -150.6307482
   14840   15.000    1.400   90.000     -150.6307463
   14841   15.000    1.400  110.000     -150.6307450
   14842   15.000    1.400  130.000     -150.6307445
   14843   15.000    1.400  140.000     -150.6307445
   14844   15.000    1.400  150.000     -150.6307445
   14845   15.000    1.400  160.000     -150.6307445
   14846   15.000    1.400  170.000     -150.6307444
   14847   15.000    1.400  179.990     -150.6307444
       0    0.000    0.000    0.000        0.0000000
   14848   15.000    1.600    0.010     -150.6967561
   14849   15.000    1.600   10.000     -150.6967552
   14850   15.000    1.600   20.000     -150.6967527
   14851   15.000    1.600   30.000     -150.6967490
   14852   15.000    1.600   40.000     -150.6967444
   14853   15.000    1.600   50.000     -150.6967394
   14854   15.000    1.600   60.000     -150.6967349
   14855   15.000    1.600   70.000     -150.6967308
   14856   15.000    1.600   80.000     -150.6967277
   14857   15.000    1.600   90.000     -150.6967255
   14858   15.000    1.600  110.000     -150.6967240
   14859   15.000    1.600  130.000     -150.6967236
   14860   15.000    1.600  140.000     -150.6967235
   14861   15.000    1.600  150.000     -150.6967234
   14862   15.000    1.600  160.000     -150.6967234
   14863   15.000    1.600  170.000     -150.6967234
   14864   15.000    1.600  179.990     -150.6967234
       0    0.000    0.000    0.000        0.0000000
   14865   15.000    1.700    0.010     -150.7097890
   14866   15.000    1.700   10.000     -150.7097879
   14867   15.000    1.700   20.000     -150.7097853
   14868   15.000    1.700   30.000     -150.7097814
   14869   15.000    1.700   40.000     -150.7097765
   14870   15.000    1.700   50.000     -150.7097712
   14871   15.000    1.700   60.000     -150.7097664
   14872   15.000    1.700   70.000     -150.7097621
   14873   15.000    1.700   80.000     -150.7097589
   14874   15.000    1.700   90.000     -150.7097567
   14875   15.000    1.700  110.000     -150.7097548
   14876   15.000    1.700  130.000     -150.7097546
   14877   15.000    1.700  140.000     -150.7097545
   14878   15.000    1.700  150.000     -150.7097544
   14879   15.000    1.700  160.000     -150.7097544
   14880   15.000    1.700  170.000     -150.7097543
   14881   15.000    1.700  179.990     -150.7097543
       0    0.000    0.000    0.000        0.0000000
   14882   15.000    1.800    0.010     -150.7146395
   14883   15.000    1.800   10.000     -150.7146384
   14884   15.000    1.800   20.000     -150.7146355
   14885   15.000    1.800   30.000     -150.7146309
   14886   15.000    1.800   40.000     -150.7146261
   14887   15.000    1.800   50.000     -150.7146205
   14888   15.000    1.800   60.000     -150.7146155
   14889   15.000    1.800   70.000     -150.7146109
   14890   15.000    1.800   80.000     -150.7146076
   14891   15.000    1.800   90.000     -150.7146052
   14892   15.000    1.800  110.000     -150.7146035
   14893   15.000    1.800  130.000     -150.7146031
   14894   15.000    1.800  140.000     -150.7146032
   14895   15.000    1.800  150.000     -150.7146030
   14896   15.000    1.800  160.000     -150.7146029
   14897   15.000    1.800  170.000     -150.7146029
   14898   15.000    1.800  179.990     -150.7146029
       0    0.000    0.000    0.000        0.0000000
   14899   15.000    1.850    0.010     -150.7147968
   14900   15.000    1.850   10.000     -150.7147957
   14901   15.000    1.850   20.000     -150.7147924
   14902   15.000    1.850   30.000     -150.7147885
   14903   15.000    1.850   40.000     -150.7147825
   14904   15.000    1.850   50.000     -150.7147771
   14905   15.000    1.850   60.000     -150.7147721
   14906   15.000    1.850   70.000     -150.7147670
   14907   15.000    1.850   80.000     -150.7147641
   14908   15.000    1.850   90.000     -150.7147617
   14909   15.000    1.850  110.000     -150.7147598
   14910   15.000    1.850  120.000     -150.7147597
   14911   15.000    1.850  130.000     -150.7147596
   14912   15.000    1.850  140.000     -150.7147595
   14913   15.000    1.850  150.000     -150.7147594
   14914   15.000    1.850  160.000     -150.7147594
   14915   15.000    1.850  170.000     -150.7147593
   14916   15.000    1.850  179.990     -150.7147593
       0    0.000    0.000    0.000        0.0000000
   14917   15.000    1.900    0.010     -150.7137732
   14918   15.000    1.900   10.000     -150.7137720
   14919   15.000    1.900   20.000     -150.7137689
   14920   15.000    1.900   30.000     -150.7137640
   14921   15.000    1.900   40.000     -150.7137583
   14922   15.000    1.900   50.000     -150.7137532
   14923   15.000    1.900   60.000     -150.7137478
   14924   15.000    1.900   70.000     -150.7137431
   14925   15.000    1.900   80.000     -150.7137396
   14926   15.000    1.900   90.000     -150.7137372
   14927   15.000    1.900  110.000     -150.7137352
   14928   15.000    1.900  130.000     -150.7137351
   14929   15.000    1.900  140.000     -150.7137349
   14930   15.000    1.900  150.000     -150.7137349
   14931   15.000    1.900  160.000     -150.7137348
   14932   15.000    1.900  170.000     -150.7137348
   14933   15.000    1.900  179.990     -150.7137348
       0    0.000    0.000    0.000        0.0000000
   14934   15.000    2.000    0.010     -150.7089612
   14935   15.000    2.000   10.000     -150.7089599
   14936   15.000    2.000   20.000     -150.7089564
   14937   15.000    2.000   30.000     -150.7089514
   14938   15.000    2.000   40.000     -150.7089464
   14939   15.000    2.000   50.000     -150.7089401
   14940   15.000    2.000   60.000     -150.7089346
   14941   15.000    2.000   70.000     -150.7089297
   14942   15.000    2.000   80.000     -150.7089260
   14943   15.000    2.000   90.000     -150.7089235
   14944   15.000    2.000  110.000     -150.7089213
   14945   15.000    2.000  130.000     -150.7089214
   14946   15.000    2.000  140.000     -150.7089213
   14947   15.000    2.000  150.000     -150.7089212
   14948   15.000    2.000  160.000     -150.7089211
   14949   15.000    2.000  170.000     -150.7089211
   14950   15.000    2.000  179.990     -150.7089211
       0    0.000    0.000    0.000        0.0000000
   14951   15.000    2.100    0.010     -150.7014903
   14952   15.000    2.100   10.000     -150.7014890
   14953   15.000    2.100   20.000     -150.7014854
   14954   15.000    2.100   30.000     -150.7014811
   14955   15.000    2.100   40.000     -150.7014749
   14956   15.000    2.100   50.000     -150.7014684
   14957   15.000    2.100   60.000     -150.7014623
   14958   15.000    2.100   70.000     -150.7014574
   14959   15.000    2.100   80.000     -150.7014534
   14960   15.000    2.100   90.000     -150.7014510
   14961   15.000    2.100  110.000     -150.7014496
   14962   15.000    2.100  130.000     -150.7014491
   14963   15.000    2.100  140.000     -150.7014489
   14964   15.000    2.100  150.000     -150.7014488
   14965   15.000    2.100  160.000     -150.7014487
   14966   15.000    2.100  170.000     -150.7014486
   14967   15.000    2.100  179.990     -150.7014486
       0    0.000    0.000    0.000        0.0000000
   14968   15.000    2.300    0.010     -150.6820812
   14969   15.000    2.300   10.000     -150.6820798
   14970   15.000    2.300   30.000     -150.6820721
   14971   15.000    2.300   40.000     -150.6820651
   14972   15.000    2.300   50.000     -150.6820579
   14973   15.000    2.300   60.000     -150.6820515
   14974   15.000    2.300   70.000     -150.6820460
   14975   15.000    2.300   80.000     -150.6820435
   14976   15.000    2.300   90.000     -150.6820420
   14977   15.000    2.300  100.000     -150.6820405
   14978   15.000    2.300  120.000     -150.6820390
   14979   15.000    2.300  130.000     -150.6820384
   14980   15.000    2.300  140.000     -150.6820380
   14981   15.000    2.300  150.000     -150.6820378
   14982   15.000    2.300  160.000     -150.6820376
   14983   15.000    2.300  170.000     -150.6820375
   14984   15.000    2.300  179.990     -150.6820375
       0    0.000    0.000    0.000        0.0000000
   14985   15.000    2.500    0.010     -150.6604179
   14986   15.000    2.500   10.000     -150.6604163
   14987   15.000    2.500   20.000     -150.6604138
   14988   15.000    2.500   30.000     -150.6604088
   14989   15.000    2.500   40.000     -150.6604013
   14990   15.000    2.500   50.000     -150.6603933
   14991   15.000    2.500   60.000     -150.6603862
   14992   15.000    2.500   70.000     -150.6603812
   14993   15.000    2.500   80.000     -150.6603794
   14994   15.000    2.500   90.000     -150.6603783
   14995   15.000    2.500  100.000     -150.6603769
   14996   15.000    2.500  120.000     -150.6603750
   14997   15.000    2.500  130.000     -150.6603744
   14998   15.000    2.500  140.000     -150.6603740
   14999   15.000    2.500  150.000     -150.6603736
   15000   15.000    2.500  160.000     -150.6603733
   15001   15.000    2.500  170.000     -150.6603732
   15002   15.000    2.500  179.990     -150.6603731
       0    0.000    0.000    0.000        0.0000000
   15003   15.000    2.700    0.010     -150.6390951
   15004   15.000    2.700   10.000     -150.6390932
   15005   15.000    2.700   20.000     -150.6390880
   15006   15.000    2.700   30.000     -150.6390809
   15007   15.000    2.700   40.000     -150.6390728
   15008   15.000    2.700   50.000     -150.6390649
   15009   15.000    2.700   60.000     -150.6390615
   15010   15.000    2.700   70.000     -150.6390592
   15011   15.000    2.700   80.000     -150.6390578
   15012   15.000    2.700   90.000     -150.6390563
   15013   15.000    2.700  100.000     -150.6390547
   15014   15.000    2.700  120.000     -150.6390527
   15015   15.000    2.700  130.000     -150.6390520
   15016   15.000    2.700  140.000     -150.6390514
   15017   15.000    2.700  150.000     -150.6390510
   15018   15.000    2.700  170.000     -150.6390504
   15019   15.000    2.700  179.990     -150.6390502
       0    0.000    0.000    0.000        0.0000000
   15020   15.000    2.850    0.010     -150.6242001
   15021   15.000    2.850   10.000     -150.6241982
   15022   15.000    2.850   20.000     -150.6241927
   15023   15.000    2.850   30.000     -150.6241871
   15024   15.000    2.850   40.000     -150.6241815
   15025   15.000    2.850   60.000     -150.6241727
   15026   15.000    2.850   80.000     -150.6241644
   15027   15.000    2.850   90.000     -150.6241617
   15028   15.000    2.850  100.000     -150.6241604
   15029   15.000    2.850  120.000     -150.6241586
   15030   15.000    2.850  130.000     -150.6241577
   15031   15.000    2.850  140.000     -150.6241569
   15032   15.000    2.850  150.000     -150.6241564
   15033   15.000    2.850  160.000     -150.6241559
   15034   15.000    2.850  170.000     -150.6241556
   15035   15.000    2.850  179.990     -150.6241554
       0    0.000    0.000    0.000        0.0000000
   15036   15.000    3.000    0.010     -150.6106429
   15037   15.000    3.000   10.000     -150.6106409
   15038   15.000    3.000   20.000     -150.6106352
   15039   15.000    3.000   40.000     -150.6106234
   15040   15.000    3.000   60.000     -150.6106126
   15041   15.000    3.000   70.000     -150.6106100
   15042   15.000    3.000   80.000     -150.6106082
   15043   15.000    3.000   90.000     -150.6106062
   15044   15.000    3.000  100.000     -150.6106050
   15045   15.000    3.000  110.000     -150.6106037
   15046   15.000    3.000  120.000     -150.6106025
   15047   15.000    3.000  130.000     -150.6106016
   15048   15.000    3.000  150.000     -150.6106001
   15049   15.000    3.000  160.000     -150.6105996
   15050   15.000    3.000  170.000     -150.6105992
   15051   15.000    3.000  179.990     -150.6105989
       0    0.000    0.000    0.000        0.0000000
   15052   15.000    3.100    0.010     -150.6024521
   15053   15.000    3.100   10.000     -150.6024500
   15054   15.000    3.100   40.000     -150.6024338
   15055   15.000    3.100   50.000     -150.6024258
   15056   15.000    3.100   60.000     -150.6024220
   15057   15.000    3.100   80.000     -150.6024181
   15058   15.000    3.100   90.000     -150.6024161
   15059   15.000    3.100  100.000     -150.6024148
   15060   15.000    3.100  110.000     -150.6024136
   15061   15.000    3.100  120.000     -150.6024125
   15062   15.000    3.100  130.000     -150.6024116
   15063   15.000    3.100  140.000     -150.6024107
   15064   15.000    3.100  150.000     -150.6024100
   15065   15.000    3.100  160.000     -150.6024094
   15066   15.000    3.100  170.000     -150.6024090
   15067   15.000    3.100  179.990     -150.6024087
       0    0.000    0.000    0.000        0.0000000
   15068   15.000    3.200    0.010     -150.5949782
   15069   15.000    3.200   10.000     -150.5949762
   15070   15.000    3.200   20.000     -150.5949704
   15071   15.000    3.200   40.000     -150.5949592
   15072   15.000    3.200   50.000     -150.5949536
   15073   15.000    3.200   60.000     -150.5949490
   15074   15.000    3.200   80.000     -150.5949448
   15075   15.000    3.200   90.000     -150.5949429
   15076   15.000    3.200  100.000     -150.5949415
   15077   15.000    3.200  110.000     -150.5949403
   15078   15.000    3.200  120.000     -150.5949393
   15079   15.000    3.200  130.000     -150.5949383
   15080   15.000    3.200  140.000     -150.5949374
   15081   15.000    3.200  150.000     -150.5949366
   15082   15.000    3.200  160.000     -150.5949359
   15083   15.000    3.200  170.000     -150.5949356
   15084   15.000    3.200  179.990     -150.5949354
       0    0.000    0.000    0.000        0.0000000
   15085   15.000    3.300    0.010     -150.5881499
   15086   15.000    3.300   10.000     -150.5881507
   15087   15.000    3.300   20.000     -150.5881522
   15088   15.000    3.300   30.000     -150.5881546
   15089   15.000    3.300   40.000     -150.5881575
   15090   15.000    3.300   50.000     -150.5881606
   15091   15.000    3.300   60.000     -150.5881635
   15092   15.000    3.300   70.000     -150.5881661
   15093   15.000    3.300   80.000     -150.5881683
   15094   15.000    3.300   90.000     -150.5881702
   15095   15.000    3.300  100.000     -150.5881718
   15096   15.000    3.300  110.000     -150.5881730
   15097   15.000    3.300  120.000     -150.5881741
   15098   15.000    3.300  130.000     -150.5881750
   15099   15.000    3.300  140.000     -150.5881757
   15100   15.000    3.300  150.000     -150.5881763
   15101   15.000    3.300  160.000     -150.5881766
   15102   15.000    3.300  170.000     -150.5881769
   15103   15.000    3.300  179.990     -150.5881770
       0    0.000    0.000    0.000        0.0000000
   15104   15.000    3.400    0.010     -150.5821304
   15105   15.000    3.400   10.000     -150.5821308
   15106   15.000    3.400   20.000     -150.5821322
   15107   15.000    3.400   30.000     -150.5821344
   15108   15.000    3.400   40.000     -150.5821370
   15109   15.000    3.400   50.000     -150.5821399
   15110   15.000    3.400   60.000     -150.5821425
   15111   15.000    3.400   70.000     -150.5821448
   15112   15.000    3.400   80.000     -150.5821469
   15113   15.000    3.400   90.000     -150.5821485
   15114   15.000    3.400  100.000     -150.5821499
   15115   15.000    3.400  110.000     -150.5821510
   15116   15.000    3.400  120.000     -150.5821520
   15117   15.000    3.400  130.000     -150.5821527
   15118   15.000    3.400  140.000     -150.5821533
   15119   15.000    3.400  150.000     -150.5821538
   15120   15.000    3.400  160.000     -150.5821540
   15121   15.000    3.400  170.000     -150.5821543
   15122   15.000    3.400  179.990     -150.5821544
       0    0.000    0.000    0.000        0.0000000
   15123   15.000    3.500    0.010     -150.5768107
   15124   15.000    3.500   10.000     -150.5768110
   15125   15.000    3.500   20.000     -150.5768122
   15126   15.000    3.500   30.000     -150.5768142
   15127   15.000    3.500   40.000     -150.5768166
   15128   15.000    3.500   50.000     -150.5768191
   15129   15.000    3.500   60.000     -150.5768214
   15130   15.000    3.500   70.000     -150.5768235
   15131   15.000    3.500   80.000     -150.5768251
   15132   15.000    3.500   90.000     -150.5768267
   15133   15.000    3.500  100.000     -150.5768279
   15134   15.000    3.500  110.000     -150.5768288
   15135   15.000    3.500  120.000     -150.5768296
   15136   15.000    3.500  130.000     -150.5768303
   15137   15.000    3.500  140.000     -150.5768308
   15138   15.000    3.500  150.000     -150.5768313
   15139   15.000    3.500  160.000     -150.5768315
   15140   15.000    3.500  170.000     -150.5768317
   15141   15.000    3.500  179.990     -150.5768318
       0    0.000    0.000    0.000        0.0000000
   15142   15.000    3.600    0.010     -150.5721554
   15143   15.000    3.600   10.000     -150.5721557
   15144   15.000    3.600   20.000     -150.5721567
   15145   15.000    3.600   30.000     -150.5721584
   15146   15.000    3.600   40.000     -150.5721605
   15147   15.000    3.600   50.000     -150.5721627
   15148   15.000    3.600   60.000     -150.5721647
   15149   15.000    3.600   70.000     -150.5721665
   15150   15.000    3.600   80.000     -150.5721680
   15151   15.000    3.600   90.000     -150.5721693
   15152   15.000    3.600  100.000     -150.5721703
   15153   15.000    3.600  110.000     -150.5721711
   15154   15.000    3.600  120.000     -150.5721718
   15155   15.000    3.600  130.000     -150.5721724
   15156   15.000    3.600  140.000     -150.5721728
   15157   15.000    3.600  150.000     -150.5721731
   15158   15.000    3.600  160.000     -150.5721734
   15159   15.000    3.600  170.000     -150.5721735
   15160   15.000    3.600  179.990     -150.5721736
       0    0.000    0.000    0.000        0.0000000
   15161   15.000    3.800   10.000     -150.5646462
   15162   15.000    3.800   20.000     -150.5646468
   15163   15.000    3.800   30.000     -150.5646479
   15164   15.000    3.800   40.000     -150.5646494
   15165   15.000    3.800   50.000     -150.5646509
   15166   15.000    3.800   60.000     -150.5646523
   15167   15.000    3.800   70.000     -150.5646536
   15168   15.000    3.800   80.000     -150.5646546
   15169   15.000    3.800   90.000     -150.5646555
   15170   15.000    3.800  100.000     -150.5646562
   15171   15.000    3.800  110.000     -150.5646568
   15172   15.000    3.800  120.000     -150.5646573
   15173   15.000    3.800  130.000     -150.5646576
   15174   15.000    3.800  140.000     -150.5646580
   15175   15.000    3.800  150.000     -150.5646582
   15176   15.000    3.800  160.000     -150.5646583
   15177   15.000    3.800  170.000     -150.5646585
   15178   15.000    3.800  179.990     -150.5646585
       0    0.000    0.000    0.000        0.0000000
   15179   15.000    4.000   10.000     -150.5591623
   15180   15.000    4.000   20.000     -150.5591624
   15181   15.000    4.000   30.000     -150.5591628
   15182   15.000    4.000   40.000     -150.5591636
   15183   15.000    4.000   50.000     -150.5591645
   15184   15.000    4.000   60.000     -150.5591654
   15185   15.000    4.000   70.000     -150.5591661
   15186   15.000    4.000   80.000     -150.5591668
   15187   15.000    4.000   90.000     -150.5591673
   15188   15.000    4.000  100.000     -150.5591678
   15189   15.000    4.000  110.000     -150.5591682
   15190   15.000    4.000  120.000     -150.5591684
   15191   15.000    4.000  130.000     -150.5591687
   15192   15.000    4.000  140.000     -150.5591689
   15193   15.000    4.000  150.000     -150.5591690
   15194   15.000    4.000  160.000     -150.5591692
   15195   15.000    4.000  170.000     -150.5591693
   15196   15.000    4.000  179.990     -150.5591693
       0    0.000    0.000    0.000        0.0000000
   15197   15.000    4.500    0.010     -150.5514739
   15198   15.000    4.500   10.000     -150.5513738
   15199   15.000    4.500   20.000     -150.5513722
   15200   15.000    4.500   30.000     -150.5514104
   15201   15.000    4.500   40.000     -150.5514092
   15202   15.000    4.500   50.000     -150.5514086
   15203   15.000    4.500   60.000     -150.5514082
   15204   15.000    4.500   70.000     -150.5514079
   15205   15.000    4.500   80.000     -150.5514078
   15206   15.000    4.500   90.000     -150.5514056
   15207   15.000    4.500  100.000     -150.5514067
   15208   15.000    4.500  110.000     -150.5514067
   15209   15.000    4.500  120.000     -150.5514067
   15210   15.000    4.500  130.000     -150.5514068
   15211   15.000    4.500  140.000     -150.5514076
   15212   15.000    4.500  150.000     -150.5514070
   15213   15.000    4.500  160.000     -150.5514079
   15214   15.000    4.500  170.000     -150.5514107
   15215   15.000    4.500  179.990     -150.5514117
       0    0.000    0.000    0.000        0.0000000
   15216   15.000    5.000    0.010     -150.5481700
   15217   15.000    5.000   10.000     -150.5481692
   15218   15.000    5.000   20.000     -150.5481665
   15219   15.000    5.000   30.000     -150.5481828
   15220   15.000    5.000   40.000     -150.5481804
   15221   15.000    5.000   50.000     -150.5481789
   15222   15.000    5.000   60.000     -150.5481778
   15223   15.000    5.000   70.000     -150.5481772
   15224   15.000    5.000   80.000     -150.5481768
   15225   15.000    5.000  100.000     -150.5481766
   15226   15.000    5.000  110.000     -150.5481765
   15227   15.000    5.000  120.000     -150.5481765
   15228   15.000    5.000  130.000     -150.5481765
   15229   15.000    5.000  140.000     -150.5481766
   15230   15.000    5.000  150.000     -150.5481765
   15231   15.000    5.000  160.000     -150.5481767
   15232   15.000    5.000  170.000     -150.5481618
       0    0.000    0.000    0.000        0.0000000
   15233   15.000    6.000    0.010     -150.5462064
   15234   15.000    6.000   10.000     -150.5462004
   15235   15.000    6.000   20.000     -150.5461949
   15236   15.000    6.000   30.000     -150.5461956
   15237   15.000    6.000   40.000     -150.5461908
   15238   15.000    6.000   50.000     -150.5461878
   15239   15.000    6.000   60.000     -150.5461860
   15240   15.000    6.000   80.000     -150.5461914
   15241   15.000    6.000   90.000     -150.5461851
   15242   15.000    6.000  100.000     -150.5461838
   15243   15.000    6.000  110.000     -150.5461837
   15244   15.000    6.000  120.000     -150.5461837
   15245   15.000    6.000  130.000     -150.5461836
   15246   15.000    6.000  140.000     -150.5461782
   15247   15.000    6.000  150.000     -150.5461836
   15248   15.000    6.000  160.000     -150.5461816
   15249   15.000    6.000  170.000     -150.5461826
   15250   15.000    6.000  179.990     -150.5461847
       0    0.000    0.000    0.000        0.0000000
   15251   15.000    7.000    0.010     -150.5458032
   15252   15.000    7.000   10.000     -150.5457991
   15253   15.000    7.000   30.000     -150.5457906
   15254   15.000    7.000   70.000     -150.5457167
   15255   15.000    7.000   80.000     -150.5457709
   15256   15.000    7.000   90.000     -150.5457646
   15257   15.000    7.000  100.000     -150.5457188
   15258   15.000    7.000  110.000     -150.5457185
   15259   15.000    7.000  120.000     -150.5457567
   15260   15.000    7.000  130.000     -150.5457585
   15261   15.000    7.000  140.000     -150.5457602
   15262   15.000    7.000  150.000     -150.5457663
   15263   15.000    7.000  160.000     -150.5457633
   15264   15.000    7.000  170.000     -150.5457643
   15265   15.000    7.000  179.990     -150.5457642
       0    0.000    0.000    0.000        0.0000000
   15266   15.000    8.000   30.000     -150.5456796
   15267   15.000    8.000   40.000     -150.5456781
   15268   15.000    8.000   50.000     -150.5456682
   15269   15.000    8.000   70.000     -150.5456768
   15270   15.000    8.000   80.000     -150.5456691
   15271   15.000    8.000   90.000     -150.5456629
   15272   15.000    8.000  100.000     -150.5456690
   15273   15.000    8.000  110.000     -150.5456688
   15274   15.000    8.000  120.000     -150.5456626
   15275   15.000    8.000  130.000     -150.5456675
   15276   15.000    8.000  140.000     -150.5456592
   15277   15.000    8.000  150.000     -150.5456683
   15278   15.000    8.000  160.000     -150.5456621
   15279   15.000    8.000  170.000     -150.5456628
   15280   15.000    8.000  179.990     -150.5456626
       0    0.000    0.000    0.000        0.0000000
   15281   15.000   10.000   41.410     -150.5456219
   15282   15.000   10.000   50.000     -150.5456313
   15283   15.000   10.000   60.000     -150.5456268
   15284   15.000   10.000   70.000     -150.5456289
   15285   15.000   10.000   80.000     -150.5456227
   15286   15.000   10.000   90.000     -150.5456243
   15287   15.000   10.000  100.000     -150.5456242
   15288   15.000   10.000  110.000     -150.5456169
   15289   15.000   10.000  120.000     -150.5456172
   15290   15.000   10.000  130.000     -150.5456189
   15291   15.000   10.000  140.000     -150.5456204
   15292   15.000   10.000  150.000     -150.5456178
   15293   15.000   10.000  160.000     -150.5456166
   15294   15.000   10.000  170.000     -150.5456241
   15295   15.000   10.000  179.990     -150.5456160
       0    0.000    0.000    0.000        0.0000000
   15296   15.000   12.000   50.000     -150.5456030
   15297   15.000   12.000   51.320     -150.5456316
   15298   15.000   12.000   60.000     -150.5456256
   15299   15.000   12.000   70.000     -150.5455975
   15300   15.000   12.000   80.000     -150.5456189
   15301   15.000   12.000   90.000     -150.5456163
   15302   15.000   12.000  100.000     -150.5456379
   15303   15.000   12.000  110.000     -150.5456234
   15304   15.000   12.000  120.000     -150.5456218
   15305   15.000   12.000  130.000     -150.5456110
   15306   15.000   12.000  140.000     -150.5456142
   15307   15.000   12.000  150.000     -150.5456141
   15308   15.000   12.000  160.000     -150.5456140
   15309   15.000   12.000  170.000     -150.5456171
   15310   15.000   12.000  179.990     -150.5456172
       0    0.000    0.000    0.000        0.0000000
   15311   15.000   15.000   50.000     -150.5456142
   15312   15.000   15.000   70.000     -150.5456134
   15313   15.000   15.000   80.000     -150.5456139
   15314   15.000   15.000   90.000     -150.5456138
   15315   15.000   15.000  100.000     -150.5456191
   15316   15.000   15.000  110.000     -150.5456198
   15317   15.000   15.000  120.000     -150.5456162
   15318   15.000   15.000  130.000     -150.5456069
   15319   15.000   15.000  140.000     -150.5455959
   15320   15.000   15.000  150.000     -150.5456107
   15321   15.000   15.000  160.000     -150.5456098
   15322   15.000   15.000  170.000     -150.5455956
   15323   15.000   15.000  179.990     -150.5456136
       0    0.000    0.000    0.000        0.0000000
   15324   20.000    1.200    0.010     -150.4670872
   15325   20.000    1.200   10.000     -150.4670869
   15326   20.000    1.200   20.000     -150.4670864
   15327   20.000    1.200   30.000     -150.4670856
   15328   20.000    1.200   40.000     -150.4670845
   15329   20.000    1.200   50.000     -150.4670834
   15330   20.000    1.200   60.000     -150.4670824
   15331   20.000    1.200   70.000     -150.4670812
   15332   20.000    1.200   80.000     -150.4670806
   15333   20.000    1.200   90.000     -150.4670800
   15334   20.000    1.200  110.000     -150.4670798
   15335   20.000    1.200  120.000     -150.4670798
   15336   20.000    1.200  130.000     -150.4670799
   15337   20.000    1.200  140.000     -150.4670799
   15338   20.000    1.200  150.000     -150.4670799
   15339   20.000    1.200  160.000     -150.4670799
   15340   20.000    1.200  170.000     -150.4670799
   15341   20.000    1.200  179.990     -150.4670799
       0    0.000    0.000    0.000        0.0000000
   15342   20.000    1.400    0.010     -150.6307418
   15343   20.000    1.400   10.000     -150.6307416
   15344   20.000    1.400   20.000     -150.6307409
   15345   20.000    1.400   30.000     -150.6307401
   15346   20.000    1.400   40.000     -150.6307389
   15347   20.000    1.400   50.000     -150.6307376
   15348   20.000    1.400   60.000     -150.6307365
   15349   20.000    1.400   70.000     -150.6307352
   15350   20.000    1.400   80.000     -150.6307346
   15351   20.000    1.400   90.000     -150.6307342
   15352   20.000    1.400  100.000     -150.6307338
   15353   20.000    1.400  110.000     -150.6307337
   15354   20.000    1.400  120.000     -150.6307337
   15355   20.000    1.400  130.000     -150.6307337
   15356   20.000    1.400  140.000     -150.6307337
   15357   20.000    1.400  150.000     -150.6307338
   15358   20.000    1.400  160.000     -150.6307338
   15359   20.000    1.400  170.000     -150.6307338
   15360   20.000    1.400  179.990     -150.6307338
       0    0.000    0.000    0.000        0.0000000
   15361   20.000    1.600    0.010     -150.6967213
   15362   20.000    1.600   10.000     -150.6967210
   15363   20.000    1.600   20.000     -150.6967203
   15364   20.000    1.600   30.000     -150.6967194
   15365   20.000    1.600   40.000     -150.6967181
   15366   20.000    1.600   50.000     -150.6967167
   15367   20.000    1.600   60.000     -150.6967154
   15368   20.000    1.600   70.000     -150.6967140
   15369   20.000    1.600   80.000     -150.6967133
   15370   20.000    1.600   90.000     -150.6967129
   15371   20.000    1.600  100.000     -150.6967126
   15372   20.000    1.600  110.000     -150.6967124
   15373   20.000    1.600  120.000     -150.6967123
   15374   20.000    1.600  130.000     -150.6967123
   15375   20.000    1.600  140.000     -150.6967123
   15376   20.000    1.600  150.000     -150.6967123
   15377   20.000    1.600  160.000     -150.6967123
   15378   20.000    1.600  170.000     -150.6967123
   15379   20.000    1.600  179.990     -150.6967123
       0    0.000    0.000    0.000        0.0000000
   15380   20.000    1.700    0.010     -150.7097525
   15381   20.000    1.700   10.000     -150.7097522
   15382   20.000    1.700   20.000     -150.7097515
   15383   20.000    1.700   30.000     -150.7097504
   15384   20.000    1.700   40.000     -150.7097491
   15385   20.000    1.700   50.000     -150.7097476
   15386   20.000    1.700   60.000     -150.7097463
   15387   20.000    1.700   70.000     -150.7097449
   15388   20.000    1.700   80.000     -150.7097441
   15389   20.000    1.700   90.000     -150.7097437
   15390   20.000    1.700  100.000     -150.7097434
   15391   20.000    1.700  110.000     -150.7097431
   15392   20.000    1.700  120.000     -150.7097430
   15393   20.000    1.700  130.000     -150.7097430
   15394   20.000    1.700  140.000     -150.7097430
   15395   20.000    1.700  150.000     -150.7097430
   15396   20.000    1.700  160.000     -150.7097430
   15397   20.000    1.700  170.000     -150.7097430
   15398   20.000    1.700  179.990     -150.7097430
       0    0.000    0.000    0.000        0.0000000
   15399   20.000    1.800    0.010     -150.7146011
   15400   20.000    1.800   10.000     -150.7146009
   15401   20.000    1.800   20.000     -150.7146001
   15402   20.000    1.800   30.000     -150.7145990
   15403   20.000    1.800   40.000     -150.7145975
   15404   20.000    1.800   50.000     -150.7145958
   15405   20.000    1.800   60.000     -150.7145945
   15406   20.000    1.800   70.000     -150.7145931
   15407   20.000    1.800   80.000     -150.7145923
   15408   20.000    1.800   90.000     -150.7145919
   15409   20.000    1.800  100.000     -150.7145916
   15410   20.000    1.800  110.000     -150.7145913
   15411   20.000    1.800  120.000     -150.7145912
   15412   20.000    1.800  130.000     -150.7145912
   15413   20.000    1.800  140.000     -150.7145912
   15414   20.000    1.800  150.000     -150.7145912
   15415   20.000    1.800  160.000     -150.7145912
   15416   20.000    1.800  170.000     -150.7145912
   15417   20.000    1.800  179.990     -150.7145912
       0    0.000    0.000    0.000        0.0000000
   15418   20.000    1.850    0.010     -150.7147576
   15419   20.000    1.850   10.000     -150.7147573
   15420   20.000    1.850   20.000     -150.7147565
   15421   20.000    1.850   30.000     -150.7147554
   15422   20.000    1.850   40.000     -150.7147540
   15423   20.000    1.850   50.000     -150.7147523
   15424   20.000    1.850   60.000     -150.7147508
   15425   20.000    1.850   70.000     -150.7147492
   15426   20.000    1.850   80.000     -150.7147483
   15427   20.000    1.850   90.000     -150.7147478
   15428   20.000    1.850  100.000     -150.7147476
   15429   20.000    1.850  110.000     -150.7147475
   15430   20.000    1.850  120.000     -150.7147474
   15431   20.000    1.850  130.000     -150.7147474
   15432   20.000    1.850  140.000     -150.7147474
   15433   20.000    1.850  150.000     -150.7147474
   15434   20.000    1.850  160.000     -150.7147474
   15435   20.000    1.850  170.000     -150.7147474
   15436   20.000    1.850  179.990     -150.7147474
       0    0.000    0.000    0.000        0.0000000
   15437   20.000    1.900    0.010     -150.7137331
   15438   20.000    1.900   10.000     -150.7137328
   15439   20.000    1.900   20.000     -150.7137319
   15440   20.000    1.900   30.000     -150.7137308
   15441   20.000    1.900   40.000     -150.7137293
   15442   20.000    1.900   50.000     -150.7137277
   15443   20.000    1.900   60.000     -150.7137262
   15444   20.000    1.900   70.000     -150.7137246
   15445   20.000    1.900   80.000     -150.7137237
   15446   20.000    1.900   90.000     -150.7137231
   15447   20.000    1.900  100.000     -150.7137228
   15448   20.000    1.900  110.000     -150.7137226
   15449   20.000    1.900  120.000     -150.7137225
   15450   20.000    1.900  130.000     -150.7137225
   15451   20.000    1.900  140.000     -150.7137225
   15452   20.000    1.900  150.000     -150.7137225
   15453   20.000    1.900  160.000     -150.7137225
   15454   20.000    1.900  170.000     -150.7137225
   15455   20.000    1.900  179.990     -150.7137225
       0    0.000    0.000    0.000        0.0000000
   15456   20.000    2.000    0.010     -150.7089193
   15457   20.000    2.000   10.000     -150.7089188
   15458   20.000    2.000   20.000     -150.7089180
   15459   20.000    2.000   30.000     -150.7089168
   15460   20.000    2.000   40.000     -150.7089153
   15461   20.000    2.000   50.000     -150.7089136
   15462   20.000    2.000   60.000     -150.7089122
   15463   20.000    2.000   70.000     -150.7089106
   15464   20.000    2.000   80.000     -150.7089097
   15465   20.000    2.000   90.000     -150.7089092
   15466   20.000    2.000  100.000     -150.7089086
   15467   20.000    2.000  110.000     -150.7089084
   15468   20.000    2.000  120.000     -150.7089082
   15469   20.000    2.000  130.000     -150.7089080
   15470   20.000    2.000  140.000     -150.7089080
   15471   20.000    2.000  150.000     -150.7089080
   15472   20.000    2.000  160.000     -150.7089080
   15473   20.000    2.000  170.000     -150.7089080
   15474   20.000    2.000  179.990     -150.7089080
       0    0.000    0.000    0.000        0.0000000
   15475   20.000    2.100    0.010     -150.7014466
   15476   20.000    2.100   10.000     -150.7014461
   15477   20.000    2.100   20.000     -150.7014453
   15478   20.000    2.100   30.000     -150.7014440
   15479   20.000    2.100   40.000     -150.7014422
   15480   20.000    2.100   50.000     -150.7014404
   15481   20.000    2.100   60.000     -150.7014391
   15482   20.000    2.100   70.000     -150.7014376
   15483   20.000    2.100   80.000     -150.7014367
   15484   20.000    2.100   90.000     -150.7014362
   15485   20.000    2.100  100.000     -150.7014358
   15486   20.000    2.100  110.000     -150.7014354
   15487   20.000    2.100  120.000     -150.7014353
   15488   20.000    2.100  130.000     -150.7014352
   15489   20.000    2.100  140.000     -150.7014351
   15490   20.000    2.100  150.000     -150.7014351
   15491   20.000    2.100  160.000     -150.7014351
   15492   20.000    2.100  170.000     -150.7014351
   15493   20.000    2.100  179.990     -150.7014351
       0    0.000    0.000    0.000        0.0000000
   15494   20.000    2.300    0.010     -150.6820344
   15495   20.000    2.300   10.000     -150.6820341
   15496   20.000    2.300   20.000     -150.6820331
   15497   20.000    2.300   30.000     -150.6820317
   15498   20.000    2.300   40.000     -150.6820300
   15499   20.000    2.300   50.000     -150.6820280
   15500   20.000    2.300   60.000     -150.6820262
   15501   20.000    2.300   70.000     -150.6820244
   15502   20.000    2.300   80.000     -150.6820234
   15503   20.000    2.300   90.000     -150.6820228
   15504   20.000    2.300  110.000     -150.6820224
   15505   20.000    2.300  120.000     -150.6820222
   15506   20.000    2.300  130.000     -150.6820221
   15507   20.000    2.300  140.000     -150.6820221
   15508   20.000    2.300  150.000     -150.6820221
   15509   20.000    2.300  160.000     -150.6820221
   15510   20.000    2.300  170.000     -150.6820221
   15511   20.000    2.300  179.990     -150.6820221
       0    0.000    0.000    0.000        0.0000000
   15512   20.000    2.500    0.010     -150.6603684
   15513   20.000    2.500   10.000     -150.6603680
   15514   20.000    2.500   20.000     -150.6603670
   15515   20.000    2.500   30.000     -150.6603657
   15516   20.000    2.500   40.000     -150.6603637
   15517   20.000    2.500   50.000     -150.6603617
   15518   20.000    2.500   60.000     -150.6603600
   15519   20.000    2.500   70.000     -150.6603582
   15520   20.000    2.500   80.000     -150.6603570
   15521   20.000    2.500   90.000     -150.6603560
   15522   20.000    2.500  110.000     -150.6603556
   15523   20.000    2.500  120.000     -150.6603555
   15524   20.000    2.500  130.000     -150.6603555
   15525   20.000    2.500  140.000     -150.6603554
   15526   20.000    2.500  150.000     -150.6603554
   15527   20.000    2.500  160.000     -150.6603554
   15528   20.000    2.500  170.000     -150.6603553
   15529   20.000    2.500  179.990     -150.6603553
       0    0.000    0.000    0.000        0.0000000
   15530   20.000    2.700    0.010     -150.6390438
   15531   20.000    2.700   10.000     -150.6390434
   15532   20.000    2.700   20.000     -150.6390423
   15533   20.000    2.700   30.000     -150.6390408
   15534   20.000    2.700   40.000     -150.6390389
   15535   20.000    2.700   50.000     -150.6390369
   15536   20.000    2.700   60.000     -150.6390351
   15537   20.000    2.700   70.000     -150.6390334
   15538   20.000    2.700   80.000     -150.6390323
   15539   20.000    2.700   90.000     -150.6390314
   15540   20.000    2.700  110.000     -150.6390306
   15541   20.000    2.700  120.000     -150.6390305
   15542   20.000    2.700  130.000     -150.6390304
   15543   20.000    2.700  140.000     -150.6390304
   15544   20.000    2.700  150.000     -150.6390304
   15545   20.000    2.700  160.000     -150.6390303
   15546   20.000    2.700  170.000     -150.6390303
   15547   20.000    2.700  179.990     -150.6390303
       0    0.000    0.000    0.000        0.0000000
   15548   20.000    2.850    0.010     -150.6241483
   15549   20.000    2.850   10.000     -150.6241479
   15550   20.000    2.850   20.000     -150.6241468
   15551   20.000    2.850   30.000     -150.6241452
   15552   20.000    2.850   40.000     -150.6241433
   15553   20.000    2.850   50.000     -150.6241413
   15554   20.000    2.850   60.000     -150.6241395
   15555   20.000    2.850   70.000     -150.6241378
   15556   20.000    2.850   80.000     -150.6241367
   15557   20.000    2.850   90.000     -150.6241357
   15558   20.000    2.850  110.000     -150.6241353
   15559   20.000    2.850  120.000     -150.6241351
   15560   20.000    2.850  130.000     -150.6241350
   15561   20.000    2.850  140.000     -150.6241349
   15562   20.000    2.850  150.000     -150.6241348
   15563   20.000    2.850  160.000     -150.6241348
   15564   20.000    2.850  170.000     -150.6241347
   15565   20.000    2.850  179.990     -150.6241347
       0    0.000    0.000    0.000        0.0000000
   15566   20.000    3.000    0.010     -150.6105915
   15567   20.000    3.000   10.000     -150.6105910
   15568   20.000    3.000   20.000     -150.6105899
   15569   20.000    3.000   30.000     -150.6105884
   15570   20.000    3.000   40.000     -150.6105864
   15571   20.000    3.000   50.000     -150.6105844
   15572   20.000    3.000   60.000     -150.6105827
   15573   20.000    3.000   70.000     -150.6105809
   15574   20.000    3.000   80.000     -150.6105798
   15575   20.000    3.000   90.000     -150.6105794
   15576   20.000    3.000  110.000     -150.6105787
   15577   20.000    3.000  120.000     -150.6105784
   15578   20.000    3.000  130.000     -150.6105782
   15579   20.000    3.000  140.000     -150.6105781
   15580   20.000    3.000  150.000     -150.6105780
   15581   20.000    3.000  160.000     -150.6105780
   15582   20.000    3.000  170.000     -150.6105780
   15583   20.000    3.000  179.990     -150.6105780
       0    0.000    0.000    0.000        0.0000000
   15584   20.000    3.100    0.010     -150.6024013
   15585   20.000    3.100   10.000     -150.6024008
   15586   20.000    3.100   20.000     -150.6023998
   15587   20.000    3.100   30.000     -150.6023982
   15588   20.000    3.100   40.000     -150.6023963
   15589   20.000    3.100   50.000     -150.6023943
   15590   20.000    3.100   60.000     -150.6023925
   15591   20.000    3.100   70.000     -150.6023910
   15592   20.000    3.100   80.000     -150.6023902
   15593   20.000    3.100   90.000     -150.6023897
   15594   20.000    3.100  100.000     -150.6023893
   15595   20.000    3.100  120.000     -150.6023869
   15596   20.000    3.100  130.000     -150.6023873
   15597   20.000    3.100  140.000     -150.6023876
   15598   20.000    3.100  150.000     -150.6023879
   15599   20.000    3.100  160.000     -150.6023880
   15600   20.000    3.100  170.000     -150.6023881
   15601   20.000    3.100  179.990     -150.6023882
       0    0.000    0.000    0.000        0.0000000
   15602   20.000    3.200    0.010     -150.5949285
   15603   20.000    3.200   10.000     -150.5949280
   15604   20.000    3.200   20.000     -150.5949268
   15605   20.000    3.200   30.000     -150.5949252
   15606   20.000    3.200   40.000     -150.5949233
   15607   20.000    3.200   50.000     -150.5949215
   15608   20.000    3.200   60.000     -150.5949200
   15609   20.000    3.200   70.000     -150.5949188
   15610   20.000    3.200   80.000     -150.5949180
   15611   20.000    3.200   90.000     -150.5949173
   15612   20.000    3.200  110.000     -150.5949166
   15613   20.000    3.200  130.000     -150.5949161
   15614   20.000    3.200  140.000     -150.5949163
   15615   20.000    3.200  150.000     -150.5949166
   15616   20.000    3.200  160.000     -150.5949168
   15617   20.000    3.200  170.000     -150.5949169
   15618   20.000    3.200  179.990     -150.5949170
       0    0.000    0.000    0.000        0.0000000
   15619   20.000    3.300    0.010     -150.5881627
   15620   20.000    3.300   10.000     -150.5881630
   15621   20.000    3.300   20.000     -150.5881635
   15622   20.000    3.300   30.000     -150.5881643
   15623   20.000    3.300   40.000     -150.5881652
   15624   20.000    3.300   50.000     -150.5881661
   15625   20.000    3.300   60.000     -150.5881670
   15626   20.000    3.300   70.000     -150.5881678
   15627   20.000    3.300   80.000     -150.5881686
   15628   20.000    3.300   90.000     -150.5881693
   15629   20.000    3.300  100.000     -150.5881698
   15630   20.000    3.300  110.000     -150.5881703
   15631   20.000    3.300  120.000     -150.5881707
   15632   20.000    3.300  130.000     -150.5881711
   15633   20.000    3.300  140.000     -150.5881713
   15634   20.000    3.300  150.000     -150.5881715
   15635   20.000    3.300  160.000     -150.5881717
   15636   20.000    3.300  170.000     -150.5881718
   15637   20.000    3.300  179.990     -150.5881718
       0    0.000    0.000    0.000        0.0000000
   15638   20.000    3.400    0.010     -150.5821416
   15639   20.000    3.400   10.000     -150.5821417
   15640   20.000    3.400   20.000     -150.5821423
   15641   20.000    3.400   30.000     -150.5821430
   15642   20.000    3.400   40.000     -150.5821438
   15643   20.000    3.400   50.000     -150.5821447
   15644   20.000    3.400   60.000     -150.5821456
   15645   20.000    3.400   70.000     -150.5821464
   15646   20.000    3.400   80.000     -150.5821471
   15647   20.000    3.400   90.000     -150.5821477
   15648   20.000    3.400  100.000     -150.5821482
   15649   20.000    3.400  110.000     -150.5821486
   15650   20.000    3.400  120.000     -150.5821490
   15651   20.000    3.400  130.000     -150.5821493
   15652   20.000    3.400  140.000     -150.5821495
   15653   20.000    3.400  150.000     -150.5821497
   15654   20.000    3.400  160.000     -150.5821498
   15655   20.000    3.400  170.000     -150.5821499
   15656   20.000    3.400  179.990     -150.5821499
       0    0.000    0.000    0.000        0.0000000
   15657   20.000    3.500    0.010     -150.5768204
   15658   20.000    3.500   10.000     -150.5768206
   15659   20.000    3.500   20.000     -150.5768210
   15660   20.000    3.500   30.000     -150.5768217
   15661   20.000    3.500   40.000     -150.5768224
   15662   20.000    3.500   50.000     -150.5768233
   15663   20.000    3.500   60.000     -150.5768240
   15664   20.000    3.500   70.000     -150.5768248
   15665   20.000    3.500   80.000     -150.5768254
   15666   20.000    3.500   90.000     -150.5768259
   15667   20.000    3.500  100.000     -150.5768264
   15668   20.000    3.500  110.000     -150.5768268
   15669   20.000    3.500  120.000     -150.5768271
   15670   20.000    3.500  130.000     -150.5768274
   15671   20.000    3.500  140.000     -150.5768276
   15672   20.000    3.500  150.000     -150.5768277
   15673   20.000    3.500  160.000     -150.5768278
   15674   20.000    3.500  170.000     -150.5768279
   15675   20.000    3.500  179.990     -150.5768279
       0    0.000    0.000    0.000        0.0000000
   15676   20.000    3.600    0.010     -150.5721635
   15677   20.000    3.600   10.000     -150.5721637
   15678   20.000    3.600   20.000     -150.5721641
   15679   20.000    3.600   30.000     -150.5721647
   15680   20.000    3.600   40.000     -150.5721654
   15681   20.000    3.600   50.000     -150.5721661
   15682   20.000    3.600   60.000     -150.5721668
   15683   20.000    3.600   70.000     -150.5721675
   15684   20.000    3.600   80.000     -150.5721680
   15685   20.000    3.600   90.000     -150.5721685
   15686   20.000    3.600  100.000     -150.5721689
   15687   20.000    3.600  110.000     -150.5721692
   15688   20.000    3.600  120.000     -150.5721695
   15689   20.000    3.600  130.000     -150.5721697
   15690   20.000    3.600  140.000     -150.5721699
   15691   20.000    3.600  150.000     -150.5721700
   15692   20.000    3.600  160.000     -150.5721701
   15693   20.000    3.600  170.000     -150.5721702
   15694   20.000    3.600  179.990     -150.5721702
       0    0.000    0.000    0.000        0.0000000
   15695   20.000    3.800    0.010     -150.5646510
   15696   20.000    3.800   10.000     -150.5646511
   15697   20.000    3.800   20.000     -150.5646514
   15698   20.000    3.800   30.000     -150.5646519
   15699   20.000    3.800   40.000     -150.5646524
   15700   20.000    3.800   50.000     -150.5646530
   15701   20.000    3.800   60.000     -150.5646536
   15702   20.000    3.800   70.000     -150.5646541
   15703   20.000    3.800   80.000     -150.5646545
   15704   20.000    3.800   90.000     -150.5646549
   15705   20.000    3.800  100.000     -150.5646552
   15706   20.000    3.800  110.000     -150.5646555
   15707   20.000    3.800  120.000     -150.5646557
   15708   20.000    3.800  130.000     -150.5646558
   15709   20.000    3.800  140.000     -150.5646559
   15710   20.000    3.800  150.000     -150.5646560
   15711   20.000    3.800  160.000     -150.5646560
   15712   20.000    3.800  170.000     -150.5646561
   15713   20.000    3.800  179.990     -150.5646561
       0    0.000    0.000    0.000        0.0000000
   15714   20.000    4.000    0.010     -150.5591639
   15715   20.000    4.000   10.000     -150.5591640
   15716   20.000    4.000   20.000     -150.5591642
   15717   20.000    4.000   30.000     -150.5591646
   15718   20.000    4.000   40.000     -150.5591650
   15719   20.000    4.000   50.000     -150.5591655
   15720   20.000    4.000   60.000     -150.5591659
   15721   20.000    4.000   70.000     -150.5591663
   15722   20.000    4.000   80.000     -150.5591666
   15723   20.000    4.000   90.000     -150.5591668
   15724   20.000    4.000  100.000     -150.5591670
   15725   20.000    4.000  110.000     -150.5591672
   15726   20.000    4.000  120.000     -150.5591674
   15727   20.000    4.000  130.000     -150.5591675
   15728   20.000    4.000  140.000     -150.5591675
   15729   20.000    4.000  150.000     -150.5591676
   15730   20.000    4.000  160.000     -150.5591677
   15731   20.000    4.000  170.000     -150.5591677
   15732   20.000    4.000  179.990     -150.5591677
       0    0.000    0.000    0.000        0.0000000
   15733   20.000    4.500    0.010     -150.5514080
   15734   20.000    4.500   10.000     -150.5514080
   15735   20.000    4.500   20.000     -150.5514080
   15736   20.000    4.500   30.000     -150.5514080
   15737   20.000    4.500   40.000     -150.5514080
   15738   20.000    4.500   50.000     -150.5514080
   15739   20.000    4.500   60.000     -150.5514080
   15740   20.000    4.500   70.000     -150.5514080
   15741   20.000    4.500   80.000     -150.5514080
   15742   20.000    4.500   90.000     -150.5514080
   15743   20.000    4.500  100.000     -150.5514080
   15744   20.000    4.500  110.000     -150.5514080
   15745   20.000    4.500  120.000     -150.5514080
   15746   20.000    4.500  130.000     -150.5514080
   15747   20.000    4.500  140.000     -150.5514080
   15748   20.000    4.500  150.000     -150.5514080
   15749   20.000    4.500  160.000     -150.5514080
   15750   20.000    4.500  170.000     -150.5514080
   15751   20.000    4.500  179.990     -150.5514080
       0    0.000    0.000    0.000        0.0000000
   15752   20.000    5.000   10.000     -150.5481780
   15753   20.000    5.000   20.000     -150.5481780
   15754   20.000    5.000   30.000     -150.5481780
   15755   20.000    5.000   40.000     -150.5481780
   15756   20.000    5.000   50.000     -150.5481780
   15757   20.000    5.000   60.000     -150.5481780
   15758   20.000    5.000   70.000     -150.5481780
   15759   20.000    5.000   80.000     -150.5481780
   15760   20.000    5.000   90.000     -150.5481780
   15761   20.000    5.000  100.000     -150.5481780
   15762   20.000    5.000  110.000     -150.5481780
   15763   20.000    5.000  120.000     -150.5481780
   15764   20.000    5.000  130.000     -150.5481780
   15765   20.000    5.000  140.000     -150.5481780
   15766   20.000    5.000  150.000     -150.5481780
   15767   20.000    5.000  160.000     -150.5481780
   15768   20.000    5.000  170.000     -150.5481780
   15769   20.000    5.000  179.990     -150.5481780
       0    0.000    0.000    0.000        0.0000000
   15770   20.000    6.000   10.000     -150.5461855
   15771   20.000    6.000   20.000     -150.5461855
   15772   20.000    6.000   30.000     -150.5461855
   15773   20.000    6.000   40.000     -150.5461855
   15774   20.000    6.000   50.000     -150.5461855
   15775   20.000    6.000   60.000     -150.5461855
   15776   20.000    6.000   70.000     -150.5461855
   15777   20.000    6.000   80.000     -150.5461855
   15778   20.000    6.000   90.000     -150.5461855
   15779   20.000    6.000  100.000     -150.5461855
   15780   20.000    6.000  110.000     -150.5461855
   15781   20.000    6.000  120.000     -150.5461855
   15782   20.000    6.000  130.000     -150.5461855
   15783   20.000    6.000  140.000     -150.5461855
   15784   20.000    6.000  150.000     -150.5461855
   15785   20.000    6.000  160.000     -150.5461855
   15786   20.000    6.000  170.000     -150.5461855
   15787   20.000    6.000  179.990     -150.5461855
       0    0.000    0.000    0.000        0.0000000
   15788   20.000    7.000   10.000     -150.5457655
   15789   20.000    7.000   20.000     -150.5457655
   15790   20.000    7.000   30.000     -150.5457655
   15791   20.000    7.000   40.000     -150.5457655
   15792   20.000    7.000   50.000     -150.5457655
   15793   20.000    7.000   60.000     -150.5457655
   15794   20.000    7.000   70.000     -150.5457655
   15795   20.000    7.000   80.000     -150.5457655
   15796   20.000    7.000   90.000     -150.5457655
   15797   20.000    7.000  100.000     -150.5457655
   15798   20.000    7.000  110.000     -150.5457655
   15799   20.000    7.000  120.000     -150.5457655
   15800   20.000    7.000  130.000     -150.5457655
   15801   20.000    7.000  140.000     -150.5457655
   15802   20.000    7.000  150.000     -150.5457655
   15803   20.000    7.000  160.000     -150.5457655
   15804   20.000    7.000  170.000     -150.5457655
   15805   20.000    7.000  179.990     -150.5457654
       0    0.000    0.000    0.000        0.0000000
   15806   20.000    8.000   10.000     -150.5456637
   15807   20.000    8.000   20.000     -150.5456637
   15808   20.000    8.000   30.000     -150.5456637
   15809   20.000    8.000   40.000     -150.5456637
   15810   20.000    8.000   50.000     -150.5456637
   15811   20.000    8.000   60.000     -150.5456637
   15812   20.000    8.000   70.000     -150.5456637
   15813   20.000    8.000   80.000     -150.5456637
   15814   20.000    8.000   90.000     -150.5456637
   15815   20.000    8.000  100.000     -150.5456637
   15816   20.000    8.000  110.000     -150.5456637
   15817   20.000    8.000  120.000     -150.5456637
   15818   20.000    8.000  130.000     -150.5456637
   15819   20.000    8.000  140.000     -150.5456637
   15820   20.000    8.000  150.000     -150.5456637
   15821   20.000    8.000  160.000     -150.5456637
   15822   20.000    8.000  170.000     -150.5456637
   15823   20.000    8.000  179.990     -150.5456637
       0    0.000    0.000    0.000        0.0000000
   15824   20.000   10.000   10.000     -150.5456171
   15825   20.000   10.000   20.000     -150.5456171
   15826   20.000   10.000   30.000     -150.5456171
   15827   20.000   10.000   40.000     -150.5456171
   15828   20.000   10.000   50.000     -150.5456171
   15829   20.000   10.000   60.000     -150.5456171
   15830   20.000   10.000   70.000     -150.5456171
   15831   20.000   10.000   80.000     -150.5456171
   15832   20.000   10.000   90.000     -150.5456171
   15833   20.000   10.000  100.000     -150.5456171
   15834   20.000   10.000  110.000     -150.5456171
   15835   20.000   10.000  120.000     -150.5456171
   15836   20.000   10.000  130.000     -150.5456171
   15837   20.000   10.000  140.000     -150.5456171
   15838   20.000   10.000  150.000     -150.5456171
   15839   20.000   10.000  160.000     -150.5456171
   15840   20.000   10.000  170.000     -150.5456171
   15841   20.000   10.000  179.990     -150.5456171
       0    0.000    0.000    0.000        0.0000000
   15842   20.000   12.000   40.000     -150.5456184
   15843   20.000   12.000   50.000     -150.5456184
   15844   20.000   12.000   60.000     -150.5456184
   15845   20.000   12.000   70.000     -150.5456184
   15846   20.000   12.000   80.000     -150.5456184
   15847   20.000   12.000   90.000     -150.5456184
   15848   20.000   12.000  100.000     -150.5456184
   15849   20.000   12.000  110.000     -150.5456184
   15850   20.000   12.000  120.000     -150.5456184
   15851   20.000   12.000  130.000     -150.5456184
   15852   20.000   12.000  140.000     -150.5456184
   15853   20.000   12.000  150.000     -150.5456184
   15854   20.000   12.000  160.000     -150.5456184
   15855   20.000   12.000  170.000     -150.5456184
   15856   20.000   12.000  179.990     -150.5456184
       0    0.000    0.000    0.000        0.0000000
   15857   20.000   15.000   30.000     -150.5456164
   15858   20.000   15.000   50.000     -150.5456164
   15859   20.000   15.000   60.000     -150.5456164
   15860   20.000   15.000   70.000     -150.5456164
   15861   20.000   15.000   80.000     -150.5456164
   15862   20.000   15.000   90.000     -150.5456164
   15863   20.000   15.000  100.000     -150.5456164
   15864   20.000   15.000  110.000     -150.5456164
   15865   20.000   15.000  120.000     -150.5456164
   15866   20.000   15.000  130.000     -150.5456164
   15867   20.000   15.000  140.000     -150.5456164
   15868   20.000   15.000  150.000     -150.5456164
   15869   20.000   15.000  160.000     -150.5456164
   15870   20.000   15.000  170.000     -150.5456164
   15871   20.000   15.000  179.990     -150.5456164
       0    0.000    0.000    0.000        0.0000000
